"current_category";"current_subcategory";"current_subcategory2";"base_item_name";"sample_item_id";"sample_display_name";"corrected_category";"corrected_subcategory";"corrected_subcategory2";"category_sort_order";"subcategory_sort_order";"item_sort_order";"notes"
"Accessories";"";"";"Delivery: Regimental Rings";"QUESTITEM_LIGHT_RINGS";"[T0] Delivery: Regimental Rings";"";"";"";"";"";"";""
"Bags";"";"";"Bag";"T2_BAG";"[T2] Novice's Bag";"";"";"";"";"";"";""
"Bags";"";"";"Satchel of Insight";"T4_BAG_INSIGHT";"[T4] Adept's Satchel of Insight";"";"";"";"";"";"";""
"Capes";"";"";"Alchemist's Backpack";"UNIQUE_CAPE_VANITY_ALCHEMIST";"[T0] Alchemist's Backpack";"";"";"";"";"";"";""
"Capes";"";"";"Anniversary Barbarian's Cape";"UNIQUE_CAPE_VANITY_BARBARIAN_ANNIVERSARY";"[T0] Anniversary Barbarian's Cape";"";"";"";"";"";"";""
"Capes";"";"";"Anniversary Paladin's Cape";"UNIQUE_CAPE_VANITY_PALADIN_ANNIVERSARY";"[T0] Anniversary Paladin's Cape";"";"";"";"";"";"";""
"Capes";"";"";"Anniversary Priest's Cape";"UNIQUE_CAPE_VANITY_PRIEST_HOLY_ANNIVERSARY";"[T0] Anniversary Priest's Cape";"";"";"";"";"";"";""
"Capes";"";"";"Arcanist's Cape";"UNIQUE_CAPE_VANITY_BATTLEMAGE";"[T0] Arcanist's Cape";"";"";"";"";"";"";""
"Capes";"";"";"Arena Gladiator Cape";"UNIQUE_CAPE_VANITY_GLADIATOR_ARENA";"[T0] Arena Gladiator Cape";"";"";"";"";"";"";""
"Capes";"";"";"Arena Veteran's Cape";"UNIQUE_CAPE_VANITY_ARENA_SET_01";"[T0] Arena Veteran's Cape";"";"";"";"";"";"";""
"Capes";"";"";"Arena Veteran's Large Banner";"T8_CAPE_ARENA_BANNER";"[T8] Arena Veteran's Large Banner";"";"";"";"";"";"";""
"Capes";"";"";"Arena Veteran's Medium Banner";"T6_CAPE_ARENA_BANNER";"[T6] Arena Veteran's Medium Banner";"";"";"";"";"";"";""
"Capes";"";"";"Arena Veteran's Small Banner";"T4_CAPE_ARENA_BANNER";"[T4] Arena Veteran's Small Banner";"";"";"";"";"";"";""
"Capes";"";"";"Assassin's Swords";"UNIQUE_CAPE_VANITY_ASSASSIN";"[T0] Assassin's Swords";"";"";"";"";"";"";""
"Capes";"";"";"Avalonian Cape";"T4_CAPEITEM_AVALON";"[T4] Adept's Avalonian Cape";"";"";"";"";"";"";""
"Capes";"";"";"Avalonian Crest";"T4_CAPEITEM_AVALON_BP";"[T4] Adept's Avalonian Crest";"";"";"";"";"";"";""
"Capes";"";"";"Barbarian's Cape";"UNIQUE_CAPE_VANITY_BARBARIAN";"[T0] Barbarian's Cape";"";"";"";"";"";"";""
"Capes";"";"";"Brecilien Cape";"T4_CAPEITEM_FW_BRECILIEN";"[T4] Adept's Brecilien Cape";"";"";"";"";"";"";""
"Capes";"";"";"Brecilien Crest";"T4_CAPEITEM_FW_BRECILIEN_BP";"[T4] Adept's Brecilien Crest";"";"";"";"";"";"";""
"Capes";"";"";"Bridgewatch Cape";"T4_CAPEITEM_FW_BRIDGEWATCH";"[T4] Adept's Bridgewatch Cape";"";"";"";"";"";"";""
"Capes";"";"";"Bridgewatch Crest";"T4_CAPEITEM_FW_BRIDGEWATCH_BP";"[T4] Adept's Bridgewatch Crest";"";"";"";"";"";"";""
"Capes";"";"";"Caerleon Cape";"T4_CAPEITEM_FW_CAERLEON";"[T4] Adept's Caerleon Cape";"";"";"";"";"";"";""
"Capes";"";"";"Caerleon Crest";"T4_CAPEITEM_FW_CAERLEON_BP";"[T4] Adept's Caerleon Crest";"";"";"";"";"";"";""
"Capes";"";"";"Cape";"T2_CAPE";"[T2] Novice's Cape";"";"";"";"";"";"";""
"Capes";"";"";"Champion's Sword and Cape";"UNIQUE_CAPE_VANITY_WARRIOR_KNIGHT";"[T0] Champion's Sword and Cape";"";"";"";"";"";"";""
"Capes";"";"";"Commander's Cape";"UNIQUE_CAPE_VANITY_FW_COMMANDER";"[T0] Commander's Cape";"";"";"";"";"";"";""
"Capes";"";"";"Commander's Heraldic Cape";"UNIQUE_CAPE_VANITY_FW_COMMANDER_GUILD_COLORED";"[T0] Commander's Heraldic Cape";"";"";"";"";"";"";""
"Capes";"";"";"Corrupted Preacher's Cape";"UNIQUE_CAPE_VANITY_CORRUPTED_PREACHER";"[T0] Corrupted Preacher's Cape";"";"";"";"";"";"";""
"Capes";"";"";"Cryomancer's Cape";"UNIQUE_CAPE_VANITY_FROSTMAGE";"[T0] Cryomancer's Cape";"";"";"";"";"";"";""
"Capes";"";"";"Crystal Gladiator Cape";"UNIQUE_CAPE_VANITY_GLADIATOR_CRYSTAL";"[T0] Crystal Gladiator Cape";"";"";"";"";"";"";""
"Capes";"";"";"Decorative Keeper Cloth Cape";"T6_CAPE_CLOTH_KEEPER";"[T6] Decorative Keeper Cloth Cape";"";"";"";"";"";"";""
"Capes";"";"";"Decorative Keeper Leather Cape";"T6_CAPE_LEATHER_KEEPER";"[T6] Decorative Keeper Leather Cape";"";"";"";"";"";"";""
"Capes";"";"";"Decorative Keeper Platemail Cape";"T6_CAPE_PLATE_KEEPER";"[T6] Decorative Keeper Platemail Cape";"";"";"";"";"";"";""
"Capes";"";"";"Decorative Morgana Cloth Cape";"T6_CAPE_CLOTH_MORGANA";"[T6] Decorative Morgana Cloth Cape";"";"";"";"";"";"";""
"Capes";"";"";"Decorative Morgana Leather Cape";"T6_CAPE_LEATHER_MORGANA";"[T6] Decorative Morgana Leather Cape";"";"";"";"";"";"";""
"Capes";"";"";"Decorative Morgana Platemail Cape";"T6_CAPE_PLATE_MORGANA";"[T6] Decorative Morgana Platemail Cape";"";"";"";"";"";"";""
"Capes";"";"";"Decorative Undead Cloth Cape";"T6_CAPE_CLOTH_UNDEAD";"[T6] Decorative Undead Cloth Cape";"";"";"";"";"";"";""
"Capes";"";"";"Decorative Undead Leather Cape";"T6_CAPE_LEATHER_UNDEAD";"[T6] Decorative Undead Leather Cape";"";"";"";"";"";"";""
"Capes";"";"";"Decorative Undead Platemail Cape";"T6_CAPE_PLATE_UNDEAD";"[T6] Decorative Undead Platemail Cape";"";"";"";"";"";"";""
"Capes";"";"";"Demon Cape";"T4_CAPEITEM_DEMON";"[T4] Adept's Demon Cape";"";"";"";"";"";"";""
"Capes";"";"";"Demon Crest";"T4_CAPEITEM_DEMON_BP";"[T4] Adept's Demon Crest";"";"";"";"";"";"";""
"Capes";"";"";"Demon Hunter's Cape";"UNIQUE_CAPE_VANITY_DEMONHUNTER";"[T0] Demon Hunter's Cape";"";"";"";"";"";"";""
"Capes";"";"";"Demonic Warrior's Cape";"UNIQUE_CAPE_VANITY_DEMONICWARRIOR";"[T0] Demonic Warrior's Cape";"";"";"";"";"";"";""
"Capes";"";"";"Druid's Cape";"UNIQUE_CAPE_VANITY_DRUID";"[T0] Druid's Cape";"";"";"";"";"";"";""
"Capes";"";"";"Duelist's Cape";"UNIQUE_CAPE_VANITY_DUELIST";"[T0] Duelist's Cape";"";"";"";"";"";"";""
"Capes";"";"";"Elite Green Knight's Cape";"UNIQUE_CAPE_VANITY_KNIGHT_GREEN_ELITE";"[T0] Elite Green Knight's Cape";"";"";"";"";"";"";""
"Capes";"";"";"Faction Legionnaire's Cape";"UNIQUE_CAPE_VANITY_FW_SOLDIER_PLATE";"[T0] Faction Legionnaire's Cape";"";"";"";"";"";"";""
"Capes";"";"";"Fort Sterling Cape";"T4_CAPEITEM_FW_FORTSTERLING";"[T4] Adept's Fort Sterling Cape";"";"";"";"";"";"";""
"Capes";"";"";"Fort Sterling Crest";"T4_CAPEITEM_FW_FORTSTERLING_BP";"[T4] Adept's Fort Sterling Crest";"";"";"";"";"";"";""
"Capes";"";"";"Frost Knight's Cape";"UNIQUE_CAPE_VANITY_FROSTKNIGHT";"[T0] Frost Knight's Cape";"";"";"";"";"";"";""
"Capes";"";"";"Green Knight's Cape";"UNIQUE_CAPE_VANITY_KNIGHT_GREEN";"[T0] Green Knight's Cape";"";"";"";"";"";"";""
"Capes";"";"";"Groom's Cape";"UNIQUE_CAPE_VANITY_WEDDING_TUXEDO";"[T0] Groom's Cape";"";"";"";"";"";"";""
"Capes";"";"";"Harbinger's Staff and Cape";"UNIQUE_CAPE_VANITY_DARK_SORCERER";"[T0] Harbinger's Staff and Cape";"";"";"";"";"";"";""
"Capes";"";"";"Heretic Cape";"T4_CAPEITEM_HERETIC";"[T4] Adept's Heretic Cape";"";"";"";"";"";"";""
"Capes";"";"";"Heretic Crest";"T4_CAPEITEM_HERETIC_BP";"[T4] Adept's Heretic Crest";"";"";"";"";"";"";""
"Capes";"";"";"Hyena Cape";"UNIQUE_CAPE_VANITY_HYENA";"[T0] Hyena Cape";"";"";"";"";"";"";""
"Capes";"";"";"Keeper Cape";"T4_CAPEITEM_KEEPER";"[T4] Adept's Keeper Cape";"";"";"";"";"";"";""
"Capes";"";"";"Keeper Crest";"T4_CAPEITEM_KEEPER_BP";"[T4] Adept's Keeper Crest";"";"";"";"";"";"";""
"Capes";"";"";"Keeper of Souls Cape";"UNIQUE_CAPE_VANITY_SOULKEEPER";"[T0] Keeper of Souls Cape";"";"";"";"";"";"";""
"Capes";"";"";"Knight Adventurer's Cape";"UNIQUE_CAPE_VANITY_KNIGHT";"[T0] Knight Adventurer's Cape";"";"";"";"";"";"";""
"Capes";"";"";"Knight Adventurer's Heraldic Cape";"UNIQUE_CAPE_VANITY_KNIGHT_GUILD_COLORED";"[T0] Knight Adventurer's Heraldic Cape";"";"";"";"";"";"";""
"Capes";"";"";"Legendary Adventurer's Cloak";"UNIQUE_CAPE_STARTERPACK_LEGENDARY";"[T0] Legendary Adventurer's Cloak";"";"";"";"";"";"";""
"Capes";"";"";"Legendary Explorer's Cloak";"UNIQUE_CAPE_FOUNDER_LEGENDARY";"[T0] Legendary Explorer's Cloak";"";"";"";"";"";"";""
"Capes";"";"";"Lymhurst Cape";"T4_CAPEITEM_FW_LYMHURST";"[T4] Adept's Lymhurst Cape";"";"";"";"";"";"";""
"Capes";"";"";"Lymhurst Crest";"T4_CAPEITEM_FW_LYMHURST_BP";"[T4] Adept's Lymhurst Crest";"";"";"";"";"";"";""
"Capes";"";"";"Mage Adventurer's Cape";"UNIQUE_CAPE_VANITY_MAGE";"[T0] Mage Adventurer's Cape";"";"";"";"";"";"";""
"Capes";"";"";"Mage Adventurer's Heraldic Cape";"UNIQUE_CAPE_VANITY_MAGE_GUILD_COLORED";"[T0] Mage Adventurer's Heraldic Cape";"";"";"";"";"";"";""
"Capes";"";"";"Martlock Cape";"T4_CAPEITEM_FW_MARTLOCK";"[T4] Adept's Martlock Cape";"";"";"";"";"";"";""
"Capes";"";"";"Martlock Crest";"T4_CAPEITEM_FW_MARTLOCK_BP";"[T4] Adept's Martlock Crest";"";"";"";"";"";"";""
"Capes";"";"";"Master of Bats Cape";"UNIQUE_CAPE_TELLAFRIEND_BATRIDER";"[T0] Master of Bats Cape";"";"";"";"";"";"";""
"Capes";"";"";"Master of Fists Scroll";"UNIQUE_CAPE_VANITY_MONK";"[T0] Master of Fists Scroll";"";"";"";"";"";"";""
"Capes";"";"";"Morgana Cape";"T4_CAPEITEM_MORGANA";"[T4] Adept's Morgana Cape";"";"";"";"";"";"";""
"Capes";"";"";"Morgana Crest";"T4_CAPEITEM_MORGANA_BP";"[T4] Adept's Morgana Crest";"";"";"";"";"";"";""
"Capes";"";"";"Noble Knight's Cape";"UNIQUE_CAPE_VANITY_KNIGHT_AOCP";"[T0] Noble Knight's Cape";"";"";"";"";"";"";""
"Capes";"";"";"Ogronios Banner";"UNIQUE_CAPE_TELLAFRIEND_BANNER_02";"[T0] Ogronios Banner";"";"";"";"";"";"";""
"Capes";"";"";"Paladin's Cape";"UNIQUE_CAPE_VANITY_PALADIN";"[T0] Paladin's Cape";"";"";"";"";"";"";""
"Capes";"";"";"Paladin's Heraldic Cape";"UNIQUE_CAPE_VANITY_PALADIN_GUILD_COLORED";"[T0] Paladin's Heraldic Cape";"";"";"";"";"";"";""
"Capes";"";"";"Paragon's Sword and Cape";"UNIQUE_CAPE_VANITY_WARRIOR_KING";"[T0] Paragon's Sword and Cape";"";"";"";"";"";"";""
"Capes";"";"";"Priest's Cape";"UNIQUE_CAPE_VANITY_PRIEST_HOLY";"[T0] Priest's Cape";"";"";"";"";"";"";""
"Capes";"";"";"Pyromancer's Cape";"UNIQUE_CAPE_VANITY_FIREMAGE";"[T0] Pyromancer's Cape";"";"";"";"";"";"";""
"Capes";"";"";"Ragged Cape";"UNIQUE_CAPE_VANITY_SKELETON";"[T0] Ragged Cape";"";"";"";"";"";"";""
"Capes";"";"";"Ragged Undead Cape";"UNIQUE_CAPE_VANITY_SKELETON_UNDEAD";"[T0] Ragged Undead Cape";"";"";"";"";"";"";""
"Capes";"";"";"Ranger's Cape";"UNIQUE_CAPE_VANITY_RANGER";"[T0] Ranger's Cape";"";"";"";"";"";"";""
"Capes";"";"";"Reaver's Cape";"UNIQUE_CAPE_VANITY_MARAUDER";"[T0] Reaver's Cape";"";"";"";"";"";"";""
"Capes";"";"";"Recruiter's Banner";"UNIQUE_CAPE_TELLAFRIEND_BANNER";"[T0] Recruiter's Banner";"";"";"";"";"";"";""
"Capes";"";"";"Recruiter's Cape";"UNIQUE_CAPE_TELLAFRIEND";"[T0] Recruiter's Cape";"";"";"";"";"";"";""
"Capes";"";"";"Recruiter's Cape - Rottweiler";"UNIQUE_CAPE_BLOODHOUND_TELLAFRIEND";"[T0] Recruiter's Cape - Rottweiler";"";"";"";"";"";"";""
"Capes";"";"";"Recruiter's Cape - Toad";"UNIQUE_CAPE_TOAD_TELLAFRIEND";"[T0] Recruiter's Cape - Toad";"";"";"";"";"";"";""
"Capes";"";"";"Recruiter's Fur Cape";"UNIQUE_CAPE_RAM_TELLAFRIEND";"[T0] Recruiter's Fur Cape";"";"";"";"";"";"";""
"Capes";"";"";"Recruiter's Grey Wolf Cape";"UNIQUE_CAPE_WOLF_GREY_TELLAFRIEND";"[T0] Recruiter's Grey Wolf Cape";"";"";"";"";"";"";""
"Capes";"";"";"Recruiter's Tiger Cape";"UNIQUE_CAPE_TIGER_TELLAFRIEND";"[T0] Recruiter's Tiger Cape";"";"";"";"";"";"";""
"Capes";"";"";"Riuros Cape";"UNIQUE_CAPE_TELLAFRIEND_02";"[T0] Riuros Cape";"";"";"";"";"";"";""
"Capes";"";"";"Rogue Adventurer's Cape";"UNIQUE_CAPE_VANITY_ROGUE";"[T0] Rogue Adventurer's Cape";"";"";"";"";"";"";""
"Capes";"";"";"Rogue Adventurer's Heraldic Cape";"UNIQUE_CAPE_VANITY_ROGUE_GUILD_COLORED";"[T0] Rogue Adventurer's Heraldic Cape";"";"";"";"";"";"";""
"Capes";"";"";"Sea Captain's Spyglass";"UNIQUE_CAPE_VANITY_FOUNDER_ASIA_CRYSTAL";"[T0] Sea Captain's Spyglass";"";"";"";"";"";"";""
"Capes";"";"";"Seafarer's Harpoon";"UNIQUE_CAPE_VANITY_FOUNDER_ASIA_GOLD";"[T0] Seafarer's Harpoon";"";"";"";"";"";"";""
"Capes";"";"";"Smuggler Cape";"T4_CAPEITEM_SMUGGLER";"[T4] Adept's Smuggler Cape";"";"";"";"";"";"";""
"Capes";"";"";"Smuggler Crest";"T4_CAPEITEM_SMUGGLER_BP";"[T4] Adept's Smuggler Crest";"";"";"";"";"";"";""
"Capes";"";"";"Smuggler's Cloak";"UNIQUE_CAPE_VANITY_SMUGGLER";"[T0] Smuggler's Cloak";"";"";"";"";"";"";""
"Capes";"";"";"Snow Leopard Cape";"UNIQUE_CAPE_VANITY_SNOWLEOPARD";"[T0] Snow Leopard Cape";"";"";"";"";"";"";""
"Capes";"";"";"Swampstrider's Cape";"UNIQUE_CAPE_VANITY_PRIEST_DARK_SWAMP";"[T0] Swampstrider's Cape";"";"";"";"";"";"";""
"Capes";"";"";"T4_DEBUG_CAPE_HIDDEN";"T4_DEBUG_CAPE_HIDDEN";"[T4] T4_DEBUG_CAPE_HIDDEN";"";"";"";"";"";"";""
"Capes";"";"";"Thetford Cape";"T4_CAPEITEM_FW_THETFORD";"[T4] Adept's Thetford Cape";"";"";"";"";"";"";""
"Capes";"";"";"Thetford Crest";"T4_CAPEITEM_FW_THETFORD_BP";"[T4] Adept's Thetford Crest";"";"";"";"";"";"";""
"Capes";"";"";"Titan's Cape";"UNIQUE_CAPE_VANITY_TITAN";"[T0] Titan's Cape";"";"";"";"";"";"";""
"Capes";"";"";"Tracker's Spear";"UNIQUE_CAPE_VANITY_TRACKER";"[T0] Tracker's Spear";"";"";"";"";"";"";""
"Capes";"";"";"Undead Cape";"T4_CAPEITEM_UNDEAD";"[T4] Adept's Undead Cape";"";"";"";"";"";"";""
"Capes";"";"";"Undead Crest";"T4_CAPEITEM_UNDEAD_BP";"[T4] Adept's Undead Crest";"";"";"";"";"";"";""
"Capes";"";"";"UNIQUE_CAPE_VANITY_ALCHEMIST_ANNIVERSARY";"UNIQUE_CAPE_VANITY_ALCHEMIST_ANNIVERSARY";"[T0] UNIQUE_CAPE_VANITY_ALCHEMIST_ANNIVERSARY";"";"";"";"";"";"";""
"Capes";"";"";"UNIQUE_CAPE_VANITY_CORRUPTED_PREACHER_ANNIVERSARY";"UNIQUE_CAPE_VANITY_CORRUPTED_PREACHER_ANNIVERSARY";"[T0] UNIQUE_CAPE_VANITY_CORRUPTED_PREACHER_ANNIVERSARY";"";"";"";"";"";"";""
"Capes";"";"";"UNIQUE_CAPE_VANITY_MARAUDER_ANNIVERSARY";"UNIQUE_CAPE_VANITY_MARAUDER_ANNIVERSARY";"[T0] UNIQUE_CAPE_VANITY_MARAUDER_ANNIVERSARY";"";"";"";"";"";"";""
"Capes";"";"";"UNIQUE_CAPE_VANITY_VALKYRIE";"UNIQUE_CAPE_VANITY_VALKYRIE";"[T0] UNIQUE_CAPE_VANITY_VALKYRIE";"";"";"";"";"";"";""
"Capes";"";"";"UNIQUE_UNLOCK_CAPE_VANITY_FW_SOLDIER_PLATE";"UNIQUE_UNLOCK_CAPE_VANITY_FW_SOLDIER_PLATE";"[T0] UNIQUE_UNLOCK_CAPE_VANITY_FW_SOLDIER_PLATE";"";"";"";"";"";"";""
"Capes";"";"";"Warden's Axe";"UNIQUE_CAPE_VANITY_KICKSTART_2024";"[T0] Warden's Axe";"";"";"";"";"";"";""
"Capes";"";"";"Warden's Legendary Axe";"UNIQUE_CAPE_VANITY_KICKSTART_2024_UPGRADE";"[T0] Warden's Legendary Axe";"";"";"";"";"";"";""
"Capes";"";"";"Wardrobe Skin: Arena Gladiator Cape";"UNIQUE_UNLOCK_CAPE_VANITY_GLADIATOR_ARENA";"[T0] Wardrobe Skin: Arena Gladiator Cape";"";"";"";"";"";"";""
"Capes";"";"";"Wardrobe Skin: Arena Veteran's Cape";"UNIQUE_UNLOCK_CAPE_VANITY_ARENA_SET_01";"[T0] Wardrobe Skin: Arena Veteran's Cape";"";"";"";"";"";"";""
"Capes";"";"";"Wardrobe Skin: Champion's Sword and Cape";"UNIQUE_UNLOCK_CAPE_VANITY_WARRIOR_KNIGHT";"[T0] Wardrobe Skin: Champion's Sword and Cape";"";"";"";"";"";"";""
"Capes";"";"";"Wardrobe Skin: Crystal Gladiator Cape";"UNIQUE_UNLOCK_CAPE_VANITY_GLADIATOR_CRYSTAL";"[T0] Wardrobe Skin: Crystal Gladiator Cape";"";"";"";"";"";"";""
"Capes";"";"";"Wardrobe Skin: Decorative Keeper Cloth Cape";"UNIQUE_UNLOCK_T6_CAPE_CLOTH_KEEPER";"[T0] Wardrobe Skin: Decorative Keeper Cloth Cape";"";"";"";"";"";"";""
"Capes";"";"";"Wardrobe Skin: Decorative Keeper Leather Cape";"UNIQUE_UNLOCK_T6_CAPE_LEATHER_KEEPER";"[T0] Wardrobe Skin: Decorative Keeper Leather Cape";"";"";"";"";"";"";""
"Capes";"";"";"Wardrobe Skin: Decorative Keeper Platemail Cape";"UNIQUE_UNLOCK_T6_CAPE_PLATE_KEEPER";"[T0] Wardrobe Skin: Decorative Keeper Platemail Cape";"";"";"";"";"";"";""
"Capes";"";"";"Wardrobe Skin: Decorative Morgana Cloth Cape";"UNIQUE_UNLOCK_T6_CAPE_CLOTH_MORGANA";"[T0] Wardrobe Skin: Decorative Morgana Cloth Cape";"";"";"";"";"";"";""
"Capes";"";"";"Wardrobe Skin: Decorative Morgana Leather Cape";"UNIQUE_UNLOCK_T6_CAPE_LEATHER_MORGANA";"[T0] Wardrobe Skin: Decorative Morgana Leather Cape";"";"";"";"";"";"";""
"Capes";"";"";"Wardrobe Skin: Decorative Morgana Platemail Cape";"UNIQUE_UNLOCK_T6_CAPE_PLATE_MORGANA";"[T0] Wardrobe Skin: Decorative Morgana Platemail Cape";"";"";"";"";"";"";""
"Capes";"";"";"Wardrobe Skin: Decorative Undead Cloth Cape";"UNIQUE_UNLOCK_T6_CAPE_CLOTH_UNDEAD";"[T0] Wardrobe Skin: Decorative Undead Cloth Cape";"";"";"";"";"";"";""
"Capes";"";"";"Wardrobe Skin: Decorative Undead Leather Cape";"UNIQUE_UNLOCK_T6_CAPE_LEATHER_UNDEAD";"[T0] Wardrobe Skin: Decorative Undead Leather Cape";"";"";"";"";"";"";""
"Capes";"";"";"Wardrobe Skin: Decorative Undead Platemail Cape";"UNIQUE_UNLOCK_T6_CAPE_PLATE_UNDEAD";"[T0] Wardrobe Skin: Decorative Undead Platemail Cape";"";"";"";"";"";"";""
"Capes";"";"";"Wardrobe Skin: Groom's Cape";"UNIQUE_UNLOCK_CAPE_VANITY_WEDDING_TUXEDO";"[T0] Wardrobe Skin: Groom's Cape";"";"";"";"";"";"";""
"Capes";"";"";"Wardrobe Skin: Harbinger's Staff and Cape";"UNIQUE_UNLOCK_CAPE_VANITY_DARK_SORCERER";"[T0] Wardrobe Skin: Harbinger's Staff and Cape";"";"";"";"";"";"";""
"Capes";"";"";"Wardrobe Skin: Hyena Cape";"UNIQUE_UNLOCK_CAPE_VANITY_HYENA_NON_TRADABLE";"[T0] Wardrobe Skin: Hyena Cape";"";"";"";"";"";"";""
"Capes";"";"";"Wardrobe Skin: Large Arena Banner";"UNIQUE_UNLOCK_T8_CAPE_ARENA_BANNER";"[T0] Wardrobe Skin: Large Arena Banner";"";"";"";"";"";"";""
"Capes";"";"";"Wardrobe Skin: Legendary Adventurer's Cloak";"UNIQUE_UNLOCK_CAPE_STARTERPACK_LEGENDARY";"[T0] Wardrobe Skin: Legendary Adventurer's Cloak";"";"";"";"";"";"";""
"Capes";"";"";"Wardrobe Skin: Legendary Explorer's Cloak";"UNIQUE_UNLOCK_CAPE_FOUNDER_LEGENDARY";"[T0] Wardrobe Skin: Legendary Explorer's Cloak";"";"";"";"";"";"";""
"Capes";"";"";"Wardrobe Skin: Master of Bats Cape";"UNIQUE_UNLOCK_CAPE_TELLAFRIEND_BATRIDER";"[T0] Wardrobe Skin: Master of Bats Cape";"";"";"";"";"";"";""
"Capes";"";"";"Wardrobe Skin: Medium Arena Banner";"UNIQUE_UNLOCK_T6_CAPE_ARENA_BANNER";"[T0] Wardrobe Skin: Medium Arena Banner";"";"";"";"";"";"";""
"Capes";"";"";"Wardrobe Skin: Noble Knight's Cape";"UNIQUE_UNLOCK_CAPE_VANITY_KNIGHT_AOCP_NON_TRADABLE";"[T0] Wardrobe Skin: Noble Knight's Cape";"";"";"";"";"";"";""
"Capes";"";"";"Wardrobe Skin: Ogronios Banner";"UNIQUE_UNLOCK_CAPE_TELLAFRIEND_BANNER_02";"[T0] Wardrobe Skin: Ogronios Banner";"";"";"";"";"";"";""
"Capes";"";"";"Wardrobe Skin: Paragon's Sword and Cape";"UNIQUE_UNLOCK_CAPE_VANITY_WARRIOR_KING";"[T0] Wardrobe Skin: Paragon's Sword and Cape";"";"";"";"";"";"";""
"Capes";"";"";"Wardrobe Skin: Ragged Cape";"UNIQUE_UNLOCK_CAPE_VANITY_SKELETON";"[T0] Wardrobe Skin: Ragged Cape";"";"";"";"";"";"";""
"Capes";"";"";"Wardrobe Skin: Ragged Undead Cape";"UNIQUE_UNLOCK_CAPE_VANITY_SKELETON_UNDEAD";"[T0] Wardrobe Skin: Ragged Undead Cape";"";"";"";"";"";"";""
"Capes";"";"";"Wardrobe Skin: Recruiter's Banner";"UNIQUE_UNLOCK_CAPE_TELLAFRIEND_BANNER";"[T0] Wardrobe Skin: Recruiter's Banner";"";"";"";"";"";"";""
"Capes";"";"";"Wardrobe Skin: Recruiter's Cape";"UNIQUE_UNLOCK_CAPE_TELLAFRIEND";"[T0] Wardrobe Skin: Recruiter's Cape";"";"";"";"";"";"";""
"Capes";"";"";"Wardrobe Skin: Recruiter's Cape - Rottweiler";"UNIQUE_UNLOCK_CAPE_BLOODHOUND_TELLAFRIEND";"[T0] Wardrobe Skin: Recruiter's Cape - Rottweiler";"";"";"";"";"";"";""
"Capes";"";"";"Wardrobe Skin: Recruiter's Cape - Toad";"UNIQUE_UNLOCK_CAPE_TOAD_TELLAFRIEND";"[T0] Wardrobe Skin: Recruiter's Cape - Toad";"";"";"";"";"";"";""
"Capes";"";"";"Wardrobe Skin: Recruiter's Fur Cape";"UNIQUE_UNLOCK_CAPE_RAM_TELLAFRIEND";"[T0] Wardrobe Skin: Recruiter's Fur Cape";"";"";"";"";"";"";""
"Capes";"";"";"Wardrobe Skin: Recruiter's Grey Wolf Cape";"UNIQUE_UNLOCK_CAPE_WOLF_GREY_TELLAFRIEND";"[T0] Wardrobe Skin: Recruiter's Grey Wolf Cape";"";"";"";"";"";"";""
"Capes";"";"";"Wardrobe Skin: Recruiter's Tiger Cape";"UNIQUE_UNLOCK_CAPE_TIGER_TELLAFRIEND";"[T0] Wardrobe Skin: Recruiter's Tiger Cape";"";"";"";"";"";"";""
"Capes";"";"";"Wardrobe Skin: Riuros Cape";"UNIQUE_UNLOCK_CAPE_TELLAFRIEND_02";"[T0] Wardrobe Skin: Riuros Cape";"";"";"";"";"";"";""
"Capes";"";"";"Wardrobe Skin: Sea Captain's Spyglass";"UNIQUE_UNLOCK_CAPE_VANITY_FOUNDER_ASIA_CRYSTAL";"[T0] Wardrobe Skin: Sea Captain's Spyglass";"";"";"";"";"";"";""
"Capes";"";"";"Wardrobe Skin: Seafarer's Harpoon";"UNIQUE_UNLOCK_CAPE_VANITY_FOUNDER_ASIA_GOLD";"[T0] Wardrobe Skin: Seafarer's Harpoon";"";"";"";"";"";"";""
"Capes";"";"";"Wardrobe Skin: Small Arena Banner";"UNIQUE_UNLOCK_T4_CAPE_ARENA_BANNER";"[T0] Wardrobe Skin: Small Arena Banner";"";"";"";"";"";"";""
"Capes";"";"";"Wardrobe Skin: Smuggler's Cloak";"UNIQUE_UNLOCK_CAPE_VANITY_SMUGGLER";"[T0] Wardrobe Skin: Smuggler's Cloak";"";"";"";"";"";"";""
"Capes";"";"";"Wardrobe Skin: Snow Leopard Cape";"UNIQUE_UNLOCK_CAPE_VANITY_SNOWLEOPARD_NON_TRADABLE";"[T0] Wardrobe Skin: Snow Leopard Cape";"";"";"";"";"";"";""
"Capes";"";"";"Wardrobe Skin: Warden's Axe";"UNIQUE_UNLOCK_CAPE_VANITY_KICKSTART_2024";"[T0] Wardrobe Skin: Warden's Axe";"";"";"";"";"";"";""
"Capes";"";"";"Wardrobe Skin: Warden's Legendary Axe";"UNIQUE_UNLOCK_CAPE_VANITY_KICKSTART_2024_UPGRADE";"[T0] Wardrobe Skin: Warden's Legendary Axe";"";"";"";"";"";"";""
"Capes";"";"";"Wardrobe Skin: Warlock's Staff and Cape";"UNIQUE_UNLOCK_CAPE_VANITY_DARK_NOVICE";"[T0] Wardrobe Skin: Warlock's Staff and Cape";"";"";"";"";"";"";""
"Capes";"";"";"Warlock's Staff and Cape";"UNIQUE_CAPE_VANITY_DARK_NOVICE";"[T0] Warlock's Staff and Cape";"";"";"";"";"";"";""
"Capes";"";"";"Zealot's Cape";"UNIQUE_CAPE_VANITY_ZEALOT";"[T0] Zealot's Cape";"";"";"";"";"";"";""
"Chest Armor";"";"";"Adventurer's Jacket";"UNIQUE_ARMOR_STARTERPACK_ELITE";"[T0] Adventurer's Jacket";"";"";"";"";"";"";""
"Chest Armor";"";"";"Alchemist's Armor";"UNIQUE_ARMOR_VANITY_ALCHEMIST";"[T0] Alchemist's Armor";"";"";"";"";"";"";""
"Chest Armor";"";"";"Alluring Amulet";"T4_ARTEFACT_ARMOR_CLOTH_MORGANA";"[T4] Adept's Alluring Amulet";"";"";"";"";"";"";""
"Chest Armor";"";"";"Ancient Chain Rings";"T4_ARTEFACT_ARMOR_PLATE_UNDEAD";"[T4] Adept's Ancient Chain Rings";"";"";"";"";"";"";""
"Chest Armor";"";"";"Anniversary Barbarian's Harness";"UNIQUE_ARMOR_VANITY_BARBARIAN_ANNIVERSARY";"[T0] Anniversary Barbarian's Harness";"";"";"";"";"";"";""
"Chest Armor";"";"";"Anniversary Paladin's Armor";"UNIQUE_ARMOR_VANITY_PALADIN_ANNIVERSARY";"[T0] Anniversary Paladin's Armor";"";"";"";"";"";"";""
"Chest Armor";"";"";"Anniversary Priest's Robe";"UNIQUE_ARMOR_VANITY_PRIEST_HOLY_ANNIVERSARY";"[T0] Anniversary Priest's Robe";"";"";"";"";"";"";""
"Chest Armor";"";"";"Arcanist's Armor";"UNIQUE_ARMOR_VANITY_BATTLEMAGE";"[T0] Arcanist's Armor";"";"";"";"";"";"";""
"Chest Armor";"";"";"Arena Gladiator Armor";"UNIQUE_ARMOR_VANITY_GLADIATOR_ARENA";"[T0] Arena Gladiator Armor";"";"";"";"";"";"";""
"Chest Armor";"";"";"Arena Veteran's Cloak";"UNIQUE_ARMOR_VANITY_ARENA_SET_01";"[T0] Arena Veteran's Cloak";"";"";"";"";"";"";""
"Chest Armor";"";"";"Armor of Valor";"T4_ARMOR_PLATE_AVALON";"[T4] Adept's Armor of Valor";"";"";"";"";"";"";""
"Chest Armor";"";"";"Assassin Jacket";"T4_ARMOR_LEATHER_SET3";"[T4] Adept's Assassin Jacket";"";"";"";"";"";"";""
"Chest Armor";"";"";"Assassin's Armor";"UNIQUE_ARMOR_VANITY_ASSASSIN";"[T0] Assassin's Armor";"";"";"";"";"";"";""
"Chest Armor";"";"";"Augured Sash";"T4_ARTEFACT_ARMOR_LEATHER_AVALON";"[T4] Adept's Augured Sash";"";"";"";"";"";"";""
"Chest Armor";"";"";"Barbarian's Harness";"UNIQUE_ARMOR_VANITY_BARBARIAN";"[T0] Barbarian's Harness";"";"";"";"";"";"";""
"Chest Armor";"";"";"Bard's Suit";"UNIQUE_ARMOR_VANITY_BARD";"[T0] Bard's Suit";"";"";"";"";"";"";""
"Chest Armor";"";"";"Beginner's Mercenary Jacket";"T1_ARMOR_LEATHER_SET1";"[T1] Beginner's Mercenary Jacket";"";"";"";"";"";"";""
"Chest Armor";"";"";"Blue Bard's Suit";"UNIQUE_ARMOR_VANITY_BARD_BLUE";"[T0] Blue Bard's Suit";"";"";"";"";"";"";""
"Chest Armor";"";"";"Blue Princess Dress";"UNIQUE_ARMOR_VANITY_DRESS_BLUE";"[T0] Blue Princess Dress";"";"";"";"";"";"";""
"Chest Armor";"";"";"Bridal Dress";"UNIQUE_ARMOR_VANITY_WEDDING_DRESS";"[T0] Bridal Dress";"";"";"";"";"";"";""
"Chest Armor";"";"";"Bunny Stalker Overalls";"UNIQUE_ARMOR_VANITY_EASTER";"[T0] Bunny Stalker Overalls";"";"";"";"";"";"";""
"Chest Armor";"";"";"Champion's Armor";"UNIQUE_ARMOR_VANITY_WARRIOR_KNIGHT";"[T0] Champion's Armor";"";"";"";"";"";"";""
"Chest Armor";"";"";"Cleric Robe";"T4_ARMOR_CLOTH_SET2";"[T4] Adept's Cleric Robe";"";"";"";"";"";"";""
"Chest Armor";"";"";"Commander's Armor";"UNIQUE_ARMOR_VANITY_FW_COMMANDER";"[T0] Commander's Armor";"";"";"";"";"";"";""
"Chest Armor";"";"";"Commander's Heraldic Armor";"UNIQUE_ARMOR_VANITY_FW_COMMANDER_GUILD_COLORED";"[T0] Commander's Heraldic Armor";"";"";"";"";"";"";""
"Chest Armor";"";"";"Corrupted Preacher's Coat";"UNIQUE_ARMOR_VANITY_CORRUPTED_PREACHER";"[T0] Corrupted Preacher's Coat";"";"";"";"";"";"";""
"Chest Armor";"";"";"Cryomancer's Robe";"UNIQUE_ARMOR_VANITY_FROSTMAGE";"[T0] Cryomancer's Robe";"";"";"";"";"";"";""
"Chest Armor";"";"";"Crystal Gladiator Armor";"UNIQUE_ARMOR_VANITY_GLADIATOR_CRYSTAL";"[T0] Crystal Gladiator Armor";"";"";"";"";"";"";""
"Chest Armor";"";"";"Cultist Robe";"T4_ARMOR_CLOTH_MORGANA";"[T4] Adept's Cultist Robe";"";"";"";"";"";"";""
"Chest Armor";"";"";"Decadent Robe";"UNIQUE_ARMOR_VANITY_WEALTHY_NOBLE_AJ";"[T0] Decadent Robe";"";"";"";"";"";"";""
"Chest Armor";"";"";"Demon Armor";"T4_ARMOR_PLATE_HELL";"[T4] Adept's Demon Armor";"";"";"";"";"";"";""
"Chest Armor";"";"";"Demon Hunter's Coat";"UNIQUE_ARMOR_VANITY_DEMONHUNTER";"[T0] Demon Hunter's Coat";"";"";"";"";"";"";""
"Chest Armor";"";"";"Demonhide Leather";"T4_ARTEFACT_ARMOR_LEATHER_HELL";"[T4] Adept's Demonhide Leather";"";"";"";"";"";"";""
"Chest Armor";"";"";"Demonic Plates";"T4_ARTEFACT_ARMOR_PLATE_HELL";"[T4] Adept's Demonic Plates";"";"";"";"";"";"";""
"Chest Armor";"";"";"Demonic Warrior's Armor";"UNIQUE_ARMOR_VANITY_DEMONICWARRIOR";"[T0] Demonic Warrior's Armor";"";"";"";"";"";"";""
"Chest Armor";"";"";"Druid Robe";"T4_ARMOR_CLOTH_KEEPER";"[T4] Adept's Druid Robe";"";"";"";"";"";"";""
"Chest Armor";"";"";"Druidic Feathers";"T4_ARTEFACT_ARMOR_CLOTH_KEEPER";"[T4] Adept's Druidic Feathers";"";"";"";"";"";"";""
"Chest Armor";"";"";"Druid's Vestments";"UNIQUE_ARMOR_VANITY_DRUID";"[T0] Druid's Vestments";"";"";"";"";"";"";""
"Chest Armor";"";"";"Duelist's Armor";"UNIQUE_ARMOR_VANITY_DUELIST";"[T0] Duelist's Armor";"";"";"";"";"";"";""
"Chest Armor";"";"";"Duskweaver Armor";"T4_ARMOR_PLATE_FEY";"[T4] Adept's Duskweaver Armor";"";"";"";"";"";"";""
"Chest Armor";"";"";"Elite Green Knight's Armor";"UNIQUE_ARMOR_VANITY_KNIGHT_GREEN_ELITE";"[T0] Elite Green Knight's Armor";"";"";"";"";"";"";""
"Chest Armor";"";"";"Entertainer's Costume";"UNIQUE_ARMOR_VANITY_ENTERTAINER";"[T0] Entertainer's Costume";"";"";"";"";"";"";""
"Chest Armor";"";"";"Exalted Plating";"T4_ARTEFACT_ARMOR_PLATE_AVALON";"[T4] Adept's Exalted Plating";"";"";"";"";"";"";""
"Chest Armor";"";"";"Exiled Monk's Robe";"UNIQUE_ARMOR_VANITY_PRIEST_RED";"[T0] Exiled Monk's Robe";"";"";"";"";"";"";""
"Chest Armor";"";"";"Exorbitant Robe";"UNIQUE_ARMOR_VANITY_VERY_WEALTHY_NOBLE_AJ";"[T0] Exorbitant Robe";"";"";"";"";"";"";""
"Chest Armor";"";"";"Explorer's Armor";"UNIQUE_ARMOR_FOUNDER_ELITE";"[T0] Explorer's Armor";"";"";"";"";"";"";""
"Chest Armor";"";"";"Faction Legionnaire's Armor";"UNIQUE_ARMOR_VANITY_FW_SOLDIER_PLATE";"[T0] Faction Legionnaire's Armor";"";"";"";"";"";"";""
"Chest Armor";"";"";"Fey Dorsal Wing";"T4_ARTEFACT_ARMOR_CLOTH_FEY";"[T4] Adept's Fey Dorsal Wing";"";"";"";"";"";"";""
"Chest Armor";"";"";"Feyscale Robe";"T4_ARMOR_CLOTH_FEY";"[T4] Adept's Feyscale Robe";"";"";"";"";"";"";""
"Chest Armor";"";"";"Fiend Robe";"T4_ARMOR_CLOTH_HELL";"[T4] Adept's Fiend Robe";"";"";"";"";"";"";""
"Chest Armor";"";"";"Fisherman Garb";"T4_ARMOR_GATHERER_FISH";"[T4] Adept's Fisherman Garb";"";"";"";"";"";"";""
"Chest Armor";"";"";"Frost Knight's Armor";"UNIQUE_ARMOR_VANITY_FROSTKNIGHT";"[T0] Frost Knight's Armor";"";"";"";"";"";"";""
"Chest Armor";"";"";"Game Master's Doublet";"UNIQUE_INTERNAL_ARMOR_GAMEMASTER";"[T0] Game Master's Doublet";"";"";"";"";"";"";""
"Chest Armor";"";"";"Ghastly Leather";"T4_ARTEFACT_ARMOR_LEATHER_UNDEAD";"[T4] Adept's Ghastly Leather";"";"";"";"";"";"";""
"Chest Armor";"";"";"Graveguard Armor";"T4_ARMOR_PLATE_UNDEAD";"[T4] Adept's Graveguard Armor";"";"";"";"";"";"";""
"Chest Armor";"";"";"Green Knight's Armor";"UNIQUE_ARMOR_VANITY_KNIGHT_GREEN";"[T0] Green Knight's Armor";"";"";"";"";"";"";""
"Chest Armor";"";"";"Green Navigator's Coat";"UNIQUE_ARMOR_VANITY_PIRATE_GREEN";"[T0] Green Navigator's Coat";"";"";"";"";"";"";""
"Chest Armor";"";"";"Green Princess Dress";"UNIQUE_ARMOR_VANITY_DRESS_GREEN";"[T0] Green Princess Dress";"";"";"";"";"";"";""
"Chest Armor";"";"";"Groom's Suit";"UNIQUE_ARMOR_VANITY_WEDDING_TUXEDO";"[T0] Groom's Suit";"";"";"";"";"";"";""
"Chest Armor";"";"";"Guardian Armor";"T4_ARMOR_PLATE_SET3";"[T4] Adept's Guardian Armor";"";"";"";"";"";"";""
"Chest Armor";"";"";"Harbinger's Robes";"UNIQUE_ARMOR_VANITY_DARK_SORCERER";"[T0] Harbinger's Robes";"";"";"";"";"";"";""
"Chest Armor";"";"";"Harvester Garb";"T4_ARMOR_GATHERER_FIBER";"[T4] Adept's Harvester Garb";"";"";"";"";"";"";""
"Chest Armor";"";"";"Hellion Jacket";"T4_ARMOR_LEATHER_HELL";"[T4] Adept's Hellion Jacket";"";"";"";"";"";"";""
"Chest Armor";"";"";"Hunter Jacket";"T4_ARMOR_LEATHER_SET2";"[T4] Adept's Hunter Jacket";"";"";"";"";"";"";""
"Chest Armor";"";"";"Hygienic Coat";"UNIQUE_ARMOR_VANITY_PLAGUEDOC";"[T0] Hygienic Coat";"";"";"";"";"";"";""
"Chest Armor";"";"";"Imbued Leather Folds";"T4_ARTEFACT_ARMOR_LEATHER_MORGANA";"[T4] Adept's Imbued Leather Folds";"";"";"";"";"";"";""
"Chest Armor";"";"";"Infernal Cloth Folds";"T4_ARTEFACT_ARMOR_CLOTH_HELL";"[T4] Adept's Infernal Cloth Folds";"";"";"";"";"";"";""
"Chest Armor";"";"";"Innkeeper's Shirt";"UNIQUE_ARMOR_VANITY_INNKEEPER";"[T0] Innkeeper's Shirt";"";"";"";"";"";"";""
"Chest Armor";"";"";"Jacket of Tenacity";"T4_ARMOR_LEATHER_AVALON";"[T4] Adept's Jacket of Tenacity";"";"";"";"";"";"";""
"Chest Armor";"";"";"Jester Costume";"UNIQUE_ARMOR_VANITY_JESTER";"[T0] Jester Costume";"";"";"";"";"";"";""
"Chest Armor";"";"";"Judicator Armor";"T4_ARMOR_PLATE_KEEPER";"[T4] Adept's Judicator Armor";"";"";"";"";"";"";""
"Chest Armor";"";"";"Keeper of Souls Armor";"UNIQUE_ARMOR_VANITY_SOULKEEPER";"[T0] Keeper of Souls Armor";"";"";"";"";"";"";""
"Chest Armor";"";"";"Knight Adventurer's Armor";"UNIQUE_ARMOR_VANITY_KNIGHT";"[T0] Knight Adventurer's Armor";"";"";"";"";"";"";""
"Chest Armor";"";"";"Knight Adventurer's Heraldic Armor";"UNIQUE_ARMOR_VANITY_KNIGHT_GUILD_COLORED";"[T0] Knight Adventurer's Heraldic Armor";"";"";"";"";"";"";""
"Chest Armor";"";"";"Knight Armor";"T4_ARMOR_PLATE_SET2";"[T4] Adept's Knight Armor";"";"";"";"";"";"";""
"Chest Armor";"";"";"Legendary Adventurer's Armor";"UNIQUE_ARMOR_STARTERPACK_LEGENDARY";"[T0] Legendary Adventurer's Armor";"";"";"";"";"";"";""
"Chest Armor";"";"";"Legendary Explorer's Armor";"UNIQUE_ARMOR_FOUNDER_LEGENDARY";"[T0] Legendary Explorer's Armor";"";"";"";"";"";"";""
"Chest Armor";"";"";"Lumberjack Garb";"T4_ARMOR_GATHERER_WOOD";"[T4] Adept's Lumberjack Garb";"";"";"";"";"";"";""
"Chest Armor";"";"";"Mage Adventurer's Armor";"UNIQUE_ARMOR_VANITY_MAGE";"[T0] Mage Adventurer's Armor";"";"";"";"";"";"";""
"Chest Armor";"";"";"Mage Adventurer's Heraldic Armor";"UNIQUE_ARMOR_VANITY_MAGE_GUILD_COLORED";"[T0] Mage Adventurer's Heraldic Armor";"";"";"";"";"";"";""
"Chest Armor";"";"";"Mage Robe";"T4_ARMOR_CLOTH_SET3";"[T4] Adept's Mage Robe";"";"";"";"";"";"";""
"Chest Armor";"";"";"Master of Fists Heraldic Robes";"UNIQUE_ARMOR_VANITY_MONK_GUILD_COLORED";"[T0] Master of Fists Heraldic Robes";"";"";"";"";"";"";""
"Chest Armor";"";"";"Master of Fists Robes";"UNIQUE_ARMOR_VANITY_MONK";"[T0] Master of Fists Robes";"";"";"";"";"";"";""
"Chest Armor";"";"";"Mercenary Jacket";"T2_ARMOR_LEATHER_SET1";"[T2] Novice's Mercenary Jacket";"";"";"";"";"";"";""
"Chest Armor";"";"";"Miner Garb";"T4_ARMOR_GATHERER_ORE";"[T4] Adept's Miner Garb";"";"";"";"";"";"";""
"Chest Armor";"";"";"Mistwalker Jacket";"T4_ARMOR_LEATHER_FEY";"[T4] Adept's Mistwalker Jacket";"";"";"";"";"";"";""
"Chest Armor";"";"";"Monk's Robe";"UNIQUE_ARMOR_VANITY_PRIEST";"[T0] Monk's Robe";"";"";"";"";"";"";""
"Chest Armor";"";"";"Navigator's Coat";"UNIQUE_ARMOR_VANITY_PIRATE";"[T0] Navigator's Coat";"";"";"";"";"";"";""
"Chest Armor";"";"";"Noble Knight's Armor";"UNIQUE_ARMOR_VANITY_KNIGHT_AOCP";"[T0] Noble Knight's Armor";"";"";"";"";"";"";""
"Chest Armor";"";"";"Noblewoman's Dress";"UNIQUE_ARMOR_VANITY_DRESS_BLACK";"[T0] Noblewoman's Dress";"";"";"";"";"";"";""
"Chest Armor";"";"";"Paladin's Armor";"UNIQUE_ARMOR_VANITY_PALADIN";"[T0] Paladin's Armor";"";"";"";"";"";"";""
"Chest Armor";"";"";"Paladin's Heraldic Armor";"UNIQUE_ARMOR_VANITY_PALADIN_GUILD_COLORED";"[T0] Paladin's Heraldic Armor";"";"";"";"";"";"";""
"Chest Armor";"";"";"Paragon's Armor";"UNIQUE_ARMOR_VANITY_WARRIOR_KING";"[T0] Paragon's Armor";"";"";"";"";"";"";""
"Chest Armor";"";"";"Preserved Animal Fur";"T4_ARTEFACT_ARMOR_PLATE_KEEPER";"[T4] Adept's Preserved Animal Fur";"";"";"";"";"";"";""
"Chest Armor";"";"";"Priest's Robe";"UNIQUE_ARMOR_VANITY_PRIEST_HOLY";"[T0] Priest's Robe";"";"";"";"";"";"";""
"Chest Armor";"";"";"Purple Rich Noble's Doublet";"UNIQUE_ARMOR_VANITY_RICH_NOBLE_PURPLE";"[T0] Purple Rich Noble's Doublet";"";"";"";"";"";"";""
"Chest Armor";"";"";"Pyromancer's Robe";"UNIQUE_ARMOR_VANITY_FIREMAGE";"[T0] Pyromancer's Robe";"";"";"";"";"";"";""
"Chest Armor";"";"";"Quarrier Garb";"T4_ARMOR_GATHERER_ROCK";"[T4] Adept's Quarrier Garb";"";"";"";"";"";"";""
"Chest Armor";"";"";"Ranger's Armor";"UNIQUE_ARMOR_VANITY_RANGER";"[T0] Ranger's Armor";"";"";"";"";"";"";""
"Chest Armor";"";"";"Reaver's Armor";"UNIQUE_ARMOR_VANITY_MARAUDER";"[T0] Reaver's Armor";"";"";"";"";"";"";""
"Chest Armor";"";"";"Red Tulip Dress";"UNIQUE_ARMOR_VANITY_DRESS_RED";"[T0] Red Tulip Dress";"";"";"";"";"";"";""
"Chest Armor";"";"";"Ribcage";"UNIQUE_ARMOR_VANITY_SKELETON";"[T0] Ribcage";"";"";"";"";"";"";""
"Chest Armor";"";"";"Rich Noble's Doublet";"UNIQUE_ARMOR_VANITY_RICH_NOBLE";"[T0] Rich Noble's Doublet";"";"";"";"";"";"";""
"Chest Armor";"";"";"Robe of Purity";"T4_ARMOR_CLOTH_AVALON";"[T4] Adept's Robe of Purity";"";"";"";"";"";"";""
"Chest Armor";"";"";"Rogue Adventurer's Armor";"UNIQUE_ARMOR_VANITY_ROGUE";"[T0] Rogue Adventurer's Armor";"";"";"";"";"";"";""
"Chest Armor";"";"";"Rogue Adventurer's Heraldic Armor";"UNIQUE_ARMOR_VANITY_ROGUE_GUILD_COLORED";"[T0] Rogue Adventurer's Heraldic Armor";"";"";"";"";"";"";""
"Chest Armor";"";"";"Royal Armor";"T4_ARMOR_PLATE_ROYAL";"[T4] Adept's Royal Armor";"";"";"";"";"";"";""
"Chest Armor";"";"";"Royal Jacket";"T4_ARMOR_LEATHER_ROYAL";"[T4] Adept's Royal Jacket";"";"";"";"";"";"";""
"Chest Armor";"";"";"Royal Robe";"T4_ARMOR_CLOTH_ROYAL";"[T4] Adept's Royal Robe";"";"";"";"";"";"";""
"Chest Armor";"";"";"Sanctified Belt";"T4_ARTEFACT_ARMOR_CLOTH_AVALON";"[T4] Adept's Sanctified Belt";"";"";"";"";"";"";""
"Chest Armor";"";"";"Scholar Robe";"T2_ARMOR_CLOTH_SET1";"[T2] Novice's Scholar Robe";"";"";"";"";"";"";""
"Chest Armor";"";"";"Sea Captain's Coat";"UNIQUE_ARMOR_VANITY_FOUNDER_ASIA_CRYSTAL";"[T0] Sea Captain's Coat";"";"";"";"";"";"";""
"Chest Armor";"";"";"Seafarer's Coat";"UNIQUE_ARMOR_VANITY_FOUNDER_ASIA_GOLD";"[T0] Seafarer's Coat";"";"";"";"";"";"";""
"Chest Armor";"";"";"Skinner Garb";"T4_ARMOR_GATHERER_HIDE";"[T4] Adept's Skinner Garb";"";"";"";"";"";"";""
"Chest Armor";"";"";"Smuggler's Coat";"UNIQUE_ARMOR_VANITY_SMUGGLER";"[T0] Smuggler's Coat";"";"";"";"";"";"";""
"Chest Armor";"";"";"Soldier Armor";"T2_ARMOR_PLATE_SET1";"[T2] Novice's Soldier Armor";"";"";"";"";"";"";""
"Chest Armor";"";"";"Specter Jacket";"T4_ARMOR_LEATHER_UNDEAD";"[T4] Adept's Specter Jacket";"";"";"";"";"";"";""
"Chest Armor";"";"";"Stalker Jacket";"T4_ARMOR_LEATHER_MORGANA";"[T4] Adept's Stalker Jacket";"";"";"";"";"";"";""
"Chest Armor";"";"";"Swampstrider's Armor";"UNIQUE_ARMOR_VANITY_PRIEST_DARK_SWAMP";"[T0] Swampstrider's Armor";"";"";"";"";"";"";""
"Chest Armor";"";"";"T4_DEBUG_ARMOR_HIDDEN";"T4_DEBUG_ARMOR_HIDDEN";"[T4] T4_DEBUG_ARMOR_HIDDEN";"";"";"";"";"";"";""
"Chest Armor";"";"";"T8_ARMOR_CLOTH_PROTOTYPE";"T8_ARMOR_CLOTH_PROTOTYPE";"[T8] T8_ARMOR_CLOTH_PROTOTYPE";"";"";"";"";"";"";""
"Chest Armor";"";"";"T8_ARMOR_CLOTH_PROTOTYPE@1";"T8_ARMOR_CLOTH_PROTOTYPE@1";"[T8] T8_ARMOR_CLOTH_PROTOTYPE@1 .1";"";"";"";"";"";"";""
"Chest Armor";"";"";"T8_ARMOR_CLOTH_PROTOTYPE@2";"T8_ARMOR_CLOTH_PROTOTYPE@2";"[T8] T8_ARMOR_CLOTH_PROTOTYPE@2 .2";"";"";"";"";"";"";""
"Chest Armor";"";"";"T8_ARMOR_CLOTH_PROTOTYPE@3";"T8_ARMOR_CLOTH_PROTOTYPE@3";"[T8] T8_ARMOR_CLOTH_PROTOTYPE@3 .3";"";"";"";"";"";"";""
"Chest Armor";"";"";"T8_ARMOR_CLOTH_PROTOTYPE@4";"T8_ARMOR_CLOTH_PROTOTYPE@4";"[T8] T8_ARMOR_CLOTH_PROTOTYPE@4 .4";"";"";"";"";"";"";""
"Chest Armor";"";"";"T8_ARMOR_LEATHER_PROTOTYPE";"T8_ARMOR_LEATHER_PROTOTYPE";"[T8] T8_ARMOR_LEATHER_PROTOTYPE";"";"";"";"";"";"";""
"Chest Armor";"";"";"T8_ARMOR_LEATHER_PROTOTYPE@1";"T8_ARMOR_LEATHER_PROTOTYPE@1";"[T8] T8_ARMOR_LEATHER_PROTOTYPE@1 .1";"";"";"";"";"";"";""
"Chest Armor";"";"";"T8_ARMOR_LEATHER_PROTOTYPE@2";"T8_ARMOR_LEATHER_PROTOTYPE@2";"[T8] T8_ARMOR_LEATHER_PROTOTYPE@2 .2";"";"";"";"";"";"";""
"Chest Armor";"";"";"T8_ARMOR_LEATHER_PROTOTYPE@3";"T8_ARMOR_LEATHER_PROTOTYPE@3";"[T8] T8_ARMOR_LEATHER_PROTOTYPE@3 .3";"";"";"";"";"";"";""
"Chest Armor";"";"";"T8_ARMOR_LEATHER_PROTOTYPE@4";"T8_ARMOR_LEATHER_PROTOTYPE@4";"[T8] T8_ARMOR_LEATHER_PROTOTYPE@4 .4";"";"";"";"";"";"";""
"Chest Armor";"";"";"T8_ARMOR_PLATE_PROTOTYPE";"T8_ARMOR_PLATE_PROTOTYPE";"[T8] T8_ARMOR_PLATE_PROTOTYPE";"";"";"";"";"";"";""
"Chest Armor";"";"";"T8_ARMOR_PLATE_PROTOTYPE@1";"T8_ARMOR_PLATE_PROTOTYPE@1";"[T8] T8_ARMOR_PLATE_PROTOTYPE@1 .1";"";"";"";"";"";"";""
"Chest Armor";"";"";"T8_ARMOR_PLATE_PROTOTYPE@2";"T8_ARMOR_PLATE_PROTOTYPE@2";"[T8] T8_ARMOR_PLATE_PROTOTYPE@2 .2";"";"";"";"";"";"";""
"Chest Armor";"";"";"T8_ARMOR_PLATE_PROTOTYPE@3";"T8_ARMOR_PLATE_PROTOTYPE@3";"[T8] T8_ARMOR_PLATE_PROTOTYPE@3 .3";"";"";"";"";"";"";""
"Chest Armor";"";"";"T8_ARMOR_PLATE_PROTOTYPE@4";"T8_ARMOR_PLATE_PROTOTYPE@4";"[T8] T8_ARMOR_PLATE_PROTOTYPE@4 .4";"";"";"";"";"";"";""
"Chest Armor";"";"";"Titan's Armor";"UNIQUE_ARMOR_VANITY_TITAN";"[T0] Titan's Armor";"";"";"";"";"";"";""
"Chest Armor";"";"";"Tracker's Armor";"UNIQUE_ARMOR_VANITY_TRACKER";"[T0] Tracker's Armor";"";"";"";"";"";"";""
"Chest Armor";"";"";"Undead Ribcage";"UNIQUE_ARMOR_VANITY_SKELETON_UNDEAD";"[T0] Undead Ribcage";"";"";"";"";"";"";""
"Chest Armor";"";"";"UNIQUE_ARMOR_VANITY_ALCHEMIST_ANNIVERSARY";"UNIQUE_ARMOR_VANITY_ALCHEMIST_ANNIVERSARY";"[T0] UNIQUE_ARMOR_VANITY_ALCHEMIST_ANNIVERSARY";"";"";"";"";"";"";""
"Chest Armor";"";"";"UNIQUE_ARMOR_VANITY_CORRUPTED_PREACHER_ANNIVERSARY";"UNIQUE_ARMOR_VANITY_CORRUPTED_PREACHER_ANNIVERSARY";"[T0] UNIQUE_ARMOR_VANITY_CORRUPTED_PREACHER_ANNIVERSARY";"";"";"";"";"";"";""
"Chest Armor";"";"";"UNIQUE_ARMOR_VANITY_DRAGONKEEPER_AJ";"UNIQUE_ARMOR_VANITY_DRAGONKEEPER_AJ";"[T0] UNIQUE_ARMOR_VANITY_DRAGONKEEPER_AJ";"";"";"";"";"";"";""
"Chest Armor";"";"";"UNIQUE_ARMOR_VANITY_MARAUDER_ANNIVERSARY";"UNIQUE_ARMOR_VANITY_MARAUDER_ANNIVERSARY";"[T0] UNIQUE_ARMOR_VANITY_MARAUDER_ANNIVERSARY";"";"";"";"";"";"";""
"Chest Armor";"";"";"UNIQUE_ARMOR_VANITY_VALKYRIE";"UNIQUE_ARMOR_VANITY_VALKYRIE";"[T0] UNIQUE_ARMOR_VANITY_VALKYRIE";"";"";"";"";"";"";""
"Chest Armor";"";"";"UNIQUE_UNLOCK_ARMOR_VANITY_DRAGONKEEPER_AJ";"UNIQUE_UNLOCK_ARMOR_VANITY_DRAGONKEEPER_AJ";"[T0] UNIQUE_UNLOCK_ARMOR_VANITY_DRAGONKEEPER_AJ";"";"";"";"";"";"";""
"Chest Armor";"";"";"UNIQUE_UNLOCK_ARMOR_VANITY_FW_SOLDIER_PLATE";"UNIQUE_UNLOCK_ARMOR_VANITY_FW_SOLDIER_PLATE";"[T0] UNIQUE_UNLOCK_ARMOR_VANITY_FW_SOLDIER_PLATE";"";"";"";"";"";"";""
"Chest Armor";"";"";"UNIQUE_WEAPONMASTER_ARMOR_PROTOTYPE";"UNIQUE_WEAPONMASTER_ARMOR_PROTOTYPE";"[T0] UNIQUE_WEAPONMASTER_ARMOR_PROTOTYPE";"";"";"";"";"";"";""
"Chest Armor";"";"";"Untarnished Griffin Feathers";"T4_ARTEFACT_ARMOR_LEATHER_FEY";"[T4] Adept's Untarnished Griffin Feathers";"";"";"";"";"";"";""
"Chest Armor";"";"";"Veilweaver Carapace";"T4_ARTEFACT_ARMOR_PLATE_FEY";"[T4] Adept's Veilweaver Carapace";"";"";"";"";"";"";""
"Chest Armor";"";"";"Warden's Armor";"UNIQUE_ARMOR_VANITY_KICKSTART_2024";"[T0] Warden's Armor";"";"";"";"";"";"";""
"Chest Armor";"";"";"Warden's Legendary Armor";"UNIQUE_ARMOR_VANITY_KICKSTART_2024_UPGRADE";"[T0] Warden's Legendary Armor";"";"";"";"";"";"";""
"Chest Armor";"";"";"Wardrobe Skin: Adventurer's Jacket";"UNIQUE_UNLOCK_ARMOR_STARTERPACK_ELITE";"[T0] Wardrobe Skin: Adventurer's Jacket";"";"";"";"";"";"";""
"Chest Armor";"";"";"Wardrobe Skin: Arena Gladiator Armor";"UNIQUE_UNLOCK_ARMOR_VANITY_GLADIATOR_ARENA";"[T0] Wardrobe Skin: Arena Gladiator Armor";"";"";"";"";"";"";""
"Chest Armor";"";"";"Wardrobe Skin: Arena Veteran's Cloak";"UNIQUE_UNLOCK_ARMOR_VANITY_ARENA_SET_01";"[T0] Wardrobe Skin: Arena Veteran's Cloak";"";"";"";"";"";"";""
"Chest Armor";"";"";"Wardrobe Skin: Bard's Suit";"UNIQUE_UNLOCK_ARMOR_VANITY_BARD_NON_TRADABLE";"[T0] Wardrobe Skin: Bard's Suit";"";"";"";"";"";"";""
"Chest Armor";"";"";"Wardrobe Skin: Blue Bard's Suit";"UNIQUE_UNLOCK_ARMOR_VANITY_BARD_BLUE_NON_TRADABLE";"[T0] Wardrobe Skin: Blue Bard's Suit";"";"";"";"";"";"";""
"Chest Armor";"";"";"Wardrobe Skin: Blue Princess Dress";"UNIQUE_UNLOCK_ARMOR_VANITY_DRESS_BLUE_NON_TRADABLE";"[T0] Wardrobe Skin: Blue Princess Dress";"";"";"";"";"";"";""
"Chest Armor";"";"";"Wardrobe Skin: Bridal Dress";"UNIQUE_UNLOCK_ARMOR_VANITY_WEDDING_DRESS";"[T0] Wardrobe Skin: Bridal Dress";"";"";"";"";"";"";""
"Chest Armor";"";"";"Wardrobe Skin: Bunny Stalker Overalls";"UNIQUE_UNLOCK_ARMOR_VANITY_EASTER";"[T0] Wardrobe Skin: Bunny Stalker Overalls";"";"";"";"";"";"";""
"Chest Armor";"";"";"Wardrobe Skin: Champion's Armor";"UNIQUE_UNLOCK_ARMOR_VANITY_WARRIOR_KNIGHT";"[T0] Wardrobe Skin: Champion's Armor";"";"";"";"";"";"";""
"Chest Armor";"";"";"Wardrobe Skin: Crystal Gladiator Armor";"UNIQUE_UNLOCK_ARMOR_VANITY_GLADIATOR_CRYSTAL";"[T0] Wardrobe Skin: Crystal Gladiator Armor";"";"";"";"";"";"";""
"Chest Armor";"";"";"Wardrobe Skin: Decadent Robe";"UNIQUE_UNLOCK_ARMOR_VANITY_WEALTHY_NOBLE_AJ";"[T0] Wardrobe Skin: Decadent Robe";"";"";"";"";"";"";""
"Chest Armor";"";"";"Wardrobe Skin: Entertainer's Costume";"UNIQUE_UNLOCK_ARMOR_VANITY_ENTERTAINER_NON_TRADABLE";"[T0] Wardrobe Skin: Entertainer's Costume";"";"";"";"";"";"";""
"Chest Armor";"";"";"Wardrobe Skin: Exiled Monk's Robe";"UNIQUE_UNLOCK_ARMOR_VANITY_PRIEST_RED_NON_TRADABLE";"[T0] Wardrobe Skin: Exiled Monk's Robe";"";"";"";"";"";"";""
"Chest Armor";"";"";"Wardrobe Skin: Exorbitant Robe";"UNIQUE_UNLOCK_ARMOR_VANITY_VERY_WEALTHY_NOBLE_AJ";"[T0] Wardrobe Skin: Exorbitant Robe";"";"";"";"";"";"";""
"Chest Armor";"";"";"Wardrobe Skin: Explorer's Armor";"UNIQUE_UNLOCK_ARMOR_FOUNDER_ELITE";"[T0] Wardrobe Skin: Explorer's Armor";"";"";"";"";"";"";""
"Chest Armor";"";"";"Wardrobe Skin: Green Navigator's Coat";"UNIQUE_UNLOCK_ARMOR_VANITY_PIRATE_GREEN_NON_TRADABLE";"[T0] Wardrobe Skin: Green Navigator's Coat";"";"";"";"";"";"";""
"Chest Armor";"";"";"Wardrobe Skin: Green Princess Dress";"UNIQUE_UNLOCK_ARMOR_VANITY_DRESS_GREEN_NON_TRADABLE";"[T0] Wardrobe Skin: Green Princess Dress";"";"";"";"";"";"";""
"Chest Armor";"";"";"Wardrobe Skin: Groom's Suit";"UNIQUE_UNLOCK_ARMOR_VANITY_WEDDING_TUXEDO";"[T0] Wardrobe Skin: Groom's Suit";"";"";"";"";"";"";""
"Chest Armor";"";"";"Wardrobe Skin: Harbinger's Robes";"UNIQUE_UNLOCK_ARMOR_VANITY_DARK_SORCERER";"[T0] Wardrobe Skin: Harbinger's Robes";"";"";"";"";"";"";""
"Chest Armor";"";"";"Wardrobe Skin: Hygienic Coat";"UNIQUE_UNLOCK_ARMOR_VANITY_PLAGUEDOC";"[T0] Wardrobe Skin: Hygienic Coat";"";"";"";"";"";"";""
"Chest Armor";"";"";"Wardrobe Skin: Innkeeper's Shirt";"UNIQUE_UNLOCK_ARMOR_VANITY_INNKEEPER_NON_TRADABLE";"[T0] Wardrobe Skin: Innkeeper's Shirt";"";"";"";"";"";"";""
"Chest Armor";"";"";"Wardrobe Skin: Jester Costume";"UNIQUE_UNLOCK_ARMOR_VANITY_JESTER";"[T0] Wardrobe Skin: Jester Costume";"";"";"";"";"";"";""
"Chest Armor";"";"";"Wardrobe Skin: Legendary Adventurer's Armor";"UNIQUE_UNLOCK_ARMOR_STARTERPACK_LEGENDARY";"[T0] Wardrobe Skin: Legendary Adventurer's Armor";"";"";"";"";"";"";""
"Chest Armor";"";"";"Wardrobe Skin: Legendary Explorer's Armor";"UNIQUE_UNLOCK_ARMOR_FOUNDER_LEGENDARY";"[T0] Wardrobe Skin: Legendary Explorer's Armor";"";"";"";"";"";"";""
"Chest Armor";"";"";"Wardrobe Skin: Monk's Robe";"UNIQUE_UNLOCK_ARMOR_VANITY_PRIEST_NON_TRADABLE";"[T0] Wardrobe Skin: Monk's Robe";"";"";"";"";"";"";""
"Chest Armor";"";"";"Wardrobe Skin: Navigator's Coat";"UNIQUE_UNLOCK_ARMOR_VANITY_PIRATE_NON_TRADABLE";"[T0] Wardrobe Skin: Navigator's Coat";"";"";"";"";"";"";""
"Chest Armor";"";"";"Wardrobe Skin: Noble Knight's Armor";"UNIQUE_UNLOCK_ARMOR_VANITY_KNIGHT_AOCP_NON_TRADABLE";"[T0] Wardrobe Skin: Noble Knight's Armor";"";"";"";"";"";"";""
"Chest Armor";"";"";"Wardrobe Skin: Noblewoman's Dress";"UNIQUE_UNLOCK_ARMOR_VANITY_DRESS_BLACK_NON_TRADABLE";"[T0] Wardrobe Skin: Noblewoman's Dress";"";"";"";"";"";"";""
"Chest Armor";"";"";"Wardrobe Skin: Paragon's Armor";"UNIQUE_UNLOCK_ARMOR_VANITY_WARRIOR_KING";"[T0] Wardrobe Skin: Paragon's Armor";"";"";"";"";"";"";""
"Chest Armor";"";"";"Wardrobe Skin: Purple Rich Noble's Doublet";"UNIQUE_UNLOCK_ARMOR_VANITY_RICH_NOBLE_PURPLE_NON_TRADABLE";"[T0] Wardrobe Skin: Purple Rich Noble's Doublet";"";"";"";"";"";"";""
"Chest Armor";"";"";"Wardrobe Skin: Red Tulip Dress";"UNIQUE_UNLOCK_ARMOR_VANITY_DRESS_RED";"[T0] Wardrobe Skin: Red Tulip Dress";"";"";"";"";"";"";""
"Chest Armor";"";"";"Wardrobe Skin: Ribcage";"UNIQUE_UNLOCK_ARMOR_VANITY_SKELETON";"[T0] Wardrobe Skin: Ribcage";"";"";"";"";"";"";""
"Chest Armor";"";"";"Wardrobe Skin: Rich Noble's Doublet";"UNIQUE_UNLOCK_ARMOR_VANITY_RICH_NOBLE";"[T0] Wardrobe Skin: Rich Noble's Doublet";"";"";"";"";"";"";""
"Chest Armor";"";"";"Wardrobe Skin: Sea Captain's Coat";"UNIQUE_UNLOCK_ARMOR_VANITY_FOUNDER_ASIA_CRYSTAL";"[T0] Wardrobe Skin: Sea Captain's Coat";"";"";"";"";"";"";""
"Chest Armor";"";"";"Wardrobe Skin: Seafarer's Coat";"UNIQUE_UNLOCK_ARMOR_VANITY_FOUNDER_ASIA_GOLD";"[T0] Wardrobe Skin: Seafarer's Coat";"";"";"";"";"";"";""
"Chest Armor";"";"";"Wardrobe Skin: Smuggler's Coat";"UNIQUE_UNLOCK_ARMOR_VANITY_SMUGGLER";"[T0] Wardrobe Skin: Smuggler's Coat";"";"";"";"";"";"";""
"Chest Armor";"";"";"Wardrobe Skin: Undead Ribcage";"UNIQUE_UNLOCK_ARMOR_VANITY_SKELETON_UNDEAD";"[T0] Wardrobe Skin: Undead Ribcage";"";"";"";"";"";"";""
"Chest Armor";"";"";"Wardrobe Skin: Warden's Armor";"UNIQUE_UNLOCK_ARMOR_VANITY_KICKSTART_2024";"[T0] Wardrobe Skin: Warden's Armor";"";"";"";"";"";"";""
"Chest Armor";"";"";"Wardrobe Skin: Warden's Legendary Armor";"UNIQUE_UNLOCK_ARMOR_VANITY_KICKSTART_2024_UPGRADE";"[T0] Wardrobe Skin: Warden's Legendary Armor";"";"";"";"";"";"";""
"Chest Armor";"";"";"Wardrobe Skin: Warlock's Robes";"UNIQUE_UNLOCK_ARMOR_VANITY_DARK_NOVICE";"[T0] Wardrobe Skin: Warlock's Robes";"";"";"";"";"";"";""
"Chest Armor";"";"";"Wardrobe Skin: Yule Coat";"UNIQUE_UNLOCK_ARMOR_VANITY_SANTACLAUS";"[T0] Wardrobe Skin: Yule Coat";"";"";"";"";"";"";""
"Chest Armor";"";"";"Warlock's Robes";"UNIQUE_ARMOR_VANITY_DARK_NOVICE";"[T0] Warlock's Robes";"";"";"";"";"";"";""
"Chest Armor";"";"";"Yule Coat";"UNIQUE_ARMOR_VANITY_SANTACLAUS";"[T0] Yule Coat";"";"";"";"";"";"";""
"Chest Armor";"";"";"Zealot's Harness";"UNIQUE_ARMOR_VANITY_ZEALOT";"[T0] Zealot's Harness";"";"";"";"";"";"";""
"Foot Armor";"";"";"Adventurer's Shoes";"UNIQUE_SHOES_STARTERPACK_ELITE";"[T0] Adventurer's Shoes";"";"";"";"";"";"";""
"Foot Armor";"";"";"Alchemist's Boots";"UNIQUE_SHOES_VANITY_ALCHEMIST";"[T0] Alchemist's Boots";"";"";"";"";"";"";""
"Foot Armor";"";"";"Alluring Bindings";"T4_ARTEFACT_SHOES_CLOTH_MORGANA";"[T4] Adept's Alluring Bindings";"";"";"";"";"";"";""
"Foot Armor";"";"";"Ancient Bindings";"T4_ARTEFACT_SHOES_PLATE_UNDEAD";"[T4] Adept's Ancient Bindings";"";"";"";"";"";"";""
"Foot Armor";"";"";"Anniversary Barbarian's Boots";"UNIQUE_SHOES_VANITY_BARBARIAN_ANNIVERSARY";"[T0] Anniversary Barbarian's Boots";"";"";"";"";"";"";""
"Foot Armor";"";"";"Anniversary Paladin's Boots";"UNIQUE_SHOES_VANITY_PALADIN_ANNIVERSARY";"[T0] Anniversary Paladin's Boots";"";"";"";"";"";"";""
"Foot Armor";"";"";"Anniversary Priest's Boots";"UNIQUE_SHOES_VANITY_PRIEST_HOLY_ANNIVERSARY";"[T0] Anniversary Priest's Boots";"";"";"";"";"";"";""
"Foot Armor";"";"";"Arcanist's Boots";"UNIQUE_SHOES_VANITY_BATTLEMAGE";"[T0] Arcanist's Boots";"";"";"";"";"";"";""
"Foot Armor";"";"";"Arena Gladiator Boots";"UNIQUE_SHOES_VANITY_GLADIATOR_ARENA";"[T0] Arena Gladiator Boots";"";"";"";"";"";"";""
"Foot Armor";"";"";"Arena Veteran's Boots";"UNIQUE_SHOES_VANITY_ARENA_SET_01";"[T0] Arena Veteran's Boots";"";"";"";"";"";"";""
"Foot Armor";"";"";"Assassin Shoes";"T4_SHOES_LEATHER_SET3";"[T4] Adept's Assassin Shoes";"";"";"";"";"";"";""
"Foot Armor";"";"";"Assassin's Boots";"UNIQUE_SHOES_VANITY_ASSASSIN";"[T0] Assassin's Boots";"";"";"";"";"";"";""
"Foot Armor";"";"";"Augured Fasteners";"T4_ARTEFACT_SHOES_LEATHER_AVALON";"[T4] Adept's Augured Fasteners";"";"";"";"";"";"";""
"Foot Armor";"";"";"Barbarian's Boots";"UNIQUE_SHOES_VANITY_BARBARIAN";"[T0] Barbarian's Boots";"";"";"";"";"";"";""
"Foot Armor";"";"";"Bard's Shoes";"UNIQUE_SHOES_VANITY_BARD";"[T0] Bard's Shoes";"";"";"";"";"";"";""
"Foot Armor";"";"";"Beginner's Mercenary Shoes";"T1_SHOES_LEATHER_SET1";"[T1] Beginner's Mercenary Shoes";"";"";"";"";"";"";""
"Foot Armor";"";"";"Blue Bard's Shoes";"UNIQUE_SHOES_VANITY_BARD_BLUE";"[T0] Blue Bard's Shoes";"";"";"";"";"";"";""
"Foot Armor";"";"";"Blue Princess Shoes";"UNIQUE_SHOES_VANITY_DRESS_BLUE";"[T0] Blue Princess Shoes";"";"";"";"";"";"";""
"Foot Armor";"";"";"Boots of Valor";"T4_SHOES_PLATE_AVALON";"[T4] Adept's Boots of Valor";"";"";"";"";"";"";""
"Foot Armor";"";"";"Bridal Shoes";"UNIQUE_SHOES_VANITY_WEDDING_DRESS";"[T0] Bridal Shoes";"";"";"";"";"";"";""
"Foot Armor";"";"";"Bunny Stalker Shoes";"UNIQUE_SHOES_VANITY_EASTER";"[T0] Bunny Stalker Shoes";"";"";"";"";"";"";""
"Foot Armor";"";"";"Champion's Boots";"UNIQUE_SHOES_VANITY_WARRIOR_KNIGHT";"[T0] Champion's Boots";"";"";"";"";"";"";""
"Foot Armor";"";"";"Cleric Sandals";"T4_SHOES_CLOTH_SET2";"[T4] Adept's Cleric Sandals";"";"";"";"";"";"";""
"Foot Armor";"";"";"Commander's Shoes";"UNIQUE_SHOES_VANITY_FW_COMMANDER";"[T0] Commander's Shoes";"";"";"";"";"";"";""
"Foot Armor";"";"";"Corrupted Preacher's Boots";"UNIQUE_SHOES_VANITY_CORRUPTED_PREACHER";"[T0] Corrupted Preacher's Boots";"";"";"";"";"";"";""
"Foot Armor";"";"";"Cryomancer's Boots";"UNIQUE_SHOES_VANITY_FROSTMAGE";"[T0] Cryomancer's Boots";"";"";"";"";"";"";""
"Foot Armor";"";"";"Crystal Gladiator Boots";"UNIQUE_SHOES_VANITY_GLADIATOR_CRYSTAL";"[T0] Crystal Gladiator Boots";"";"";"";"";"";"";""
"Foot Armor";"";"";"Cultist Sandals";"T4_SHOES_CLOTH_MORGANA";"[T4] Adept's Cultist Sandals";"";"";"";"";"";"";""
"Foot Armor";"";"";"Demon Boots";"T4_SHOES_PLATE_HELL";"[T4] Adept's Demon Boots";"";"";"";"";"";"";""
"Foot Armor";"";"";"Demon Hunter's Boots";"UNIQUE_SHOES_VANITY_DEMONHUNTER";"[T0] Demon Hunter's Boots";"";"";"";"";"";"";""
"Foot Armor";"";"";"Demonhide Bindings";"T4_ARTEFACT_SHOES_LEATHER_HELL";"[T4] Adept's Demonhide Bindings";"";"";"";"";"";"";""
"Foot Armor";"";"";"Demonic Filling";"T4_ARTEFACT_SHOES_PLATE_HELL";"[T4] Adept's Demonic Filling";"";"";"";"";"";"";""
"Foot Armor";"";"";"Demonic Warrior's Boots";"UNIQUE_SHOES_VANITY_DEMONICWARRIOR";"[T0] Demonic Warrior's Boots";"";"";"";"";"";"";""
"Foot Armor";"";"";"Druid Sandals";"T4_SHOES_CLOTH_KEEPER";"[T4] Adept's Druid Sandals";"";"";"";"";"";"";""
"Foot Armor";"";"";"Druidic Bindings";"T4_ARTEFACT_SHOES_CLOTH_KEEPER";"[T4] Adept's Druidic Bindings";"";"";"";"";"";"";""
"Foot Armor";"";"";"Druid's Shoes";"UNIQUE_SHOES_VANITY_DRUID";"[T0] Druid's Shoes";"";"";"";"";"";"";""
"Foot Armor";"";"";"Duelist's Boots";"UNIQUE_SHOES_VANITY_DUELIST";"[T0] Duelist's Boots";"";"";"";"";"";"";""
"Foot Armor";"";"";"Duskweaver Boots";"T4_SHOES_PLATE_FEY";"[T4] Adept's Duskweaver Boots";"";"";"";"";"";"";""
"Foot Armor";"";"";"Elite Green Knight's Boots";"UNIQUE_SHOES_VANITY_KNIGHT_GREEN_ELITE";"[T0] Elite Green Knight's Boots";"";"";"";"";"";"";""
"Foot Armor";"";"";"Entertainer's Shoes";"UNIQUE_SHOES_VANITY_ENTERTAINER";"[T0] Entertainer's Shoes";"";"";"";"";"";"";""
"Foot Armor";"";"";"Exalted Greave";"T4_ARTEFACT_SHOES_PLATE_AVALON";"[T4] Adept's Exalted Greave";"";"";"";"";"";"";""
"Foot Armor";"";"";"Exiled Monk's Sandals";"UNIQUE_SHOES_VANITY_PRIEST_RED";"[T0] Exiled Monk's Sandals";"";"";"";"";"";"";""
"Foot Armor";"";"";"Explorer's Boots";"UNIQUE_SHOES_FOUNDER_ELITE";"[T0] Explorer's Boots";"";"";"";"";"";"";""
"Foot Armor";"";"";"Faction Legionnaire's Boots";"UNIQUE_SHOES_VANITY_FW_SOLDIER_PLATE";"[T0] Faction Legionnaire's Boots";"";"";"";"";"";"";""
"Foot Armor";"";"";"Fey Dragonscales";"T4_ARTEFACT_SHOES_CLOTH_FEY";"[T4] Adept's Fey Dragonscales";"";"";"";"";"";"";""
"Foot Armor";"";"";"Feyscale Sandals";"T4_SHOES_CLOTH_FEY";"[T4] Adept's Feyscale Sandals";"";"";"";"";"";"";""
"Foot Armor";"";"";"Fiend Sandals";"T4_SHOES_CLOTH_HELL";"[T4] Adept's Fiend Sandals";"";"";"";"";"";"";""
"Foot Armor";"";"";"Fisherman Workboots";"T4_SHOES_GATHERER_FISH";"[T4] Adept's Fisherman Workboots";"";"";"";"";"";"";""
"Foot Armor";"";"";"Frost Knight's Boots";"UNIQUE_SHOES_VANITY_FROSTKNIGHT";"[T0] Frost Knight's Boots";"";"";"";"";"";"";""
"Foot Armor";"";"";"Game Master's Boots";"UNIQUE_INTERNAL_SHOES_GAMEMASTER";"[T0] Game Master's Boots";"";"";"";"";"";"";""
"Foot Armor";"";"";"Ghastly Bindings";"T4_ARTEFACT_SHOES_LEATHER_UNDEAD";"[T4] Adept's Ghastly Bindings";"";"";"";"";"";"";""
"Foot Armor";"";"";"Graveguard Boots";"T4_SHOES_PLATE_UNDEAD";"[T4] Adept's Graveguard Boots";"";"";"";"";"";"";""
"Foot Armor";"";"";"Green Knight's Boots";"UNIQUE_SHOES_VANITY_KNIGHT_GREEN";"[T0] Green Knight's Boots";"";"";"";"";"";"";""
"Foot Armor";"";"";"Green Navigator's Boots";"UNIQUE_SHOES_VANITY_PIRATE_GREEN";"[T0] Green Navigator's Boots";"";"";"";"";"";"";""
"Foot Armor";"";"";"Green Princess Shoes";"UNIQUE_SHOES_VANITY_DRESS_GREEN";"[T0] Green Princess Shoes";"";"";"";"";"";"";""
"Foot Armor";"";"";"Griffin Underfur";"T4_ARTEFACT_SHOES_LEATHER_FEY";"[T4] Adept's Griffin Underfur";"";"";"";"";"";"";""
"Foot Armor";"";"";"Groom's Shoes";"UNIQUE_SHOES_VANITY_WEDDING_TUXEDO";"[T0] Groom's Shoes";"";"";"";"";"";"";""
"Foot Armor";"";"";"Guardian Boots";"T4_SHOES_PLATE_SET3";"[T4] Adept's Guardian Boots";"";"";"";"";"";"";""
"Foot Armor";"";"";"Harbinger's Boots";"UNIQUE_SHOES_VANITY_DARK_SORCERER";"[T0] Harbinger's Boots";"";"";"";"";"";"";""
"Foot Armor";"";"";"Harvester Workboots";"T4_SHOES_GATHERER_FIBER";"[T4] Adept's Harvester Workboots";"";"";"";"";"";"";""
"Foot Armor";"";"";"Hellion Shoes";"T4_SHOES_LEATHER_HELL";"[T4] Adept's Hellion Shoes";"";"";"";"";"";"";""
"Foot Armor";"";"";"Hunter Shoes";"T4_SHOES_LEATHER_SET2";"[T4] Adept's Hunter Shoes";"";"";"";"";"";"";""
"Foot Armor";"";"";"Hygienic Boots";"UNIQUE_SHOES_VANITY_PLAGUEDOC";"[T0] Hygienic Boots";"";"";"";"";"";"";""
"Foot Armor";"";"";"Imbued Soles";"T4_ARTEFACT_SHOES_LEATHER_MORGANA";"[T4] Adept's Imbued Soles";"";"";"";"";"";"";""
"Foot Armor";"";"";"Infernal Cloth Bindings";"T4_ARTEFACT_SHOES_CLOTH_HELL";"[T4] Adept's Infernal Cloth Bindings";"";"";"";"";"";"";""
"Foot Armor";"";"";"Innkeeper's Shoes";"UNIQUE_SHOES_VANITY_INNKEEPER";"[T0] Innkeeper's Shoes";"";"";"";"";"";"";""
"Foot Armor";"";"";"Inscribed Bindings";"T4_ARTEFACT_SHOES_PLATE_KEEPER";"[T4] Adept's Inscribed Bindings";"";"";"";"";"";"";""
"Foot Armor";"";"";"Jester Shoes";"UNIQUE_SHOES_VANITY_JESTER";"[T0] Jester Shoes";"";"";"";"";"";"";""
"Foot Armor";"";"";"Judicator Boots";"T4_SHOES_PLATE_KEEPER";"[T4] Adept's Judicator Boots";"";"";"";"";"";"";""
"Foot Armor";"";"";"Keeper of Souls Boots";"UNIQUE_SHOES_VANITY_SOULKEEPER";"[T0] Keeper of Souls Boots";"";"";"";"";"";"";""
"Foot Armor";"";"";"Knight Adventurer's Boots";"UNIQUE_SHOES_VANITY_KNIGHT";"[T0] Knight Adventurer's Boots";"";"";"";"";"";"";""
"Foot Armor";"";"";"Knight Boots";"T4_SHOES_PLATE_SET2";"[T4] Adept's Knight Boots";"";"";"";"";"";"";""
"Foot Armor";"";"";"Legbones";"UNIQUE_SHOES_VANITY_SKELETON";"[T0] Legbones";"";"";"";"";"";"";""
"Foot Armor";"";"";"Legendary Adventurer's Boots";"UNIQUE_SHOES_STARTERPACK_LEGENDARY";"[T0] Legendary Adventurer's Boots";"";"";"";"";"";"";""
"Foot Armor";"";"";"Legendary Explorer's Boots";"UNIQUE_SHOES_FOUNDER_LEGENDARY";"[T0] Legendary Explorer's Boots";"";"";"";"";"";"";""
"Foot Armor";"";"";"Lumberjack Workboots";"T4_SHOES_GATHERER_WOOD";"[T4] Adept's Lumberjack Workboots";"";"";"";"";"";"";""
"Foot Armor";"";"";"Mage Adventurer's Boots";"UNIQUE_SHOES_VANITY_MAGE";"[T0] Mage Adventurer's Boots";"";"";"";"";"";"";""
"Foot Armor";"";"";"Mage Sandals";"T4_SHOES_CLOTH_SET3";"[T4] Adept's Mage Sandals";"";"";"";"";"";"";""
"Foot Armor";"";"";"Master of Fists Sandals";"UNIQUE_SHOES_VANITY_MONK";"[T0] Master of Fists Sandals";"";"";"";"";"";"";""
"Foot Armor";"";"";"Mercenary Shoes";"T2_SHOES_LEATHER_SET1";"[T2] Novice's Mercenary Shoes";"";"";"";"";"";"";""
"Foot Armor";"";"";"Miner Workboots";"T4_SHOES_GATHERER_ORE";"[T4] Adept's Miner Workboots";"";"";"";"";"";"";""
"Foot Armor";"";"";"Mistwalker Shoes";"T4_SHOES_LEATHER_FEY";"[T4] Adept's Mistwalker Shoes";"";"";"";"";"";"";""
"Foot Armor";"";"";"Monk's Sandals";"UNIQUE_SHOES_VANITY_PRIEST";"[T0] Monk's Sandals";"";"";"";"";"";"";""
"Foot Armor";"";"";"Navigator's Boots";"UNIQUE_SHOES_VANITY_PIRATE";"[T0] Navigator's Boots";"";"";"";"";"";"";""
"Foot Armor";"";"";"Noble Knight's Shoes";"UNIQUE_SHOES_VANITY_KNIGHT_AOCP";"[T0] Noble Knight's Shoes";"";"";"";"";"";"";""
"Foot Armor";"";"";"Noblewoman's Shoes";"UNIQUE_SHOES_VANITY_DRESS_BLACK";"[T0] Noblewoman's Shoes";"";"";"";"";"";"";""
"Foot Armor";"";"";"Paladin's Boots";"UNIQUE_SHOES_VANITY_PALADIN";"[T0] Paladin's Boots";"";"";"";"";"";"";""
"Foot Armor";"";"";"Paragon's Boots";"UNIQUE_SHOES_VANITY_WARRIOR_KING";"[T0] Paragon's Boots";"";"";"";"";"";"";""
"Foot Armor";"";"";"Priest's Boots";"UNIQUE_SHOES_VANITY_PRIEST_HOLY";"[T0] Priest's Boots";"";"";"";"";"";"";""
"Foot Armor";"";"";"Purple Rich Noble's Footwear";"UNIQUE_SHOES_VANITY_RICH_NOBLE_PURPLE";"[T0] Purple Rich Noble's Footwear";"";"";"";"";"";"";""
"Foot Armor";"";"";"Pyromancer's Boots";"UNIQUE_SHOES_VANITY_FIREMAGE";"[T0] Pyromancer's Boots";"";"";"";"";"";"";""
"Foot Armor";"";"";"Quarrier Workboots";"T4_SHOES_GATHERER_ROCK";"[T4] Adept's Quarrier Workboots";"";"";"";"";"";"";""
"Foot Armor";"";"";"Ranger's Boots";"UNIQUE_SHOES_VANITY_RANGER";"[T0] Ranger's Boots";"";"";"";"";"";"";""
"Foot Armor";"";"";"Reaver's Boots";"UNIQUE_SHOES_VANITY_MARAUDER";"[T0] Reaver's Boots";"";"";"";"";"";"";""
"Foot Armor";"";"";"Red Tulip Shoes";"UNIQUE_SHOES_VANITY_DRESS_RED";"[T0] Red Tulip Shoes";"";"";"";"";"";"";""
"Foot Armor";"";"";"Rich Noble's Footwear";"UNIQUE_SHOES_VANITY_RICH_NOBLE";"[T0] Rich Noble's Footwear";"";"";"";"";"";"";""
"Foot Armor";"";"";"Rogue Adventurer's Boots";"UNIQUE_SHOES_VANITY_ROGUE";"[T0] Rogue Adventurer's Boots";"";"";"";"";"";"";""
"Foot Armor";"";"";"Royal Boots";"T4_SHOES_PLATE_ROYAL";"[T4] Adept's Royal Boots";"";"";"";"";"";"";""
"Foot Armor";"";"";"Royal Sandals";"T4_SHOES_CLOTH_ROYAL";"[T4] Adept's Royal Sandals";"";"";"";"";"";"";""
"Foot Armor";"";"";"Royal Shoes";"T4_SHOES_LEATHER_ROYAL";"[T4] Adept's Royal Shoes";"";"";"";"";"";"";""
"Foot Armor";"";"";"Rubberband Boots";"UNIQUE_SHOES_RUBBERBANDING";"[T0] Rubberband Boots";"";"";"";"";"";"";""
"Foot Armor";"";"";"Sanctified Bindings";"T4_ARTEFACT_SHOES_CLOTH_AVALON";"[T4] Adept's Sanctified Bindings";"";"";"";"";"";"";""
"Foot Armor";"";"";"Sandals of Purity";"T4_SHOES_CLOTH_AVALON";"[T4] Adept's Sandals of Purity";"";"";"";"";"";"";""
"Foot Armor";"";"";"Scholar Sandals";"T2_SHOES_CLOTH_SET1";"[T2] Novice's Scholar Sandals";"";"";"";"";"";"";""
"Foot Armor";"";"";"Sea Captain's Boots";"UNIQUE_SHOES_VANITY_FOUNDER_ASIA_CRYSTAL";"[T0] Sea Captain's Boots";"";"";"";"";"";"";""
"Foot Armor";"";"";"Seafarer's Boots";"UNIQUE_SHOES_VANITY_FOUNDER_ASIA_GOLD";"[T0] Seafarer's Boots";"";"";"";"";"";"";""
"Foot Armor";"";"";"Shoes of Tenacity";"T4_SHOES_LEATHER_AVALON";"[T4] Adept's Shoes of Tenacity";"";"";"";"";"";"";""
"Foot Armor";"";"";"Skinner Workboots";"T4_SHOES_GATHERER_HIDE";"[T4] Adept's Skinner Workboots";"";"";"";"";"";"";""
"Foot Armor";"";"";"Smuggler's Boots";"UNIQUE_SHOES_VANITY_SMUGGLER";"[T0] Smuggler's Boots";"";"";"";"";"";"";""
"Foot Armor";"";"";"Soldier Boots";"T2_SHOES_PLATE_SET1";"[T2] Novice's Soldier Boots";"";"";"";"";"";"";""
"Foot Armor";"";"";"Specter Shoes";"T4_SHOES_LEATHER_UNDEAD";"[T4] Adept's Specter Shoes";"";"";"";"";"";"";""
"Foot Armor";"";"";"Stalker Shoes";"T4_SHOES_LEATHER_MORGANA";"[T4] Adept's Stalker Shoes";"";"";"";"";"";"";""
"Foot Armor";"";"";"Swampstrider's Boots";"UNIQUE_SHOES_VANITY_PRIEST_DARK_SWAMP";"[T0] Swampstrider's Boots";"";"";"";"";"";"";""
"Foot Armor";"";"";"T4_DEBUG_SHOES_HIDDEN";"T4_DEBUG_SHOES_HIDDEN";"[T4] T4_DEBUG_SHOES_HIDDEN";"";"";"";"";"";"";""
"Foot Armor";"";"";"T8_SHOES_CLOTH_PROTOTYPE";"T8_SHOES_CLOTH_PROTOTYPE";"[T8] T8_SHOES_CLOTH_PROTOTYPE";"";"";"";"";"";"";""
"Foot Armor";"";"";"T8_SHOES_CLOTH_PROTOTYPE@1";"T8_SHOES_CLOTH_PROTOTYPE@1";"[T8] T8_SHOES_CLOTH_PROTOTYPE@1 .1";"";"";"";"";"";"";""
"Foot Armor";"";"";"T8_SHOES_CLOTH_PROTOTYPE@2";"T8_SHOES_CLOTH_PROTOTYPE@2";"[T8] T8_SHOES_CLOTH_PROTOTYPE@2 .2";"";"";"";"";"";"";""
"Foot Armor";"";"";"T8_SHOES_CLOTH_PROTOTYPE@3";"T8_SHOES_CLOTH_PROTOTYPE@3";"[T8] T8_SHOES_CLOTH_PROTOTYPE@3 .3";"";"";"";"";"";"";""
"Foot Armor";"";"";"T8_SHOES_CLOTH_PROTOTYPE@4";"T8_SHOES_CLOTH_PROTOTYPE@4";"[T8] T8_SHOES_CLOTH_PROTOTYPE@4 .4";"";"";"";"";"";"";""
"Foot Armor";"";"";"T8_SHOES_LEATHER_PROTOTYPE";"T8_SHOES_LEATHER_PROTOTYPE";"[T8] T8_SHOES_LEATHER_PROTOTYPE";"";"";"";"";"";"";""
"Foot Armor";"";"";"T8_SHOES_LEATHER_PROTOTYPE@1";"T8_SHOES_LEATHER_PROTOTYPE@1";"[T8] T8_SHOES_LEATHER_PROTOTYPE@1 .1";"";"";"";"";"";"";""
"Foot Armor";"";"";"T8_SHOES_LEATHER_PROTOTYPE@2";"T8_SHOES_LEATHER_PROTOTYPE@2";"[T8] T8_SHOES_LEATHER_PROTOTYPE@2 .2";"";"";"";"";"";"";""
"Foot Armor";"";"";"T8_SHOES_LEATHER_PROTOTYPE@3";"T8_SHOES_LEATHER_PROTOTYPE@3";"[T8] T8_SHOES_LEATHER_PROTOTYPE@3 .3";"";"";"";"";"";"";""
"Foot Armor";"";"";"T8_SHOES_LEATHER_PROTOTYPE@4";"T8_SHOES_LEATHER_PROTOTYPE@4";"[T8] T8_SHOES_LEATHER_PROTOTYPE@4 .4";"";"";"";"";"";"";""
"Foot Armor";"";"";"T8_SHOES_PLATE_PROTOTYPE";"T8_SHOES_PLATE_PROTOTYPE";"[T8] T8_SHOES_PLATE_PROTOTYPE";"";"";"";"";"";"";""
"Foot Armor";"";"";"T8_SHOES_PLATE_PROTOTYPE@1";"T8_SHOES_PLATE_PROTOTYPE@1";"[T8] T8_SHOES_PLATE_PROTOTYPE@1 .1";"";"";"";"";"";"";""
"Foot Armor";"";"";"T8_SHOES_PLATE_PROTOTYPE@2";"T8_SHOES_PLATE_PROTOTYPE@2";"[T8] T8_SHOES_PLATE_PROTOTYPE@2 .2";"";"";"";"";"";"";""
"Foot Armor";"";"";"T8_SHOES_PLATE_PROTOTYPE@3";"T8_SHOES_PLATE_PROTOTYPE@3";"[T8] T8_SHOES_PLATE_PROTOTYPE@3 .3";"";"";"";"";"";"";""
"Foot Armor";"";"";"T8_SHOES_PLATE_PROTOTYPE@4";"T8_SHOES_PLATE_PROTOTYPE@4";"[T8] T8_SHOES_PLATE_PROTOTYPE@4 .4";"";"";"";"";"";"";""
"Foot Armor";"";"";"Titan's Boots";"UNIQUE_SHOES_VANITY_TITAN";"[T0] Titan's Boots";"";"";"";"";"";"";""
"Foot Armor";"";"";"Tracker's Boots";"UNIQUE_SHOES_VANITY_TRACKER";"[T0] Tracker's Boots";"";"";"";"";"";"";""
"Foot Armor";"";"";"Undead Legs";"UNIQUE_SHOES_VANITY_SKELETON_UNDEAD";"[T0] Undead Legs";"";"";"";"";"";"";""
"Foot Armor";"";"";"UNIQUE_SHOES_VANITY_ALCHEMIST_ANNIVERSARY";"UNIQUE_SHOES_VANITY_ALCHEMIST_ANNIVERSARY";"[T0] UNIQUE_SHOES_VANITY_ALCHEMIST_ANNIVERSARY";"";"";"";"";"";"";""
"Foot Armor";"";"";"UNIQUE_SHOES_VANITY_CORRUPTED_PREACHER_ANNIVERSARY";"UNIQUE_SHOES_VANITY_CORRUPTED_PREACHER_ANNIVERSARY";"[T0] UNIQUE_SHOES_VANITY_CORRUPTED_PREACHER_ANNIVERSARY";"";"";"";"";"";"";""
"Foot Armor";"";"";"UNIQUE_SHOES_VANITY_MARAUDER_ANNIVERSARY";"UNIQUE_SHOES_VANITY_MARAUDER_ANNIVERSARY";"[T0] UNIQUE_SHOES_VANITY_MARAUDER_ANNIVERSARY";"";"";"";"";"";"";""
"Foot Armor";"";"";"UNIQUE_SHOES_VANITY_VALKYRIE";"UNIQUE_SHOES_VANITY_VALKYRIE";"[T0] UNIQUE_SHOES_VANITY_VALKYRIE";"";"";"";"";"";"";""
"Foot Armor";"";"";"UNIQUE_UNLOCK_SHOES_VANITY_FW_SOLDIER_PLATE";"UNIQUE_UNLOCK_SHOES_VANITY_FW_SOLDIER_PLATE";"[T0] UNIQUE_UNLOCK_SHOES_VANITY_FW_SOLDIER_PLATE";"";"";"";"";"";"";""
"Foot Armor";"";"";"UNIQUE_WEAPONMASTER_SHOES_PROTOTYPE";"UNIQUE_WEAPONMASTER_SHOES_PROTOTYPE";"[T0] UNIQUE_WEAPONMASTER_SHOES_PROTOTYPE";"";"";"";"";"";"";""
"Foot Armor";"";"";"Veilweaver Claws";"T4_ARTEFACT_SHOES_PLATE_FEY";"[T4] Adept's Veilweaver Claws";"";"";"";"";"";"";""
"Foot Armor";"";"";"Warden's Boots";"UNIQUE_SHOES_VANITY_KICKSTART_2024";"[T0] Warden's Boots";"";"";"";"";"";"";""
"Foot Armor";"";"";"Warden's Legendary Boots";"UNIQUE_SHOES_VANITY_KICKSTART_2024_UPGRADE";"[T0] Warden's Legendary Boots";"";"";"";"";"";"";""
"Foot Armor";"";"";"Wardrobe Skin: Adventurer's Shoes";"UNIQUE_UNLOCK_SHOES_STARTERPACK_ELITE";"[T0] Wardrobe Skin: Adventurer's Shoes";"";"";"";"";"";"";""
"Foot Armor";"";"";"Wardrobe Skin: Arena Gladiator Boots";"UNIQUE_UNLOCK_SHOES_VANITY_GLADIATOR_ARENA";"[T0] Wardrobe Skin: Arena Gladiator Boots";"";"";"";"";"";"";""
"Foot Armor";"";"";"Wardrobe Skin: Arena Veteran's Boots";"UNIQUE_UNLOCK_SHOES_VANITY_ARENA_SET_01";"[T0] Wardrobe Skin: Arena Veteran's Boots";"";"";"";"";"";"";""
"Foot Armor";"";"";"Wardrobe Skin: Bard's Shoes";"UNIQUE_UNLOCK_SHOES_VANITY_BARD_NON_TRADABLE";"[T0] Wardrobe Skin: Bard's Shoes";"";"";"";"";"";"";""
"Foot Armor";"";"";"Wardrobe Skin: Blue Bard's Shoes";"UNIQUE_UNLOCK_SHOES_VANITY_BARD_BLUE_NON_TRADABLE";"[T0] Wardrobe Skin: Blue Bard's Shoes";"";"";"";"";"";"";""
"Foot Armor";"";"";"Wardrobe Skin: Blue Princess Shoes";"UNIQUE_UNLOCK_SHOES_VANITY_DRESS_BLUE_NON_TRADABLE";"[T0] Wardrobe Skin: Blue Princess Shoes";"";"";"";"";"";"";""
"Foot Armor";"";"";"Wardrobe Skin: Bridal Shoes";"UNIQUE_UNLOCK_SHOES_VANITY_WEDDING_DRESS";"[T0] Wardrobe Skin: Bridal Shoes";"";"";"";"";"";"";""
"Foot Armor";"";"";"Wardrobe Skin: Bunny Stalker Shoes";"UNIQUE_UNLOCK_SHOES_VANITY_EASTER";"[T0] Wardrobe Skin: Bunny Stalker Shoes";"";"";"";"";"";"";""
"Foot Armor";"";"";"Wardrobe Skin: Champion's Boots";"UNIQUE_UNLOCK_SHOES_VANITY_WARRIOR_KNIGHT";"[T0] Wardrobe Skin: Champion's Boots";"";"";"";"";"";"";""
"Foot Armor";"";"";"Wardrobe Skin: Crystal Gladiator Boots";"UNIQUE_UNLOCK_SHOES_VANITY_GLADIATOR_CRYSTAL";"[T0] Wardrobe Skin: Crystal Gladiator Boots";"";"";"";"";"";"";""
"Foot Armor";"";"";"Wardrobe Skin: Entertainer's Shoes";"UNIQUE_UNLOCK_SHOES_VANITY_ENTERTAINER_NON_TRADABLE";"[T0] Wardrobe Skin: Entertainer's Shoes";"";"";"";"";"";"";""
"Foot Armor";"";"";"Wardrobe Skin: Exiled Monk's Sandals";"UNIQUE_UNLOCK_SHOES_VANITY_PRIEST_RED_NON_TRADABLE";"[T0] Wardrobe Skin: Exiled Monk's Sandals";"";"";"";"";"";"";""
"Foot Armor";"";"";"Wardrobe Skin: Explorer's Boots";"UNIQUE_UNLOCK_SHOES_FOUNDER_ELITE";"[T0] Wardrobe Skin: Explorer's Boots";"";"";"";"";"";"";""
"Foot Armor";"";"";"Wardrobe Skin: Green Navigator's Boots";"UNIQUE_UNLOCK_SHOES_VANITY_PIRATE_GREEN_NON_TRADABLE";"[T0] Wardrobe Skin: Green Navigator's Boots";"";"";"";"";"";"";""
"Foot Armor";"";"";"Wardrobe Skin: Green Princess Shoes";"UNIQUE_UNLOCK_SHOES_VANITY_DRESS_GREEN_NON_TRADABLE";"[T0] Wardrobe Skin: Green Princess Shoes";"";"";"";"";"";"";""
"Foot Armor";"";"";"Wardrobe Skin: Groom's Shoes";"UNIQUE_UNLOCK_SHOES_VANITY_WEDDING_TUXEDO";"[T0] Wardrobe Skin: Groom's Shoes";"";"";"";"";"";"";""
"Foot Armor";"";"";"Wardrobe Skin: Harbinger's Boots";"UNIQUE_UNLOCK_SHOES_VANITY_DARK_SORCERER";"[T0] Wardrobe Skin: Harbinger's Boots";"";"";"";"";"";"";""
"Foot Armor";"";"";"Wardrobe Skin: Hygienic Boots";"UNIQUE_UNLOCK_SHOES_VANITY_PLAGUEDOC";"[T0] Wardrobe Skin: Hygienic Boots";"";"";"";"";"";"";""
"Foot Armor";"";"";"Wardrobe Skin: Innkeeper's Shoes";"UNIQUE_UNLOCK_SHOES_VANITY_INNKEEPER_NON_TRADABLE";"[T0] Wardrobe Skin: Innkeeper's Shoes";"";"";"";"";"";"";""
"Foot Armor";"";"";"Wardrobe Skin: Jester Shoes";"UNIQUE_UNLOCK_SHOES_VANITY_JESTER";"[T0] Wardrobe Skin: Jester Shoes";"";"";"";"";"";"";""
"Foot Armor";"";"";"Wardrobe Skin: Legbones";"UNIQUE_UNLOCK_SHOES_VANITY_SKELETON";"[T0] Wardrobe Skin: Legbones";"";"";"";"";"";"";""
"Foot Armor";"";"";"Wardrobe Skin: Legendary Adventurer's Boots";"UNIQUE_UNLOCK_SHOES_STARTERPACK_LEGENDARY";"[T0] Wardrobe Skin: Legendary Adventurer's Boots";"";"";"";"";"";"";""
"Foot Armor";"";"";"Wardrobe Skin: Legendary Explorer's Boots";"UNIQUE_UNLOCK_SHOES_FOUNDER_LEGENDARY";"[T0] Wardrobe Skin: Legendary Explorer's Boots";"";"";"";"";"";"";""
"Foot Armor";"";"";"Wardrobe Skin: Monk's Sandals";"UNIQUE_UNLOCK_SHOES_VANITY_PRIEST_NON_TRADABLE";"[T0] Wardrobe Skin: Monk's Sandals";"";"";"";"";"";"";""
"Foot Armor";"";"";"Wardrobe Skin: Navigator's Boots";"UNIQUE_UNLOCK_SHOES_VANITY_PIRATE_NON_TRADABLE";"[T0] Wardrobe Skin: Navigator's Boots";"";"";"";"";"";"";""
"Foot Armor";"";"";"Wardrobe Skin: Noble Knight's Shoes";"UNIQUE_UNLOCK_SHOES_VANITY_KNIGHT_AOCP_NON_TRADABLE";"[T0] Wardrobe Skin: Noble Knight's Shoes";"";"";"";"";"";"";""
"Foot Armor";"";"";"Wardrobe Skin: Noblewoman's Shoes";"UNIQUE_UNLOCK_SHOES_VANITY_DRESS_BLACK_NON_TRADABLE";"[T0] Wardrobe Skin: Noblewoman's Shoes";"";"";"";"";"";"";""
"Foot Armor";"";"";"Wardrobe Skin: Paragon's Boots";"UNIQUE_UNLOCK_SHOES_VANITY_WARRIOR_KING";"[T0] Wardrobe Skin: Paragon's Boots";"";"";"";"";"";"";""
"Foot Armor";"";"";"Wardrobe Skin: Purple Rich Noble's Footwear";"UNIQUE_UNLOCK_SHOES_VANITY_RICH_NOBLE_PURPLE_NON_TRADABLE";"[T0] Wardrobe Skin: Purple Rich Noble's Footwear";"";"";"";"";"";"";""
"Foot Armor";"";"";"Wardrobe Skin: Red Tulip Shoes";"UNIQUE_UNLOCK_SHOES_VANITY_DRESS_RED";"[T0] Wardrobe Skin: Red Tulip Shoes";"";"";"";"";"";"";""
"Foot Armor";"";"";"Wardrobe Skin: Rich Noble's Footwear";"UNIQUE_UNLOCK_SHOES_VANITY_RICH_NOBLE";"[T0] Wardrobe Skin: Rich Noble's Footwear";"";"";"";"";"";"";""
"Foot Armor";"";"";"Wardrobe Skin: Sea Captain's Boots";"UNIQUE_UNLOCK_SHOES_VANITY_FOUNDER_ASIA_CRYSTAL";"[T0] Wardrobe Skin: Sea Captain's Boots";"";"";"";"";"";"";""
"Foot Armor";"";"";"Wardrobe Skin: Seafarer's Boots";"UNIQUE_UNLOCK_SHOES_VANITY_FOUNDER_ASIA_GOLD";"[T0] Wardrobe Skin: Seafarer's Boots";"";"";"";"";"";"";""
"Foot Armor";"";"";"Wardrobe Skin: Smuggler's Boots";"UNIQUE_UNLOCK_SHOES_VANITY_SMUGGLER";"[T0] Wardrobe Skin: Smuggler's Boots";"";"";"";"";"";"";""
"Foot Armor";"";"";"Wardrobe Skin: Undead Legs";"UNIQUE_UNLOCK_SHOES_VANITY_SKELETON_UNDEAD";"[T0] Wardrobe Skin: Undead Legs";"";"";"";"";"";"";""
"Foot Armor";"";"";"Wardrobe Skin: Warden's Boots";"UNIQUE_UNLOCK_SHOES_VANITY_KICKSTART_2024";"[T0] Wardrobe Skin: Warden's Boots";"";"";"";"";"";"";""
"Foot Armor";"";"";"Wardrobe Skin: Warden's Legendary Boots";"UNIQUE_UNLOCK_SHOES_VANITY_KICKSTART_2024_UPGRADE";"[T0] Wardrobe Skin: Warden's Legendary Boots";"";"";"";"";"";"";""
"Foot Armor";"";"";"Wardrobe Skin: Warlock's Boots";"UNIQUE_UNLOCK_SHOES_VANITY_DARK_NOVICE";"[T0] Wardrobe Skin: Warlock's Boots";"";"";"";"";"";"";""
"Foot Armor";"";"";"Wardrobe Skin: Yule Shoes";"UNIQUE_UNLOCK_SHOES_VANITY_SANTACLAUS";"[T0] Wardrobe Skin: Yule Shoes";"";"";"";"";"";"";""
"Foot Armor";"";"";"Warlock's Boots";"UNIQUE_SHOES_VANITY_DARK_NOVICE";"[T0] Warlock's Boots";"";"";"";"";"";"";""
"Foot Armor";"";"";"Yule Shoes";"UNIQUE_SHOES_VANITY_SANTACLAUS";"[T0] Yule Shoes";"";"";"";"";"";"";""
"Foot Armor";"";"";"Zealot's Shoes";"UNIQUE_SHOES_VANITY_ZEALOT";"[T0] Zealot's Shoes";"";"";"";"";"";"";""
"Head Armor";"";"";"Academic Biretta";"UNIQUE_VANITY_HEAD_TUTORIAL_COMPLETED_AJ";"[T0] Academic Biretta";"";"";"";"";"";"";""
"Head Armor";"";"";"Adventurer's Helmet";"UNIQUE_HEAD_STARTERPACK_ELITE";"[T0] Adventurer's Helmet";"";"";"";"";"";"";""
"Head Armor";"";"";"Alchemist's Glasses";"UNIQUE_HEAD_VANITY_ALCHEMIST";"[T0] Alchemist's Glasses";"";"";"";"";"";"";""
"Head Armor";"";"";"Alluring Padding";"T4_ARTEFACT_HEAD_CLOTH_MORGANA";"[T4] Adept's Alluring Padding";"";"";"";"";"";"";""
"Head Armor";"";"";"Ancient Padding";"T4_ARTEFACT_HEAD_PLATE_UNDEAD";"[T4] Adept's Ancient Padding";"";"";"";"";"";"";""
"Head Armor";"";"";"Angry Pumpkin Head";"UNIQUE_HEAD_VANITY_PUMPKIN_03";"[T0] Angry Pumpkin Head";"";"";"";"";"";"";""
"Head Armor";"";"";"Anniversary Barbarian's Helmet";"UNIQUE_HEAD_VANITY_BARBARIAN_ANNIVERSARY";"[T0] Anniversary Barbarian's Helmet";"";"";"";"";"";"";""
"Head Armor";"";"";"Anniversary Paladin's Helmet";"UNIQUE_HEAD_VANITY_PALADIN_ANNIVERSARY";"[T0] Anniversary Paladin's Helmet";"";"";"";"";"";"";""
"Head Armor";"";"";"Anniversary Priest's Hood";"UNIQUE_HEAD_VANITY_PRIEST_HOLY_ANNIVERSARY";"[T0] Anniversary Priest's Hood";"";"";"";"";"";"";""
"Head Armor";"";"";"Arcanist's Helmet";"UNIQUE_HEAD_VANITY_BATTLEMAGE";"[T0] Arcanist's Helmet";"";"";"";"";"";"";""
"Head Armor";"";"";"Arena Gladiator Helm";"UNIQUE_HEAD_VANITY_GLADIATOR_ARENA";"[T0] Arena Gladiator Helm";"";"";"";"";"";"";""
"Head Armor";"";"";"Arena Veteran's Circlet";"UNIQUE_HEAD_VANITY_ARENA_SET_01";"[T0] Arena Veteran's Circlet";"";"";"";"";"";"";""
"Head Armor";"";"";"Arena Veteran's Eyepatch";"UNIQUE_HEAD_VANITY_ARENA_EYEPATCH";"[T0] Arena Veteran's Eyepatch";"";"";"";"";"";"";""
"Head Armor";"";"";"Assassin Hood";"T4_HEAD_LEATHER_SET3";"[T4] Adept's Assassin Hood";"";"";"";"";"";"";""
"Head Armor";"";"";"Assassin's Mask";"UNIQUE_HEAD_VANITY_ASSASSIN";"[T0] Assassin's Mask";"";"";"";"";"";"";""
"Head Armor";"";"";"Augured Padding";"T4_ARTEFACT_HEAD_LEATHER_AVALON";"[T4] Adept's Augured Padding";"";"";"";"";"";"";""
"Head Armor";"";"";"Barbarian's Helmet";"UNIQUE_HEAD_VANITY_BARBARIAN";"[T0] Barbarian's Helmet";"";"";"";"";"";"";""
"Head Armor";"";"";"Bard's Hat";"UNIQUE_HEAD_VANITY_BARD";"[T0] Bard's Hat";"";"";"";"";"";"";""
"Head Armor";"";"";"Beginner's Mercenary Hood";"T1_HEAD_LEATHER_SET1";"[T1] Beginner's Mercenary Hood";"";"";"";"";"";"";""
"Head Armor";"";"";"Black Sleeping Cap";"UNIQUE_HEAD_VANITY_NIGHTGOWN_BLACK";"[T0] Black Sleeping Cap";"";"";"";"";"";"";""
"Head Armor";"";"";"Blue Bard's Hat";"UNIQUE_HEAD_VANITY_BARD_BLUE";"[T0] Blue Bard's Hat";"";"";"";"";"";"";""
"Head Armor";"";"";"Blue Princess Hat";"UNIQUE_HEAD_VANITY_DRESS_BLUE";"[T0] Blue Princess Hat";"";"";"";"";"";"";""
"Head Armor";"";"";"Bridal Veil";"UNIQUE_HEAD_VANITY_WEDDING_DRESS";"[T0] Bridal Veil";"";"";"";"";"";"";""
"Head Armor";"";"";"Bunny Stalker Hat";"UNIQUE_HEAD_VANITY_EASTER_BROWN";"[T0] Bunny Stalker Hat";"";"";"";"";"";"";""
"Head Armor";"";"";"Carved Skull Padding";"T4_ARTEFACT_HEAD_PLATE_KEEPER";"[T4] Adept's Carved Skull Padding";"";"";"";"";"";"";""
"Head Armor";"";"";"Champion's Visage";"UNIQUE_HEAD_VANITY_WARRIOR_KNIGHT";"[T0] Champion's Visage";"";"";"";"";"";"";""
"Head Armor";"";"";"Cleric Cowl";"T4_HEAD_CLOTH_SET2";"[T4] Adept's Cleric Cowl";"";"";"";"";"";"";""
"Head Armor";"";"";"Commander's Aspect";"UNIQUE_HEAD_VANITY_FW_COMMANDER";"[T0] Commander's Aspect";"";"";"";"";"";"";""
"Head Armor";"";"";"Corrupted Preacher's Hat";"UNIQUE_HEAD_VANITY_CORRUPTED_PREACHER";"[T0] Corrupted Preacher's Hat";"";"";"";"";"";"";""
"Head Armor";"";"";"Cowl of Purity";"T4_HEAD_CLOTH_AVALON";"[T4] Adept's Cowl of Purity";"";"";"";"";"";"";""
"Head Armor";"";"";"Cryomancer's Aspect";"UNIQUE_HEAD_VANITY_FROSTMAGE";"[T0] Cryomancer's Aspect";"";"";"";"";"";"";""
"Head Armor";"";"";"Crystal Gladiator Helm";"UNIQUE_HEAD_VANITY_GLADIATOR_CRYSTAL";"[T0] Crystal Gladiator Helm";"";"";"";"";"";"";""
"Head Armor";"";"";"Cultist Cowl";"T4_HEAD_CLOTH_MORGANA";"[T4] Adept's Cultist Cowl";"";"";"";"";"";"";""
"Head Armor";"";"";"Delightful Straw Hat";"UNIQUE_HEAD_VANITY_FARMER_COZY_AJ";"[T0] Delightful Straw Hat";"";"";"";"";"";"";""
"Head Armor";"";"";"Demon Helmet";"T4_HEAD_PLATE_HELL";"[T4] Adept's Demon Helmet";"";"";"";"";"";"";""
"Head Armor";"";"";"Demon Hunter's Hat";"UNIQUE_HEAD_VANITY_DEMONHUNTER";"[T0] Demon Hunter's Hat";"";"";"";"";"";"";""
"Head Armor";"";"";"Demonhide Padding";"T4_ARTEFACT_HEAD_LEATHER_HELL";"[T4] Adept's Demonhide Padding";"";"";"";"";"";"";""
"Head Armor";"";"";"Demonic Scraps";"T4_ARTEFACT_HEAD_PLATE_HELL";"[T4] Adept's Demonic Scraps";"";"";"";"";"";"";""
"Head Armor";"";"";"Demonic Warrior's Helmet";"UNIQUE_HEAD_VANITY_DEMONICWARRIOR";"[T0] Demonic Warrior's Helmet";"";"";"";"";"";"";""
"Head Armor";"";"";"Destiny's Circlet";"UNIQUE_HEAD_VANITY_DESTINY_STONES_AJ";"[T0] Destiny's Circlet";"";"";"";"";"";"";""
"Head Armor";"";"";"Druid Cowl";"T4_HEAD_CLOTH_KEEPER";"[T4] Adept's Druid Cowl";"";"";"";"";"";"";""
"Head Armor";"";"";"Druidic Preserved Beak";"T4_ARTEFACT_HEAD_CLOTH_KEEPER";"[T4] Adept's Druidic Preserved Beak";"";"";"";"";"";"";""
"Head Armor";"";"";"Druid's Horns";"UNIQUE_HEAD_VANITY_DRUID";"[T0] Druid's Horns";"";"";"";"";"";"";""
"Head Armor";"";"";"Duelist's Hat";"UNIQUE_HEAD_VANITY_DUELIST";"[T0] Duelist's Hat";"";"";"";"";"";"";""
"Head Armor";"";"";"Duskweaver Helmet";"T4_HEAD_PLATE_FEY";"[T4] Adept's Duskweaver Helmet";"";"";"";"";"";"";""
"Head Armor";"";"";"Elite Green Knight's Helmet";"UNIQUE_HEAD_VANITY_KNIGHT_GREEN_ELITE";"[T0] Elite Green Knight's Helmet";"";"";"";"";"";"";""
"Head Armor";"";"";"Entertainer's Mask";"UNIQUE_HEAD_VANITY_ENTERTAINER";"[T0] Entertainer's Mask";"";"";"";"";"";"";""
"Head Armor";"";"";"Exalted Visor";"T4_ARTEFACT_HEAD_PLATE_AVALON";"[T4] Adept's Exalted Visor";"";"";"";"";"";"";""
"Head Armor";"";"";"Exiled Monk's Hood";"UNIQUE_HEAD_VANITY_PRIEST_RED";"[T0] Exiled Monk's Hood";"";"";"";"";"";"";""
"Head Armor";"";"";"Explorer's Hat";"UNIQUE_HEAD_FOUNDER_ELITE";"[T0] Explorer's Hat";"";"";"";"";"";"";""
"Head Armor";"";"";"Faction Legionnaire's Helm";"UNIQUE_HEAD_VANITY_FW_SOLDIER_PLATE";"[T0] Faction Legionnaire's Helm";"";"";"";"";"";"";""
"Head Armor";"";"";"Feyscale Hat";"T4_HEAD_CLOTH_FEY";"[T4] Adept's Feyscale Hat";"";"";"";"";"";"";""
"Head Armor";"";"";"Fiend Cowl";"T4_HEAD_CLOTH_HELL";"[T4] Adept's Fiend Cowl";"";"";"";"";"";"";""
"Head Armor";"";"";"Fisherman Cap";"T4_HEAD_GATHERER_FISH";"[T4] Adept's Fisherman Cap";"";"";"";"";"";"";""
"Head Armor";"";"";"Flawless Griffin Beak";"T4_ARTEFACT_HEAD_LEATHER_FEY";"[T4] Adept's Flawless Griffin Beak";"";"";"";"";"";"";""
"Head Armor";"";"";"Frost Knight's Helmet";"UNIQUE_HEAD_VANITY_FROSTKNIGHT";"[T0] Frost Knight's Helmet";"";"";"";"";"";"";""
"Head Armor";"";"";"Fullfilled Destiny's Circlet";"UNIQUE_HEAD_VANITY_DESTINY_STONES_ADVANCED_AJ";"[T0] Fullfilled Destiny's Circlet";"";"";"";"";"";"";""
"Head Armor";"";"";"Game Master's Hat";"UNIQUE_INTERNAL_HEAD_GAMEMASTER";"[T0] Game Master's Hat";"";"";"";"";"";"";""
"Head Armor";"";"";"Ghastly Visor";"T4_ARTEFACT_HEAD_LEATHER_UNDEAD";"[T4] Adept's Ghastly Visor";"";"";"";"";"";"";""
"Head Armor";"";"";"Graveguard Helmet";"T4_HEAD_PLATE_UNDEAD";"[T4] Adept's Graveguard Helmet";"";"";"";"";"";"";""
"Head Armor";"";"";"Green Knight's Helmet";"UNIQUE_HEAD_VANITY_KNIGHT_GREEN";"[T0] Green Knight's Helmet";"";"";"";"";"";"";""
"Head Armor";"";"";"Green Navigator's Hat";"UNIQUE_HEAD_VANITY_PIRATE_GREEN";"[T0] Green Navigator's Hat";"";"";"";"";"";"";""
"Head Armor";"";"";"Green Princess Hat";"UNIQUE_HEAD_VANITY_DRESS_GREEN";"[T0] Green Princess Hat";"";"";"";"";"";"";""
"Head Armor";"";"";"Grinning Pumpkin Head";"UNIQUE_HEAD_VANITY_PUMPKIN_01";"[T0] Grinning Pumpkin Head";"";"";"";"";"";"";""
"Head Armor";"";"";"Groom's Hat";"UNIQUE_HEAD_VANITY_WEDDING_TUXEDO";"[T0] Groom's Hat";"";"";"";"";"";"";""
"Head Armor";"";"";"Guardian Helmet";"T4_HEAD_PLATE_SET3";"[T4] Adept's Guardian Helmet";"";"";"";"";"";"";""
"Head Armor";"";"";"Harbinger's Crown";"UNIQUE_HEAD_VANITY_DARK_SORCERER";"[T0] Harbinger's Crown";"";"";"";"";"";"";""
"Head Armor";"";"";"Harvester Cap";"T4_HEAD_GATHERER_FIBER";"[T4] Adept's Harvester Cap";"";"";"";"";"";"";""
"Head Armor";"";"";"Hellion Hood";"T4_HEAD_LEATHER_HELL";"[T4] Adept's Hellion Hood";"";"";"";"";"";"";""
"Head Armor";"";"";"Helmet of Valor";"T4_HEAD_PLATE_AVALON";"[T4] Adept's Helmet of Valor";"";"";"";"";"";"";""
"Head Armor";"";"";"Hide Cape";"UNIQUE_HEAD_VANITY_NO_CAPE";"[T0] Hide Cape";"";"";"";"";"";"";""
"Head Armor";"";"";"Hide Helmet";"UNIQUE_HEAD_VANITY_NO_HELMET";"[T0] Hide Helmet";"";"";"";"";"";"";""
"Head Armor";"";"";"Hide Off-Hand";"UNIQUE_HEAD_VANITY_NO_OFF_HAND";"[T0] Hide Off-Hand";"";"";"";"";"";"";""
"Head Armor";"";"";"Hood of Tenacity";"T4_HEAD_LEATHER_AVALON";"[T4] Adept's Hood of Tenacity";"";"";"";"";"";"";""
"Head Armor";"";"";"Hunter Hood";"T4_HEAD_LEATHER_SET2";"[T4] Adept's Hunter Hood";"";"";"";"";"";"";""
"Head Armor";"";"";"Hygienic Mask";"UNIQUE_HEAD_VANITY_PLAGUEDOC";"[T0] Hygienic Mask";"";"";"";"";"";"";""
"Head Armor";"";"";"Imbued Visor";"T4_ARTEFACT_HEAD_LEATHER_MORGANA";"[T4] Adept's Imbued Visor";"";"";"";"";"";"";""
"Head Armor";"";"";"Infernal Cloth Visor";"T4_ARTEFACT_HEAD_CLOTH_HELL";"[T4] Adept's Infernal Cloth Visor";"";"";"";"";"";"";""
"Head Armor";"";"";"Innkeeper's Hat";"UNIQUE_HEAD_VANITY_INNKEEPER";"[T0] Innkeeper's Hat";"";"";"";"";"";"";""
"Head Armor";"";"";"Intact Fey Fibula";"T4_ARTEFACT_HEAD_CLOTH_FEY";"[T4] Adept's Intact Fey Fibula";"";"";"";"";"";"";""
"Head Armor";"";"";"Jester Mask";"UNIQUE_HEAD_VANITY_JESTER";"[T0] Jester Mask";"";"";"";"";"";"";""
"Head Armor";"";"";"Judicator Helmet";"T4_HEAD_PLATE_KEEPER";"[T4] Adept's Judicator Helmet";"";"";"";"";"";"";""
"Head Armor";"";"";"Keeper of Souls Cowl";"UNIQUE_HEAD_VANITY_SOULKEEPER";"[T0] Keeper of Souls Cowl";"";"";"";"";"";"";""
"Head Armor";"";"";"Knight Adventurer's Helmet";"UNIQUE_HEAD_VANITY_KNIGHT";"[T0] Knight Adventurer's Helmet";"";"";"";"";"";"";""
"Head Armor";"";"";"Knight Adventurer's Heraldic Helmet";"UNIQUE_HEAD_VANITY_KNIGHT_GUILD_COLORED";"[T0] Knight Adventurer's Heraldic Helmet";"";"";"";"";"";"";""
"Head Armor";"";"";"Knight Helmet";"T4_HEAD_PLATE_SET2";"[T4] Adept's Knight Helmet";"";"";"";"";"";"";""
"Head Armor";"";"";"Laughing Skull";"UNIQUE_HEAD_VANITY_SKELETON";"[T0] Laughing Skull";"";"";"";"";"";"";""
"Head Armor";"";"";"Legendary Adventurer's Hat";"UNIQUE_HEAD_STARTERPACK_LEGENDARY";"[T0] Legendary Adventurer's Hat";"";"";"";"";"";"";""
"Head Armor";"";"";"Legendary Explorer's Hat";"UNIQUE_HEAD_FOUNDER_LEGENDARY";"[T0] Legendary Explorer's Hat";"";"";"";"";"";"";""
"Head Armor";"";"";"Lovely Straw Hat";"UNIQUE_HEAD_VANITY_FARMER_AJ";"[T0] Lovely Straw Hat";"";"";"";"";"";"";""
"Head Armor";"";"";"Lumberjack Cap";"T4_HEAD_GATHERER_WOOD";"[T4] Adept's Lumberjack Cap";"";"";"";"";"";"";""
"Head Armor";"";"";"Mage Adventurer's Hat";"UNIQUE_HEAD_VANITY_MAGE";"[T0] Mage Adventurer's Hat";"";"";"";"";"";"";""
"Head Armor";"";"";"Mage Adventurer's Heraldic Hat";"UNIQUE_HEAD_VANITY_MAGE_GUILD_COLORED";"[T0] Mage Adventurer's Heraldic Hat";"";"";"";"";"";"";""
"Head Armor";"";"";"Mage Cowl";"T4_HEAD_CLOTH_SET3";"[T4] Adept's Mage Cowl";"";"";"";"";"";"";""
"Head Armor";"";"";"Malevolent Helmet";"UNIQUE_HEAD_VANITY_SHADOW_HELMET_RED_AJ";"[T0] Malevolent Helmet";"";"";"";"";"";"";""
"Head Armor";"";"";"Master of Bats Helmet";"UNIQUE_HEAD_TELLAFRIEND_BATRIDER";"[T0] Master of Bats Helmet";"";"";"";"";"";"";""
"Head Armor";"";"";"Master of Fists Hat";"UNIQUE_HEAD_VANITY_MONK_HAT";"[T0] Master of Fists Hat";"";"";"";"";"";"";""
"Head Armor";"";"";"Master of Fists Heraldic Mask";"UNIQUE_HEAD_VANITY_MONK_MASK_GUILD_COLORED";"[T0] Master of Fists Heraldic Mask";"";"";"";"";"";"";""
"Head Armor";"";"";"Master of Fists Mask";"UNIQUE_HEAD_VANITY_MONK_MASK";"[T0] Master of Fists Mask";"";"";"";"";"";"";""
"Head Armor";"";"";"Master of Fists Tattoo";"UNIQUE_HEAD_VANITY_MONK";"[T0] Master of Fists Tattoo";"";"";"";"";"";"";""
"Head Armor";"";"";"Mercenary Hood";"T2_HEAD_LEATHER_SET1";"[T2] Novice's Mercenary Hood";"";"";"";"";"";"";""
"Head Armor";"";"";"Miner Cap";"T4_HEAD_GATHERER_ORE";"[T4] Adept's Miner Cap";"";"";"";"";"";"";""
"Head Armor";"";"";"Mistwalker Hood";"T4_HEAD_LEATHER_FEY";"[T4] Adept's Mistwalker Hood";"";"";"";"";"";"";""
"Head Armor";"";"";"Monk's Hood";"UNIQUE_HEAD_VANITY_PRIEST";"[T0] Monk's Hood";"";"";"";"";"";"";""
"Head Armor";"";"";"Navigator's Hat";"UNIQUE_HEAD_VANITY_PIRATE";"[T0] Navigator's Hat";"";"";"";"";"";"";""
"Head Armor";"";"";"Noble Knight's Helmet";"UNIQUE_HEAD_VANITY_KNIGHT_AOCP";"[T0] Noble Knight's Helmet";"";"";"";"";"";"";""
"Head Armor";"";"";"Noblewoman's Jewelry";"UNIQUE_HEAD_VANITY_DRESS_BLACK";"[T0] Noblewoman's Jewelry";"";"";"";"";"";"";""
"Head Armor";"";"";"Paladin's Helmet";"UNIQUE_HEAD_VANITY_PALADIN";"[T0] Paladin's Helmet";"";"";"";"";"";"";""
"Head Armor";"";"";"Paragon's Crown";"UNIQUE_HEAD_VANITY_WARRIOR_KING";"[T0] Paragon's Crown";"";"";"";"";"";"";""
"Head Armor";"";"";"Priest's Hood";"UNIQUE_HEAD_VANITY_PRIEST_HOLY";"[T0] Priest's Hood";"";"";"";"";"";"";""
"Head Armor";"";"";"Purple Rich Noble's Hat";"UNIQUE_HEAD_VANITY_RICH_NOBLE_PURPLE";"[T0] Purple Rich Noble's Hat";"";"";"";"";"";"";""
"Head Armor";"";"";"Pyromancer's Aspect";"UNIQUE_HEAD_VANITY_FIREMAGE";"[T0] Pyromancer's Aspect";"";"";"";"";"";"";""
"Head Armor";"";"";"Quarrier Cap";"T4_HEAD_GATHERER_ROCK";"[T4] Adept's Quarrier Cap";"";"";"";"";"";"";""
"Head Armor";"";"";"Ranger's Hood";"UNIQUE_HEAD_VANITY_RANGER_HOOD";"[T0] Ranger's Hood";"";"";"";"";"";"";""
"Head Armor";"";"";"Ranger's Mask";"UNIQUE_HEAD_VANITY_RANGER_MASK";"[T0] Ranger's Mask";"";"";"";"";"";"";""
"Head Armor";"";"";"Reaver's Helmet";"UNIQUE_HEAD_VANITY_MARAUDER";"[T0] Reaver's Helmet";"";"";"";"";"";"";""
"Head Armor";"";"";"Red Tulip Hat";"UNIQUE_HEAD_VANITY_DRESS_RED";"[T0] Red Tulip Hat";"";"";"";"";"";"";""
"Head Armor";"";"";"Rich Noble's Hat";"UNIQUE_HEAD_VANITY_RICH_NOBLE";"[T0] Rich Noble's Hat";"";"";"";"";"";"";""
"Head Armor";"";"";"Rogue Adventurer's Hood";"UNIQUE_HEAD_VANITY_ROGUE";"[T0] Rogue Adventurer's Hood";"";"";"";"";"";"";""
"Head Armor";"";"";"Royal Cowl";"T4_HEAD_CLOTH_ROYAL";"[T4] Adept's Royal Cowl";"";"";"";"";"";"";""
"Head Armor";"";"";"Royal Helmet";"T4_HEAD_PLATE_ROYAL";"[T4] Adept's Royal Helmet";"";"";"";"";"";"";""
"Head Armor";"";"";"Royal Hood";"T4_HEAD_LEATHER_ROYAL";"[T4] Adept's Royal Hood";"";"";"";"";"";"";""
"Head Armor";"";"";"Sad Pumpkin Head";"UNIQUE_HEAD_VANITY_PUMPKIN_02";"[T0] Sad Pumpkin Head";"";"";"";"";"";"";""
"Head Armor";"";"";"Sanctified Mask";"T4_ARTEFACT_HEAD_CLOTH_AVALON";"[T4] Adept's Sanctified Mask";"";"";"";"";"";"";""
"Head Armor";"";"";"Scholar Cowl";"T2_HEAD_CLOTH_SET1";"[T2] Novice's Scholar Cowl";"";"";"";"";"";"";""
"Head Armor";"";"";"Sea Captain's Hat";"UNIQUE_HEAD_VANITY_FOUNDER_ASIA_CRYSTAL";"[T0] Sea Captain's Hat";"";"";"";"";"";"";""
"Head Armor";"";"";"Seafarer's Bandana";"UNIQUE_HEAD_VANITY_FOUNDER_ASIA_GOLD";"[T0] Seafarer's Bandana";"";"";"";"";"";"";""
"Head Armor";"";"";"Sinister Helmet";"UNIQUE_HEAD_VANITY_SHADOW_HELMET_ORANGE_AJ";"[T0] Sinister Helmet";"";"";"";"";"";"";""
"Head Armor";"";"";"Skinner Cap";"T4_HEAD_GATHERER_HIDE";"[T4] Adept's Skinner Cap";"";"";"";"";"";"";""
"Head Armor";"";"";"Sleeping Cap";"UNIQUE_HEAD_VANITY_NIGHTGOWN";"[T0] Sleeping Cap";"";"";"";"";"";"";""
"Head Armor";"";"";"Sleeping Cap with Bell";"UNIQUE_HEAD_VANITY_NIGHTGOWN_BELL";"[T0] Sleeping Cap with Bell";"";"";"";"";"";"";""
"Head Armor";"";"";"Smuggler's Hat";"UNIQUE_HEAD_VANITY_SMUGGLER";"[T0] Smuggler's Hat";"";"";"";"";"";"";""
"Head Armor";"";"";"Snow Bunny Stalker Hat";"UNIQUE_HEAD_VANITY_EASTER_WHITE";"[T0] Snow Bunny Stalker Hat";"";"";"";"";"";"";""
"Head Armor";"";"";"Soldier Helmet";"T2_HEAD_PLATE_SET1";"[T2] Novice's Soldier Helmet";"";"";"";"";"";"";""
"Head Armor";"";"";"Specter Hood";"T4_HEAD_LEATHER_UNDEAD";"[T4] Adept's Specter Hood";"";"";"";"";"";"";""
"Head Armor";"";"";"Stalker Hood";"T4_HEAD_LEATHER_MORGANA";"[T4] Adept's Stalker Hood";"";"";"";"";"";"";""
"Head Armor";"";"";"Swampstrider's Mask";"UNIQUE_HEAD_VANITY_PRIEST_DARK_SWAMP";"[T0] Swampstrider's Mask";"";"";"";"";"";"";""
"Head Armor";"";"";"T4_DEBUG_HEAD_HIDDEN";"T4_DEBUG_HEAD_HIDDEN";"[T4] T4_DEBUG_HEAD_HIDDEN";"";"";"";"";"";"";""
"Head Armor";"";"";"T8_HEAD_CLOTH_PROTOTYPE";"T8_HEAD_CLOTH_PROTOTYPE";"[T8] T8_HEAD_CLOTH_PROTOTYPE";"";"";"";"";"";"";""
"Head Armor";"";"";"T8_HEAD_CLOTH_PROTOTYPE@1";"T8_HEAD_CLOTH_PROTOTYPE@1";"[T8] T8_HEAD_CLOTH_PROTOTYPE@1 .1";"";"";"";"";"";"";""
"Head Armor";"";"";"T8_HEAD_CLOTH_PROTOTYPE@2";"T8_HEAD_CLOTH_PROTOTYPE@2";"[T8] T8_HEAD_CLOTH_PROTOTYPE@2 .2";"";"";"";"";"";"";""
"Head Armor";"";"";"T8_HEAD_CLOTH_PROTOTYPE@3";"T8_HEAD_CLOTH_PROTOTYPE@3";"[T8] T8_HEAD_CLOTH_PROTOTYPE@3 .3";"";"";"";"";"";"";""
"Head Armor";"";"";"T8_HEAD_CLOTH_PROTOTYPE@4";"T8_HEAD_CLOTH_PROTOTYPE@4";"[T8] T8_HEAD_CLOTH_PROTOTYPE@4 .4";"";"";"";"";"";"";""
"Head Armor";"";"";"T8_HEAD_LEATHER_PROTOTYPE";"T8_HEAD_LEATHER_PROTOTYPE";"[T8] T8_HEAD_LEATHER_PROTOTYPE";"";"";"";"";"";"";""
"Head Armor";"";"";"T8_HEAD_LEATHER_PROTOTYPE@1";"T8_HEAD_LEATHER_PROTOTYPE@1";"[T8] T8_HEAD_LEATHER_PROTOTYPE@1 .1";"";"";"";"";"";"";""
"Head Armor";"";"";"T8_HEAD_LEATHER_PROTOTYPE@2";"T8_HEAD_LEATHER_PROTOTYPE@2";"[T8] T8_HEAD_LEATHER_PROTOTYPE@2 .2";"";"";"";"";"";"";""
"Head Armor";"";"";"T8_HEAD_LEATHER_PROTOTYPE@3";"T8_HEAD_LEATHER_PROTOTYPE@3";"[T8] T8_HEAD_LEATHER_PROTOTYPE@3 .3";"";"";"";"";"";"";""
"Head Armor";"";"";"T8_HEAD_LEATHER_PROTOTYPE@4";"T8_HEAD_LEATHER_PROTOTYPE@4";"[T8] T8_HEAD_LEATHER_PROTOTYPE@4 .4";"";"";"";"";"";"";""
"Head Armor";"";"";"T8_HEAD_PLATE_PROTOTYPE";"T8_HEAD_PLATE_PROTOTYPE";"[T8] T8_HEAD_PLATE_PROTOTYPE";"";"";"";"";"";"";""
"Head Armor";"";"";"T8_HEAD_PLATE_PROTOTYPE@1";"T8_HEAD_PLATE_PROTOTYPE@1";"[T8] T8_HEAD_PLATE_PROTOTYPE@1 .1";"";"";"";"";"";"";""
"Head Armor";"";"";"T8_HEAD_PLATE_PROTOTYPE@2";"T8_HEAD_PLATE_PROTOTYPE@2";"[T8] T8_HEAD_PLATE_PROTOTYPE@2 .2";"";"";"";"";"";"";""
"Head Armor";"";"";"T8_HEAD_PLATE_PROTOTYPE@3";"T8_HEAD_PLATE_PROTOTYPE@3";"[T8] T8_HEAD_PLATE_PROTOTYPE@3 .3";"";"";"";"";"";"";""
"Head Armor";"";"";"T8_HEAD_PLATE_PROTOTYPE@4";"T8_HEAD_PLATE_PROTOTYPE@4";"[T8] T8_HEAD_PLATE_PROTOTYPE@4 .4";"";"";"";"";"";"";""
"Head Armor";"";"";"Titan's Helmet";"UNIQUE_HEAD_VANITY_TITAN";"[T0] Titan's Helmet";"";"";"";"";"";"";""
"Head Armor";"";"";"Tracker's Hood";"UNIQUE_HEAD_VANITY_TRACKER";"[T0] Tracker's Hood";"";"";"";"";"";"";""
"Head Armor";"";"";"Uncle Frost's Hat";"UNIQUE_HEAD_XMAS";"[T0] Uncle Frost's Hat";"";"";"";"";"";"";""
"Head Armor";"";"";"Undead Skull";"UNIQUE_HEAD_VANITY_SKELETON_UNDEAD";"[T0] Undead Skull";"";"";"";"";"";"";""
"Head Armor";"";"";"UNIQUE_HEAD_VANITY_ALCHEMIST_ANNIVERSARY";"UNIQUE_HEAD_VANITY_ALCHEMIST_ANNIVERSARY";"[T0] UNIQUE_HEAD_VANITY_ALCHEMIST_ANNIVERSARY";"";"";"";"";"";"";""
"Head Armor";"";"";"UNIQUE_HEAD_VANITY_CORRUPTED_PREACHER_ANNIVERSARY";"UNIQUE_HEAD_VANITY_CORRUPTED_PREACHER_ANNIVERSARY";"[T0] UNIQUE_HEAD_VANITY_CORRUPTED_PREACHER_ANNIVERSARY";"";"";"";"";"";"";""
"Head Armor";"";"";"UNIQUE_HEAD_VANITY_DESTINY_SHARDS_05";"UNIQUE_HEAD_VANITY_DESTINY_SHARDS_05";"[T0] UNIQUE_HEAD_VANITY_DESTINY_SHARDS_05";"";"";"";"";"";"";""
"Head Armor";"";"";"UNIQUE_HEAD_VANITY_DRAGONKEEPER_AJ";"UNIQUE_HEAD_VANITY_DRAGONKEEPER_AJ";"[T0] UNIQUE_HEAD_VANITY_DRAGONKEEPER_AJ";"";"";"";"";"";"";""
"Head Armor";"";"";"UNIQUE_HEAD_VANITY_MARAUDER_ANNIVERSARY";"UNIQUE_HEAD_VANITY_MARAUDER_ANNIVERSARY";"[T0] UNIQUE_HEAD_VANITY_MARAUDER_ANNIVERSARY";"";"";"";"";"";"";""
"Head Armor";"";"";"UNIQUE_HEAD_VANITY_VALKYRIE";"UNIQUE_HEAD_VANITY_VALKYRIE";"[T0] UNIQUE_HEAD_VANITY_VALKYRIE";"";"";"";"";"";"";""
"Head Armor";"";"";"UNIQUE_UNLOCK_HEAD_VANITY_DRAGONKEEPER_AJ";"UNIQUE_UNLOCK_HEAD_VANITY_DRAGONKEEPER_AJ";"[T0] UNIQUE_UNLOCK_HEAD_VANITY_DRAGONKEEPER_AJ";"";"";"";"";"";"";""
"Head Armor";"";"";"UNIQUE_UNLOCK_HEAD_VANITY_FW_SOLDIER_PLATE";"UNIQUE_UNLOCK_HEAD_VANITY_FW_SOLDIER_PLATE";"[T0] UNIQUE_UNLOCK_HEAD_VANITY_FW_SOLDIER_PLATE";"";"";"";"";"";"";""
"Head Armor";"";"";"UNIQUE_WEAPONMASTER_HEAD_PROTOTYPE";"UNIQUE_WEAPONMASTER_HEAD_PROTOTYPE";"[T0] UNIQUE_WEAPONMASTER_HEAD_PROTOTYPE";"";"";"";"";"";"";""
"Head Armor";"";"";"Veilweaver Mandibles";"T4_ARTEFACT_HEAD_PLATE_FEY";"[T4] Adept's Veilweaver Mandibles";"";"";"";"";"";"";""
"Head Armor";"";"";"Warden's Helmet";"UNIQUE_HEAD_VANITY_KICKSTART_2024";"[T0] Warden's Helmet";"";"";"";"";"";"";""
"Head Armor";"";"";"Warden's Legendary Helmet";"UNIQUE_HEAD_VANITY_KICKSTART_2024_UPGRADE";"[T0] Warden's Legendary Helmet";"";"";"";"";"";"";""
"Head Armor";"";"";"Wardrobe Skin: Academic Biretta";"UNIQUE_UNLOCK_VANITY_HEAD_TUTORIAL_COMPLETED_AJ";"[T0] Wardrobe Skin: Academic Biretta";"";"";"";"";"";"";""
"Head Armor";"";"";"Wardrobe Skin: Adventurer's Helmet";"UNIQUE_UNLOCK_HEAD_STARTERPACK_ELITE";"[T0] Wardrobe Skin: Adventurer's Helmet";"";"";"";"";"";"";""
"Head Armor";"";"";"Wardrobe Skin: Angry Pumpkin Head";"UNIQUE_UNLOCK_HEAD_VANITY_PUMPKIN_03";"[T0] Wardrobe Skin: Angry Pumpkin Head";"";"";"";"";"";"";""
"Head Armor";"";"";"Wardrobe Skin: Arena Gladiator Helm";"UNIQUE_UNLOCK_HEAD_VANITY_GLADIATOR_ARENA";"[T0] Wardrobe Skin: Arena Gladiator Helm";"";"";"";"";"";"";""
"Head Armor";"";"";"Wardrobe Skin: Arena Veteran's Circlet";"UNIQUE_UNLOCK_HEAD_VANITY_ARENA_SET_01";"[T0] Wardrobe Skin: Arena Veteran's Circlet";"";"";"";"";"";"";""
"Head Armor";"";"";"Wardrobe Skin: Arena Veteran's Eyepatch";"UNIQUE_UNLOCK_HEAD_VANITY_ARENA_EYEPATCH";"[T0] Wardrobe Skin: Arena Veteran's Eyepatch";"";"";"";"";"";"";""
"Head Armor";"";"";"Wardrobe Skin: Bard's Hat";"UNIQUE_UNLOCK_HEAD_VANITY_BARD_NON_TRADABLE";"[T0] Wardrobe Skin: Bard's Hat";"";"";"";"";"";"";""
"Head Armor";"";"";"Wardrobe Skin: Black Sleeping Cap";"UNIQUE_UNLOCK_HEAD_VANITY_NIGHTGOWN_BLACK_NON_TRADABLE";"[T0] Wardrobe Skin: Black Sleeping Cap";"";"";"";"";"";"";""
"Head Armor";"";"";"Wardrobe Skin: Blue Bard's Hat";"UNIQUE_UNLOCK_HEAD_VANITY_BARD_BLUE_NON_TRADABLE";"[T0] Wardrobe Skin: Blue Bard's Hat";"";"";"";"";"";"";""
"Head Armor";"";"";"Wardrobe Skin: Blue Princess Hat";"UNIQUE_UNLOCK_HEAD_VANITY_DRESS_BLUE_NON_TRADABLE";"[T0] Wardrobe Skin: Blue Princess Hat";"";"";"";"";"";"";""
"Head Armor";"";"";"Wardrobe Skin: Bridal Veil";"UNIQUE_UNLOCK_HEAD_VANITY_WEDDING_DRESS";"[T0] Wardrobe Skin: Bridal Veil";"";"";"";"";"";"";""
"Head Armor";"";"";"Wardrobe Skin: Bunny Stalker Hat";"UNIQUE_UNLOCK_HEAD_VANITY_EASTER_BROWN";"[T0] Wardrobe Skin: Bunny Stalker Hat";"";"";"";"";"";"";""
"Head Armor";"";"";"Wardrobe Skin: Champion's Visage";"UNIQUE_UNLOCK_HEAD_VANITY_WARRIOR_KNIGHT";"[T0] Wardrobe Skin: Champion's Visage";"";"";"";"";"";"";""
"Head Armor";"";"";"Wardrobe Skin: Crystal Gladiator Helm";"UNIQUE_UNLOCK_HEAD_VANITY_GLADIATOR_CRYSTAL";"[T0] Wardrobe Skin: Crystal Gladiator Helm";"";"";"";"";"";"";""
"Head Armor";"";"";"Wardrobe Skin: Delightful Straw Hat";"UNIQUE_UNLOCK_HEAD_VANITY_FARMER_COZY_AJ";"[T0] Wardrobe Skin: Delightful Straw Hat";"";"";"";"";"";"";""
"Head Armor";"";"";"Wardrobe Skin: Destiny's Circlet";"UNIQUE_UNLOCK_HEAD_VANITY_DESTINY_STONES_AJ";"[T0] Wardrobe Skin: Destiny's Circlet";"";"";"";"";"";"";""
"Head Armor";"";"";"Wardrobe Skin: Entertainer's Mask";"UNIQUE_UNLOCK_HEAD_VANITY_ENTERTAINER_NON_TRADABLE";"[T0] Wardrobe Skin: Entertainer's Mask";"";"";"";"";"";"";""
"Head Armor";"";"";"Wardrobe Skin: Exiled Monk's Hood";"UNIQUE_UNLOCK_HEAD_VANITY_PRIEST_RED_NON_TRADABLE";"[T0] Wardrobe Skin: Exiled Monk's Hood";"";"";"";"";"";"";""
"Head Armor";"";"";"Wardrobe Skin: Explorer's Hat";"UNIQUE_UNLOCK_HEAD_FOUNDER_ELITE";"[T0] Wardrobe Skin: Explorer's Hat";"";"";"";"";"";"";""
"Head Armor";"";"";"Wardrobe Skin: Fullfilled Destiny's Circlet";"UNIQUE_UNLOCK_HEAD_VANITY_DESTINY_STONES_ADVANCED_AJ";"[T0] Wardrobe Skin: Fullfilled Destiny's Circlet";"";"";"";"";"";"";""
"Head Armor";"";"";"Wardrobe Skin: Green Navigator's Hat";"UNIQUE_UNLOCK_HEAD_VANITY_PIRATE_GREEN_NON_TRADABLE";"[T0] Wardrobe Skin: Green Navigator's Hat";"";"";"";"";"";"";""
"Head Armor";"";"";"Wardrobe Skin: Green Princess Hat";"UNIQUE_UNLOCK_HEAD_VANITY_DRESS_GREEN_NON_TRADABLE";"[T0] Wardrobe Skin: Green Princess Hat";"";"";"";"";"";"";""
"Head Armor";"";"";"Wardrobe Skin: Grinning Pumpkin Head";"UNIQUE_UNLOCK_HEAD_VANITY_PUMPKIN_01";"[T0] Wardrobe Skin: Grinning Pumpkin Head";"";"";"";"";"";"";""
"Head Armor";"";"";"Wardrobe Skin: Groom's Hat";"UNIQUE_UNLOCK_HEAD_VANITY_WEDDING_TUXEDO";"[T0] Wardrobe Skin: Groom's Hat";"";"";"";"";"";"";""
"Head Armor";"";"";"Wardrobe Skin: Harbinger's Crown";"UNIQUE_UNLOCK_HEAD_VANITY_DARK_SORCERER";"[T0] Wardrobe Skin: Harbinger's Crown";"";"";"";"";"";"";""
"Head Armor";"";"";"Wardrobe Skin: Hygienic Mask";"UNIQUE_UNLOCK_HEAD_VANITY_PLAGUEDOC";"[T0] Wardrobe Skin: Hygienic Mask";"";"";"";"";"";"";""
"Head Armor";"";"";"Wardrobe Skin: Innkeeper's Hat";"UNIQUE_UNLOCK_HEAD_VANITY_INNKEEPER_NON_TRADABLE";"[T0] Wardrobe Skin: Innkeeper's Hat";"";"";"";"";"";"";""
"Head Armor";"";"";"Wardrobe Skin: Jester Mask";"UNIQUE_UNLOCK_HEAD_VANITY_JESTER";"[T0] Wardrobe Skin: Jester Mask";"";"";"";"";"";"";""
"Head Armor";"";"";"Wardrobe Skin: Laughing Skull";"UNIQUE_UNLOCK_HEAD_VANITY_SKELETON";"[T0] Wardrobe Skin: Laughing Skull";"";"";"";"";"";"";""
"Head Armor";"";"";"Wardrobe Skin: Legendary Adventurer's Hat";"UNIQUE_UNLOCK_HEAD_STARTERPACK_LEGENDARY";"[T0] Wardrobe Skin: Legendary Adventurer's Hat";"";"";"";"";"";"";""
"Head Armor";"";"";"Wardrobe Skin: Legendary Explorer's Hat";"UNIQUE_UNLOCK_HEAD_FOUNDER_LEGENDARY";"[T0] Wardrobe Skin: Legendary Explorer's Hat";"";"";"";"";"";"";""
"Head Armor";"";"";"Wardrobe Skin: Lovely Straw Hat";"UNIQUE_UNLOCK_HEAD_VANITY_FARMER_AJ";"[T0] Wardrobe Skin: Lovely Straw Hat";"";"";"";"";"";"";""
"Head Armor";"";"";"Wardrobe Skin: Malevolent Helmet";"UNIQUE_UNLOCK_HEAD_VANITY_SHADOW_HELMET_RED_AJ";"[T0] Wardrobe Skin: Malevolent Helmet";"";"";"";"";"";"";""
"Head Armor";"";"";"Wardrobe Skin: Master of Bats Helmet";"UNIQUE_UNLOCK_HEAD_TELLAFRIEND_BATRIDER";"[T0] Wardrobe Skin: Master of Bats Helmet";"";"";"";"";"";"";""
"Head Armor";"";"";"Wardrobe Skin: Monk's Hood";"UNIQUE_UNLOCK_HEAD_VANITY_PRIEST_NON_TRADABLE";"[T0] Wardrobe Skin: Monk's Hood";"";"";"";"";"";"";""
"Head Armor";"";"";"Wardrobe Skin: Navigator's Hat";"UNIQUE_UNLOCK_HEAD_VANITY_PIRATE_NON_TRADABLE";"[T0] Wardrobe Skin: Navigator's Hat";"";"";"";"";"";"";""
"Head Armor";"";"";"Wardrobe Skin: Noble Knight's Helmet";"UNIQUE_UNLOCK_HEAD_VANITY_KNIGHT_AOCP_NON_TRADABLE";"[T0] Wardrobe Skin: Noble Knight's Helmet";"";"";"";"";"";"";""
"Head Armor";"";"";"Wardrobe Skin: Noblewoman's Jewelry";"UNIQUE_UNLOCK_HEAD_VANITY_DRESS_BLACK_NON_TRADABLE";"[T0] Wardrobe Skin: Noblewoman's Jewelry";"";"";"";"";"";"";""
"Head Armor";"";"";"Wardrobe Skin: Paragon's Crown";"UNIQUE_UNLOCK_HEAD_VANITY_WARRIOR_KING";"[T0] Wardrobe Skin: Paragon's Crown";"";"";"";"";"";"";""
"Head Armor";"";"";"Wardrobe Skin: Purple Rich Noble's Hat";"UNIQUE_UNLOCK_HEAD_VANITY_RICH_NOBLE_PURPLE_NON_TRADABLE";"[T0] Wardrobe Skin: Purple Rich Noble's Hat";"";"";"";"";"";"";""
"Head Armor";"";"";"Wardrobe Skin: Red Tulip Hat";"UNIQUE_UNLOCK_HEAD_VANITY_DRESS_RED";"[T0] Wardrobe Skin: Red Tulip Hat";"";"";"";"";"";"";""
"Head Armor";"";"";"Wardrobe Skin: Rich Noble's Hat";"UNIQUE_UNLOCK_HEAD_VANITY_RICH_NOBLE";"[T0] Wardrobe Skin: Rich Noble's Hat";"";"";"";"";"";"";""
"Head Armor";"";"";"Wardrobe Skin: Sad Pumpkin Head";"UNIQUE_UNLOCK_HEAD_VANITY_PUMPKIN_02";"[T0] Wardrobe Skin: Sad Pumpkin Head";"";"";"";"";"";"";""
"Head Armor";"";"";"Wardrobe Skin: Sea Captain's Hat";"UNIQUE_UNLOCK_HEAD_VANITY_FOUNDER_ASIA_CRYSTAL";"[T0] Wardrobe Skin: Sea Captain's Hat";"";"";"";"";"";"";""
"Head Armor";"";"";"Wardrobe Skin: Seafarer's Bandana";"UNIQUE_UNLOCK_HEAD_VANITY_FOUNDER_ASIA_GOLD";"[T0] Wardrobe Skin: Seafarer's Bandana";"";"";"";"";"";"";""
"Head Armor";"";"";"Wardrobe Skin: Sinister Helmet";"UNIQUE_UNLOCK_HEAD_VANITY_SHADOW_HELMET_ORANGE_AJ";"[T0] Wardrobe Skin: Sinister Helmet";"";"";"";"";"";"";""
"Head Armor";"";"";"Wardrobe Skin: Sleeping Cap";"UNIQUE_UNLOCK_HEAD_VANITY_NIGHTGOWN_NON_TRADABLE";"[T0] Wardrobe Skin: Sleeping Cap";"";"";"";"";"";"";""
"Head Armor";"";"";"Wardrobe Skin: Sleeping Cap with Bell";"UNIQUE_UNLOCK_HEAD_VANITY_NIGHTGOWN_BELL_NON_TRADABLE";"[T0] Wardrobe Skin: Sleeping Cap with Bell";"";"";"";"";"";"";""
"Head Armor";"";"";"Wardrobe Skin: Smuggler's Hat";"UNIQUE_UNLOCK_HEAD_VANITY_SMUGGLER";"[T0] Wardrobe Skin: Smuggler's Hat";"";"";"";"";"";"";""
"Head Armor";"";"";"Wardrobe Skin: Snow Bunny Stalker Hat";"UNIQUE_UNLOCK_HEAD_VANITY_EASTER_WHITE";"[T0] Wardrobe Skin: Snow Bunny Stalker Hat";"";"";"";"";"";"";""
"Head Armor";"";"";"Wardrobe Skin: Uncle Frost's Hat";"UNIQUE_UNLOCK_HEAD_XMAS";"[T0] Wardrobe Skin: Uncle Frost's Hat";"";"";"";"";"";"";""
"Head Armor";"";"";"Wardrobe Skin: Undead Skull";"UNIQUE_UNLOCK_HEAD_VANITY_SKELETON_UNDEAD";"[T0] Wardrobe Skin: Undead Skull";"";"";"";"";"";"";""
"Head Armor";"";"";"Wardrobe Skin: Warden's Helmet";"UNIQUE_UNLOCK_HEAD_VANITY_KICKSTART_2024";"[T0] Wardrobe Skin: Warden's Helmet";"";"";"";"";"";"";""
"Head Armor";"";"";"Wardrobe Skin: Warden's Legendary Helmet";"UNIQUE_UNLOCK_HEAD_VANITY_KICKSTART_2024_UPGRADE";"[T0] Wardrobe Skin: Warden's Legendary Helmet";"";"";"";"";"";"";""
"Head Armor";"";"";"Wardrobe Skin: Warlock's Circlet";"UNIQUE_UNLOCK_HEAD_VANITY_DARK_NOVICE";"[T0] Wardrobe Skin: Warlock's Circlet";"";"";"";"";"";"";""
"Head Armor";"";"";"Wardrobe Skin: Yule Hat";"UNIQUE_UNLOCK_HEAD_VANITY_SANTACLAUS";"[T0] Wardrobe Skin: Yule Hat";"";"";"";"";"";"";""
"Head Armor";"";"";"Warlock's Circlet";"UNIQUE_HEAD_VANITY_DARK_NOVICE";"[T0] Warlock's Circlet";"";"";"";"";"";"";""
"Head Armor";"";"";"Yule Hat";"UNIQUE_HEAD_VANITY_SANTACLAUS";"[T0] Yule Hat";"";"";"";"";"";"";""
"Head Armor";"";"";"Zealot's Hood";"UNIQUE_HEAD_VANITY_ZEALOT";"[T0] Zealot's Hood";"";"";"";"";"";"";""
"Off-Hands";"";"";"Alluring Crystal";"T4_ARTEFACT_OFF_ORB_MORGANA";"[T4] Adept's Alluring Crystal";"";"";"";"";"";"";""
"Off-Hands";"";"";"Ancient Shield Core";"T4_ARTEFACT_OFF_TOWERSHIELD_UNDEAD";"[T4] Adept's Ancient Shield Core";"";"";"";"";"";"";""
"Off-Hands";"";"";"Astral Aegis";"T4_OFF_SHIELD_AVALON";"[T4] Adept's Astral Aegis";"";"";"";"";"";"";""
"Off-Hands";"";"";"Beginner's Shield";"T1_OFF_SHIELD";"[T1] Beginner's Shield";"";"";"";"";"";"";""
"Off-Hands";"";"";"Bloodforged Spikes";"T4_ARTEFACT_OFF_SPIKEDSHIELD_MORGANA";"[T4] Adept's Bloodforged Spikes";"";"";"";"";"";"";""
"Off-Hands";"";"";"Blueflame Crystal";"T4_ARTEFACT_OFF_TORCH_CRYSTAL";"[T4] Adept's Blueflame Crystal";"";"";"";"";"";"";""
"Off-Hands";"";"";"Blueflame Torch";"T4_OFF_TORCH_CRYSTAL";"[T4] Adept's Blueflame Torch";"";"";"";"";"";"";""
"Off-Hands";"";"";"Bridal Bouquet";"UNIQUE_OFF_VANITY_WEDDING_DRESS";"[T0] Bridal Bouquet";"";"";"";"";"";"";""
"Off-Hands";"";"";"Burp-O'-Lantern";"UNIQUE_OFF_VANITY_PUMPKIN_SAD";"[T0] Burp-O'-Lantern";"";"";"";"";"";"";""
"Off-Hands";"";"";"Caitiff Shield";"T4_OFF_SHIELD_HELL";"[T4] Adept's Caitiff Shield";"";"";"";"";"";"";""
"Off-Hands";"";"";"Celestial Censer";"T4_OFF_CENSER_AVALON";"[T4] Adept's Celestial Censer";"";"";"";"";"";"";""
"Off-Hands";"";"";"Crushed Avalonian Heirloom";"T4_ARTEFACT_OFF_SHIELD_AVALON";"[T4] Adept's Crushed Avalonian Heirloom";"";"";"";"";"";"";""
"Off-Hands";"";"";"Cryptcandle";"T4_OFF_LAMP_UNDEAD";"[T4] Adept's Cryptcandle";"";"";"";"";"";"";""
"Off-Hands";"";"";"Demonic Jawbone";"T4_ARTEFACT_OFF_DEMONSKULL_HELL";"[T4] Adept's Demonic Jawbone";"";"";"";"";"";"";""
"Off-Hands";"";"";"Exiled Monk's Walking Staff";"UNIQUE_OFF_VANITY_PRIEST_RED";"[T0] Exiled Monk's Walking Staff";"";"";"";"";"";"";""
"Off-Hands";"";"";"Eye of Secrets";"T4_OFF_ORB_MORGANA";"[T4] Adept's Eye of Secrets";"";"";"";"";"";"";""
"Off-Hands";"";"";"Facebreaker";"T4_OFF_SPIKEDSHIELD_MORGANA";"[T4] Adept's Facebreaker";"";"";"";"";"";"";""
"Off-Hands";"";"";"Ghastly Candle";"T4_ARTEFACT_OFF_LAMP_UNDEAD";"[T4] Adept's Ghastly Candle";"";"";"";"";"";"";""
"Off-Hands";"";"";"Grump-O'-Lantern";"UNIQUE_OFF_VANITY_PUMPKIN_ANGRY";"[T0] Grump-O'-Lantern";"";"";"";"";"";"";""
"Off-Hands";"";"";"Hellish Handle";"T4_ARTEFACT_OFF_JESTERCANE_HELL";"[T4] Adept's Hellish Handle";"";"";"";"";"";"";""
"Off-Hands";"";"";"Infernal Shield Core";"T4_ARTEFACT_OFF_SHIELD_HELL";"[T4] Adept's Infernal Shield Core";"";"";"";"";"";"";""
"Off-Hands";"";"";"Innkeeper's Beer Mug";"UNIQUE_OFF_VANITY_INNKEEPER";"[T0] Innkeeper's Beer Mug";"";"";"";"";"";"";""
"Off-Hands";"";"";"Inscribed Stone";"T4_ARTEFACT_OFF_TOTEM_KEEPER";"[T4] Adept's Inscribed Stone";"";"";"";"";"";"";""
"Off-Hands";"";"";"Leering Cane";"T4_OFF_JESTERCANE_HELL";"[T4] Adept's Leering Cane";"";"";"";"";"";"";""
"Off-Hands";"";"";"Mistcaller";"T4_OFF_HORN_KEEPER";"[T4] Adept's Mistcaller";"";"";"";"";"";"";""
"Off-Hands";"";"";"Monk's Walking Staff";"UNIQUE_OFF_VANITY_PRIEST";"[T0] Monk's Walking Staff";"";"";"";"";"";"";""
"Off-Hands";"";"";"Muisak";"T4_OFF_DEMONSKULL_HELL";"[T4] Adept's Muisak";"";"";"";"";"";"";""
"Off-Hands";"";"";"Navigator's Cockatoo Cage";"UNIQUE_OFF_VANITY_PIRATE_COCKATOO";"[T0] Navigator's Cockatoo Cage";"";"";"";"";"";"";""
"Off-Hands";"";"";"Navigator's Green Parrot Cage";"UNIQUE_OFF_VANITY_PIRATE_GREEN";"[T0] Navigator's Green Parrot Cage";"";"";"";"";"";"";""
"Off-Hands";"";"";"Navigator's Parrot Cage";"UNIQUE_OFF_VANITY_PIRATE";"[T0] Navigator's Parrot Cage";"";"";"";"";"";"";""
"Off-Hands";"";"";"Navigator's Red Parrot Cage";"UNIQUE_OFF_VANITY_PIRATE_RED";"[T0] Navigator's Red Parrot Cage";"";"";"";"";"";"";""
"Off-Hands";"";"";"Rosalia's Diary";"T8_OFF_BOOK";"[T8] Rosalia's Diary";"";"";"";"";"";"";""
"Off-Hands";"";"";"Runed Horn";"T4_ARTEFACT_OFF_HORN_KEEPER";"[T4] Adept's Runed Horn";"";"";"";"";"";"";""
"Off-Hands";"";"";"Sacred Scepter";"T4_OFF_TALISMAN_AVALON";"[T4] Adept's Sacred Scepter";"";"";"";"";"";"";""
"Off-Hands";"";"";"Sarcophagus";"T4_OFF_TOWERSHIELD_UNDEAD";"[T4] Adept's Sarcophagus";"";"";"";"";"";"";""
"Off-Hands";"";"";"Scroll of the Law";"UNIQUE_INTERNAL_OFF_SCROLL_GAMEMASTER";"[T0] Scroll of the Law";"";"";"";"";"";"";""
"Off-Hands";"";"";"Severed Celestial Keepsake";"T4_ARTEFACT_OFF_CENSER_AVALON";"[T4] Adept's Severed Celestial Keepsake";"";"";"";"";"";"";""
"Off-Hands";"";"";"Shattered Avalonian Memento";"T4_ARTEFACT_OFF_TALISMAN_AVALON";"[T4] Adept's Shattered Avalonian Memento";"";"";"";"";"";"";""
"Off-Hands";"";"";"Shield";"T2_OFF_SHIELD";"[T2] Novice's Shield";"";"";"";"";"";"";""
"Off-Hands";"";"";"Snack-O'-Lantern";"UNIQUE_OFF_VANITY_PUMPKIN_HAPPY";"[T0] Snack-O'-Lantern";"";"";"";"";"";"";""
"Off-Hands";"";"";"Staff of Hermes";"UNIQUE_OFF_VANITY_CHARITY_MARCH2020";"[T0] Staff of Hermes";"";"";"";"";"";"";""
"Off-Hands";"";"";"Taproot";"T4_OFF_TOTEM_KEEPER";"[T4] Adept's Taproot";"";"";"";"";"";"";""
"Off-Hands";"";"";"Timelocked Crystal";"T4_ARTEFACT_OFF_TOME_CRYSTAL";"[T4] Adept's Timelocked Crystal";"";"";"";"";"";"";""
"Off-Hands";"";"";"Timelocked Grimoire";"T4_OFF_TOME_CRYSTAL";"[T4] Adept's Timelocked Grimoire";"";"";"";"";"";"";""
"Off-Hands";"";"";"Tome of Spells";"T2_OFF_BOOK";"[T2] Novice's Tome of Spells";"";"";"";"";"";"";""
"Off-Hands";"";"";"Torch";"T3_OFF_TORCH";"[T3] Journeyman's Torch";"";"";"";"";"";"";""
"Off-Hands";"";"";"Unbreakable Crystal";"T4_ARTEFACT_OFF_SHIELD_CRYSTAL";"[T4] Adept's Unbreakable Crystal";"";"";"";"";"";"";""
"Off-Hands";"";"";"Unbreakable Ward";"T4_OFF_SHIELD_CRYSTAL";"[T4] Adept's Unbreakable Ward";"";"";"";"";"";"";""
"Off-Hands";"";"";"Wardrobe Skin: Bridal Bouquet";"UNIQUE_UNLOCK_OFF_VANITY_WEDDING_DRESS";"[T0] Wardrobe Skin: Bridal Bouquet";"";"";"";"";"";"";""
"Off-Hands";"";"";"Wardrobe Skin: Burp-O'-Lantern";"UNIQUE_UNLOCK_OFF_VANITY_PUMPKIN_SAD_NON_TRADABLE";"[T0] Wardrobe Skin: Burp-O'-Lantern";"";"";"";"";"";"";""
"Off-Hands";"";"";"Wardrobe Skin: Exiled Monk's Walking Staff";"UNIQUE_UNLOCK_OFF_VANITY_PRIEST_RED_NON_TRADABLE";"[T0] Wardrobe Skin: Exiled Monk's Walking Staff";"";"";"";"";"";"";""
"Off-Hands";"";"";"Wardrobe Skin: Grump-O'-Lantern";"UNIQUE_UNLOCK_OFF_VANITY_PUMPKIN_ANGRY_NON_TRADABLE";"[T0] Wardrobe Skin: Grump-O'-Lantern";"";"";"";"";"";"";""
"Off-Hands";"";"";"Wardrobe Skin: Innkeeper's Beer Mug";"UNIQUE_UNLOCK_OFF_VANITY_INNKEEPER_NON_TRADABLE";"[T0] Wardrobe Skin: Innkeeper's Beer Mug";"";"";"";"";"";"";""
"Off-Hands";"";"";"Wardrobe Skin: Monk's Walking Staff";"UNIQUE_UNLOCK_OFF_VANITY_PRIEST_NON_TRADABLE";"[T0] Wardrobe Skin: Monk's Walking Staff";"";"";"";"";"";"";""
"Off-Hands";"";"";"Wardrobe Skin: Navigator's Cockatoo Cage";"UNIQUE_UNLOCK_OFF_VANITY_PIRATE_COCKATOO_NON_TRADABLE";"[T0] Wardrobe Skin: Navigator's Cockatoo Cage";"";"";"";"";"";"";""
"Off-Hands";"";"";"Wardrobe Skin: Navigator's Green Parrot Cage";"UNIQUE_UNLOCK_OFF_VANITY_PIRATE_GREEN_NON_TRADABLE";"[T0] Wardrobe Skin: Navigator's Green Parrot Cage";"";"";"";"";"";"";""
"Off-Hands";"";"";"Wardrobe Skin: Navigator's Parrot Cage";"UNIQUE_UNLOCK_OFF_VANITY_PIRATE_NON_TRADABLE";"[T0] Wardrobe Skin: Navigator's Parrot Cage";"";"";"";"";"";"";""
"Off-Hands";"";"";"Wardrobe Skin: Navigator's Red Parrot Cage";"UNIQUE_UNLOCK_OFF_VANITY_PIRATE_RED_NON_TRADABLE";"[T0] Wardrobe Skin: Navigator's Red Parrot Cage";"";"";"";"";"";"";""
"Off-Hands";"";"";"Wardrobe Skin: Snack-O'-Lantern";"UNIQUE_UNLOCK_OFF_VANITY_PUMPKIN_HAPPY_NON_TRADABLE";"[T0] Wardrobe Skin: Snack-O'-Lantern";"";"";"";"";"";"";""
"Off-Hands";"";"";"Wardrobe Skin: Staff of Hermes";"UNIQUE_UNLOCK_OFF_VANITY_CHARITY_MARCH2020";"[T0] Wardrobe Skin: Staff of Hermes";"";"";"";"";"";"";""
"Off-Hands";"";"";"Wardrobe Skin: Wedding Ring";"UNIQUE_UNLOCK_OFF_VANITY_WEDDING_TUXEDO";"[T0] Wardrobe Skin: Wedding Ring";"";"";"";"";"";"";""
"Off-Hands";"";"";"Wedding Ring";"UNIQUE_OFF_VANITY_WEDDING_TUXEDO";"[T0] Wedding Ring";"";"";"";"";"";"";""
"Other";"";"";"""Tame"" Caerleon Cottontail";"T8_FARM_RABBIT_EASTER_GROWN_DARK";"[T8] ""Tame"" Caerleon Cottontail";"";"";"";"";"";"";""
"Other";"";"";"1st Place Statue - Energy Surge Season";"UNIQUE_FURNITUREITEM_GVG_SEASON_ENERGY_RUSH_1ST";"[T0] 1st Place Statue - Energy Surge Season";"";"";"";"";"";"";""
"Other";"";"";"1st Place Statue - Season 10";"UNIQUE_FURNITUREITEM_GVG_SEASON_10_1ST";"[T0] 1st Place Statue - Season 10";"";"";"";"";"";"";""
"Other";"";"";"1st Place Statue - Season 11";"UNIQUE_FURNITUREITEM_GVG_SEASON_11_1ST";"[T0] 1st Place Statue - Season 11";"";"";"";"";"";"";""
"Other";"";"";"1st Place Statue - Season 12";"UNIQUE_FURNITUREITEM_GVG_SEASON_12_1ST";"[T0] 1st Place Statue - Season 12";"";"";"";"";"";"";""
"Other";"";"";"1st Place Statue - Season 13";"UNIQUE_FURNITUREITEM_GVG_SEASON_13_1ST";"[T0] 1st Place Statue - Season 13";"";"";"";"";"";"";""
"Other";"";"";"1st Place Statue - Season 14";"UNIQUE_FURNITUREITEM_GVG_SEASON_14_1ST";"[T0] 1st Place Statue - Season 14";"";"";"";"";"";"";""
"Other";"";"";"1st Place Statue - Season 15";"UNIQUE_FURNITUREITEM_GVG_SEASON_15_1ST";"[T0] 1st Place Statue - Season 15";"";"";"";"";"";"";""
"Other";"";"";"1st Place Statue - Season 16";"UNIQUE_FURNITUREITEM_GVG_SEASON_16_1ST";"[T0] 1st Place Statue - Season 16";"";"";"";"";"";"";""
"Other";"";"";"1st Place Statue - Season 17";"UNIQUE_FURNITUREITEM_GVG_SEASON_17_1ST";"[T0] 1st Place Statue - Season 17";"";"";"";"";"";"";""
"Other";"";"";"1st Place Statue - Season 18";"UNIQUE_FURNITUREITEM_GVG_SEASON_18_1ST";"[T0] 1st Place Statue - Season 18";"";"";"";"";"";"";""
"Other";"";"";"1st Place Statue - Season 9";"UNIQUE_FURNITUREITEM_GVG_SEASON_09_1ST";"[T0] 1st Place Statue - Season 9";"";"";"";"";"";"";""
"Other";"";"";"1v1 Arena Chest - Bronze I";"T5_LOOTBAG_1V1_ARENA_RANK_UP_BRONZE1";"[T5] 1v1 Arena Chest - Bronze I";"";"";"";"";"";"";""
"Other";"";"";"1v1 Arena Chest - Bronze II";"T5_LOOTBAG_1V1_ARENA_RANK_UP_BRONZE2";"[T5] 1v1 Arena Chest - Bronze II";"";"";"";"";"";"";""
"Other";"";"";"1v1 Arena Chest - Bronze III";"T5_LOOTBAG_1V1_ARENA_RANK_UP_BRONZE3";"[T5] 1v1 Arena Chest - Bronze III";"";"";"";"";"";"";""
"Other";"";"";"1v1 Arena Chest - Bronze IV";"T5_LOOTBAG_1V1_ARENA_RANK_UP_BRONZE4";"[T5] 1v1 Arena Chest - Bronze IV";"";"";"";"";"";"";""
"Other";"";"";"1v1 Arena Chest - Crystal";"T8_LOOTBAG_1V1_ARENA_RANK_UP_CRYSTAL";"[T8] 1v1 Arena Chest - Crystal";"";"";"";"";"";"";""
"Other";"";"";"1v1 Arena Chest - Gold I";"T7_LOOTBAG_1V1_ARENA_RANK_UP_GOLD1";"[T7] 1v1 Arena Chest - Gold I";"";"";"";"";"";"";""
"Other";"";"";"1v1 Arena Chest - Gold II";"T7_LOOTBAG_1V1_ARENA_RANK_UP_GOLD2";"[T7] 1v1 Arena Chest - Gold II";"";"";"";"";"";"";""
"Other";"";"";"1v1 Arena Chest - Gold III";"T7_LOOTBAG_1V1_ARENA_RANK_UP_GOLD3";"[T7] 1v1 Arena Chest - Gold III";"";"";"";"";"";"";""
"Other";"";"";"1v1 Arena Chest - Gold IV";"T7_LOOTBAG_1V1_ARENA_RANK_UP_GOLD4";"[T7] 1v1 Arena Chest - Gold IV";"";"";"";"";"";"";""
"Other";"";"";"1v1 Arena Chest - Iron II";"T4_LOOTBAG_1V1_ARENA_RANK_UP_IRON2";"[T4] 1v1 Arena Chest - Iron II";"";"";"";"";"";"";""
"Other";"";"";"1v1 Arena Chest - Iron III";"T4_LOOTBAG_1V1_ARENA_RANK_UP_IRON3";"[T4] 1v1 Arena Chest - Iron III";"";"";"";"";"";"";""
"Other";"";"";"1v1 Arena Chest - Iron IV";"T4_LOOTBAG_1V1_ARENA_RANK_UP_IRON4";"[T4] 1v1 Arena Chest - Iron IV";"";"";"";"";"";"";""
"Other";"";"";"1v1 Arena Chest - Silver I";"T6_LOOTBAG_1V1_ARENA_RANK_UP_SILVER1";"[T6] 1v1 Arena Chest - Silver I";"";"";"";"";"";"";""
"Other";"";"";"1v1 Arena Chest - Silver II";"T6_LOOTBAG_1V1_ARENA_RANK_UP_SILVER2";"[T6] 1v1 Arena Chest - Silver II";"";"";"";"";"";"";""
"Other";"";"";"1v1 Arena Chest - Silver III";"T6_LOOTBAG_1V1_ARENA_RANK_UP_SILVER3";"[T6] 1v1 Arena Chest - Silver III";"";"";"";"";"";"";""
"Other";"";"";"1v1 Arena Chest - Silver IV";"T6_LOOTBAG_1V1_ARENA_RANK_UP_SILVER4";"[T6] 1v1 Arena Chest - Silver IV";"";"";"";"";"";"";""
"Other";"";"";"1v1 Premium Victory Pouch (Bronze I)";"T3_LOOTBAG_1V1_ARENA_WIN_PREMIUM_BRONZE1";"[T3] 1v1 Premium Victory Pouch (Bronze I)";"";"";"";"";"";"";""
"Other";"";"";"1v1 Premium Victory Pouch (Bronze II)";"T3_LOOTBAG_1V1_ARENA_WIN_PREMIUM_BRONZE2";"[T3] 1v1 Premium Victory Pouch (Bronze II)";"";"";"";"";"";"";""
"Other";"";"";"1v1 Premium Victory Pouch (Bronze III)";"T3_LOOTBAG_1V1_ARENA_WIN_PREMIUM_BRONZE3";"[T3] 1v1 Premium Victory Pouch (Bronze III)";"";"";"";"";"";"";""
"Other";"";"";"1v1 Premium Victory Pouch (Bronze IV)";"T3_LOOTBAG_1V1_ARENA_WIN_PREMIUM_BRONZE4";"[T3] 1v1 Premium Victory Pouch (Bronze IV)";"";"";"";"";"";"";""
"Other";"";"";"1v1 Premium Victory Pouch (Crystal)";"T3_LOOTBAG_1V1_ARENA_WIN_PREMIUM_CRYSTAL";"[T3] 1v1 Premium Victory Pouch (Crystal)";"";"";"";"";"";"";""
"Other";"";"";"1v1 Premium Victory Pouch (Gold I)";"T3_LOOTBAG_1V1_ARENA_WIN_PREMIUM_GOLD1";"[T3] 1v1 Premium Victory Pouch (Gold I)";"";"";"";"";"";"";""
"Other";"";"";"1v1 Premium Victory Pouch (Gold II)";"T3_LOOTBAG_1V1_ARENA_WIN_PREMIUM_GOLD2";"[T3] 1v1 Premium Victory Pouch (Gold II)";"";"";"";"";"";"";""
"Other";"";"";"1v1 Premium Victory Pouch (Gold III)";"T3_LOOTBAG_1V1_ARENA_WIN_PREMIUM_GOLD3";"[T3] 1v1 Premium Victory Pouch (Gold III)";"";"";"";"";"";"";""
"Other";"";"";"1v1 Premium Victory Pouch (Gold IV)";"T3_LOOTBAG_1V1_ARENA_WIN_PREMIUM_GOLD4";"[T3] 1v1 Premium Victory Pouch (Gold IV)";"";"";"";"";"";"";""
"Other";"";"";"1v1 Premium Victory Pouch (Iron I)";"T3_LOOTBAG_1V1_ARENA_WIN_PREMIUM_IRON1";"[T3] 1v1 Premium Victory Pouch (Iron I)";"";"";"";"";"";"";""
"Other";"";"";"1v1 Premium Victory Pouch (Iron II)";"T3_LOOTBAG_1V1_ARENA_WIN_PREMIUM_IRON2";"[T3] 1v1 Premium Victory Pouch (Iron II)";"";"";"";"";"";"";""
"Other";"";"";"1v1 Premium Victory Pouch (Iron III)";"T3_LOOTBAG_1V1_ARENA_WIN_PREMIUM_IRON3";"[T3] 1v1 Premium Victory Pouch (Iron III)";"";"";"";"";"";"";""
"Other";"";"";"1v1 Premium Victory Pouch (Iron IV)";"T3_LOOTBAG_1V1_ARENA_WIN_PREMIUM_IRON4";"[T3] 1v1 Premium Victory Pouch (Iron IV)";"";"";"";"";"";"";""
"Other";"";"";"1v1 Premium Victory Pouch (Silver I)";"T3_LOOTBAG_1V1_ARENA_WIN_PREMIUM_SILVER1";"[T3] 1v1 Premium Victory Pouch (Silver I)";"";"";"";"";"";"";""
"Other";"";"";"1v1 Premium Victory Pouch (Silver II)";"T3_LOOTBAG_1V1_ARENA_WIN_PREMIUM_SILVER2";"[T3] 1v1 Premium Victory Pouch (Silver II)";"";"";"";"";"";"";""
"Other";"";"";"1v1 Premium Victory Pouch (Silver III)";"T3_LOOTBAG_1V1_ARENA_WIN_PREMIUM_SILVER3";"[T3] 1v1 Premium Victory Pouch (Silver III)";"";"";"";"";"";"";""
"Other";"";"";"1v1 Premium Victory Pouch (Silver IV)";"T3_LOOTBAG_1V1_ARENA_WIN_PREMIUM_SILVER4";"[T3] 1v1 Premium Victory Pouch (Silver IV)";"";"";"";"";"";"";""
"Other";"";"";"1v1 Victory Pouch (Bronze I)";"T2_LOOTBAG_1V1_ARENA_WIN_BASIC_BRONZE1";"[T2] 1v1 Victory Pouch (Bronze I)";"";"";"";"";"";"";""
"Other";"";"";"1v1 Victory Pouch (Bronze II)";"T2_LOOTBAG_1V1_ARENA_WIN_BASIC_BRONZE2";"[T2] 1v1 Victory Pouch (Bronze II)";"";"";"";"";"";"";""
"Other";"";"";"1v1 Victory Pouch (Bronze III)";"T2_LOOTBAG_1V1_ARENA_WIN_BASIC_BRONZE3";"[T2] 1v1 Victory Pouch (Bronze III)";"";"";"";"";"";"";""
"Other";"";"";"1v1 Victory Pouch (Bronze IV)";"T2_LOOTBAG_1V1_ARENA_WIN_BASIC_BRONZE4";"[T2] 1v1 Victory Pouch (Bronze IV)";"";"";"";"";"";"";""
"Other";"";"";"1v1 Victory Pouch (Crystal)";"T2_LOOTBAG_1V1_ARENA_WIN_BASIC_CRYSTAL";"[T2] 1v1 Victory Pouch (Crystal)";"";"";"";"";"";"";""
"Other";"";"";"1v1 Victory Pouch (Gold I)";"T2_LOOTBAG_1V1_ARENA_WIN_BASIC_GOLD1";"[T2] 1v1 Victory Pouch (Gold I)";"";"";"";"";"";"";""
"Other";"";"";"1v1 Victory Pouch (Gold II)";"T2_LOOTBAG_1V1_ARENA_WIN_BASIC_GOLD2";"[T2] 1v1 Victory Pouch (Gold II)";"";"";"";"";"";"";""
"Other";"";"";"1v1 Victory Pouch (Gold III)";"T2_LOOTBAG_1V1_ARENA_WIN_BASIC_GOLD3";"[T2] 1v1 Victory Pouch (Gold III)";"";"";"";"";"";"";""
"Other";"";"";"1v1 Victory Pouch (Gold IV)";"T2_LOOTBAG_1V1_ARENA_WIN_BASIC_GOLD4";"[T2] 1v1 Victory Pouch (Gold IV)";"";"";"";"";"";"";""
"Other";"";"";"1v1 Victory Pouch (Iron I)";"T2_LOOTBAG_1V1_ARENA_WIN_BASIC_IRON1";"[T2] 1v1 Victory Pouch (Iron I)";"";"";"";"";"";"";""
"Other";"";"";"1v1 Victory Pouch (Iron II)";"T2_LOOTBAG_1V1_ARENA_WIN_BASIC_IRON2";"[T2] 1v1 Victory Pouch (Iron II)";"";"";"";"";"";"";""
"Other";"";"";"1v1 Victory Pouch (Iron III)";"T2_LOOTBAG_1V1_ARENA_WIN_BASIC_IRON3";"[T2] 1v1 Victory Pouch (Iron III)";"";"";"";"";"";"";""
"Other";"";"";"1v1 Victory Pouch (Iron IV)";"T2_LOOTBAG_1V1_ARENA_WIN_BASIC_IRON4";"[T2] 1v1 Victory Pouch (Iron IV)";"";"";"";"";"";"";""
"Other";"";"";"1v1 Victory Pouch (Silver I)";"T2_LOOTBAG_1V1_ARENA_WIN_BASIC_SILVER1";"[T2] 1v1 Victory Pouch (Silver I)";"";"";"";"";"";"";""
"Other";"";"";"1v1 Victory Pouch (Silver II)";"T2_LOOTBAG_1V1_ARENA_WIN_BASIC_SILVER2";"[T2] 1v1 Victory Pouch (Silver II)";"";"";"";"";"";"";""
"Other";"";"";"1v1 Victory Pouch (Silver III)";"T2_LOOTBAG_1V1_ARENA_WIN_BASIC_SILVER3";"[T2] 1v1 Victory Pouch (Silver III)";"";"";"";"";"";"";""
"Other";"";"";"1v1 Victory Pouch (Silver IV)";"T2_LOOTBAG_1V1_ARENA_WIN_BASIC_SILVER4";"[T2] 1v1 Victory Pouch (Silver IV)";"";"";"";"";"";"";""
"Other";"";"";"2nd Place Statue - Energy Surge Season";"UNIQUE_FURNITUREITEM_GVG_SEASON_ENERGY_RUSH_2ND";"[T0] 2nd Place Statue - Energy Surge Season";"";"";"";"";"";"";""
"Other";"";"";"2nd Place Statue - Season 10";"UNIQUE_FURNITUREITEM_GVG_SEASON_10_2ND";"[T0] 2nd Place Statue - Season 10";"";"";"";"";"";"";""
"Other";"";"";"2nd Place Statue - Season 11";"UNIQUE_FURNITUREITEM_GVG_SEASON_11_2ND";"[T0] 2nd Place Statue - Season 11";"";"";"";"";"";"";""
"Other";"";"";"2nd Place Statue - Season 12";"UNIQUE_FURNITUREITEM_GVG_SEASON_12_2ND";"[T0] 2nd Place Statue - Season 12";"";"";"";"";"";"";""
"Other";"";"";"2nd Place Statue - Season 13";"UNIQUE_FURNITUREITEM_GVG_SEASON_13_2ND";"[T0] 2nd Place Statue - Season 13";"";"";"";"";"";"";""
"Other";"";"";"2nd Place Statue - Season 14";"UNIQUE_FURNITUREITEM_GVG_SEASON_14_2ND";"[T0] 2nd Place Statue - Season 14";"";"";"";"";"";"";""
"Other";"";"";"2nd Place Statue - Season 15";"UNIQUE_FURNITUREITEM_GVG_SEASON_15_2ND";"[T0] 2nd Place Statue - Season 15";"";"";"";"";"";"";""
"Other";"";"";"2nd Place Statue - Season 16";"UNIQUE_FURNITUREITEM_GVG_SEASON_16_2ND";"[T0] 2nd Place Statue - Season 16";"";"";"";"";"";"";""
"Other";"";"";"2nd Place Statue - Season 17";"UNIQUE_FURNITUREITEM_GVG_SEASON_17_2ND";"[T0] 2nd Place Statue - Season 17";"";"";"";"";"";"";""
"Other";"";"";"2nd Place Statue - Season 18";"UNIQUE_FURNITUREITEM_GVG_SEASON_18_2ND";"[T0] 2nd Place Statue - Season 18";"";"";"";"";"";"";""
"Other";"";"";"2nd Place Statue - Season 9";"UNIQUE_FURNITUREITEM_GVG_SEASON_09_2ND";"[T0] 2nd Place Statue - Season 9";"";"";"";"";"";"";""
"Other";"";"";"3rd Place Statue - Energy Surge Season";"UNIQUE_FURNITUREITEM_GVG_SEASON_ENERGY_RUSH_3RD";"[T0] 3rd Place Statue - Energy Surge Season";"";"";"";"";"";"";""
"Other";"";"";"3rd Place Statue - Season 10";"UNIQUE_FURNITUREITEM_GVG_SEASON_10_3RD";"[T0] 3rd Place Statue - Season 10";"";"";"";"";"";"";""
"Other";"";"";"3rd Place Statue - Season 11";"UNIQUE_FURNITUREITEM_GVG_SEASON_11_3RD";"[T0] 3rd Place Statue - Season 11";"";"";"";"";"";"";""
"Other";"";"";"3rd Place Statue - Season 12";"UNIQUE_FURNITUREITEM_GVG_SEASON_12_3RD";"[T0] 3rd Place Statue - Season 12";"";"";"";"";"";"";""
"Other";"";"";"3rd Place Statue - Season 13";"UNIQUE_FURNITUREITEM_GVG_SEASON_13_3RD";"[T0] 3rd Place Statue - Season 13";"";"";"";"";"";"";""
"Other";"";"";"3rd Place Statue - Season 14";"UNIQUE_FURNITUREITEM_GVG_SEASON_14_3RD";"[T0] 3rd Place Statue - Season 14";"";"";"";"";"";"";""
"Other";"";"";"3rd Place Statue - Season 15";"UNIQUE_FURNITUREITEM_GVG_SEASON_15_3RD";"[T0] 3rd Place Statue - Season 15";"";"";"";"";"";"";""
"Other";"";"";"3rd Place Statue - Season 16";"UNIQUE_FURNITUREITEM_GVG_SEASON_16_3RD";"[T0] 3rd Place Statue - Season 16";"";"";"";"";"";"";""
"Other";"";"";"3rd Place Statue - Season 17";"UNIQUE_FURNITUREITEM_GVG_SEASON_17_3RD";"[T0] 3rd Place Statue - Season 17";"";"";"";"";"";"";""
"Other";"";"";"3rd Place Statue - Season 18";"UNIQUE_FURNITUREITEM_GVG_SEASON_18_3RD";"[T0] 3rd Place Statue - Season 18";"";"";"";"";"";"";""
"Other";"";"";"3rd Place Statue - Season 9";"UNIQUE_FURNITUREITEM_GVG_SEASON_09_3RD";"[T0] 3rd Place Statue - Season 9";"";"";"";"";"";"";""
"Other";"";"";"Abyssal Memento";"UNIQUE_FURNITUREITEM_KILLTROPHY_HELL_LARGE";"[T0] Abyssal Memento";"";"";"";"";"";"";""
"Other";"";"";"Acid Potion";"T5_POTION_ACID";"[T5] Acid Potion";"";"";"";"";"";"";""
"Other";"";"";"Adamantium Ore";"T8_ORE";"[T8] Adamantium Ore";"";"";"";"";"";"";""
"Other";"";"";"Adamantium Ore Sample";"T8_FURNITUREITEM_TROPHY_ORE";"[T8] Adamantium Ore Sample";"";"";"";"";"";"";""
"Other";"";"";"Adamantium Steel Bar";"T8_METALBAR";"[T8] Adamantium Steel Bar";"";"";"";"";"";"";""
"Other";"";"";"Adept Animal Skinner Tome";"T4_SKILLBOOK_GATHER_HIDE";"[T4] Adept Animal Skinner Tome";"";"";"";"";"";"";""
"Other";"";"";"Adept Blacksmith Contract";"T4_LABOURER_CONTRACT_WARRIOR";"[T4] Adept Blacksmith Contract";"";"";"";"";"";"";""
"Other";"";"";"Adept Blacksmith's Journal (Empty)";"T4_JOURNAL_WARRIOR_EMPTY";"[T4] Adept Blacksmith's Journal (Empty)";"";"";"";"";"";"";""
"Other";"";"";"Adept Blacksmith's Journal (Full)";"T4_JOURNAL_WARRIOR_FULL";"[T4] Adept Blacksmith's Journal (Full)";"";"";"";"";"";"";""
"Other";"";"";"Adept Blacksmith's Journal (Partially Full)";"T4_JOURNAL_WARRIOR";"[T4] Adept Blacksmith's Journal (Partially Full)";"";"";"";"";"";"";""
"Other";"";"";"Adept Cropper Contract";"T4_LABOURER_CONTRACT_FIBER";"[T4] Adept Cropper Contract";"";"";"";"";"";"";""
"Other";"";"";"Adept Cropper's Journal (Empty)";"T4_JOURNAL_FIBER_EMPTY";"[T4] Adept Cropper's Journal (Empty)";"";"";"";"";"";"";""
"Other";"";"";"Adept Cropper's Journal (Full)";"T4_JOURNAL_FIBER_FULL";"[T4] Adept Cropper's Journal (Full)";"";"";"";"";"";"";""
"Other";"";"";"Adept Cropper's Journal (Partially Full)";"T4_JOURNAL_FIBER";"[T4] Adept Cropper's Journal (Partially Full)";"";"";"";"";"";"";""
"Other";"";"";"Adept Cropper's Trophy Journal (Empty)";"T4_JOURNAL_TROPHY_FIBER_EMPTY";"[T4] Adept Cropper's Trophy Journal (Empty)";"";"";"";"";"";"";""
"Other";"";"";"Adept Cropper's Trophy Journal (Full)";"T4_JOURNAL_TROPHY_FIBER_FULL";"[T4] Adept Cropper's Trophy Journal (Full)";"";"";"";"";"";"";""
"Other";"";"";"Adept Cropper's Trophy Journal (Partially Full)";"T4_JOURNAL_TROPHY_FIBER";"[T4] Adept Cropper's Trophy Journal (Partially Full)";"";"";"";"";"";"";""
"Other";"";"";"Adept Fiber Harvester Tome";"T4_SKILLBOOK_GATHER_FIBER";"[T4] Adept Fiber Harvester Tome";"";"";"";"";"";"";""
"Other";"";"";"Adept Fisherman Contract";"T4_LABOURER_CONTRACT_FISHERMAN";"[T4] Adept Fisherman Contract";"";"";"";"";"";"";""
"Other";"";"";"Adept Fisherman's Journal (Empty)";"T4_JOURNAL_FISHING_EMPTY";"[T4] Adept Fisherman's Journal (Empty)";"";"";"";"";"";"";""
"Other";"";"";"Adept Fisherman's Journal (Full)";"T4_JOURNAL_FISHING_FULL";"[T4] Adept Fisherman's Journal (Full)";"";"";"";"";"";"";""
"Other";"";"";"Adept Fisherman's Journal (Partially Full)";"T4_JOURNAL_FISHING";"[T4] Adept Fisherman's Journal (Partially Full)";"";"";"";"";"";"";""
"Other";"";"";"Adept Fisherman's Trophy Journal (Empty)";"T4_JOURNAL_TROPHY_FISHING_EMPTY";"[T4] Adept Fisherman's Trophy Journal (Empty)";"";"";"";"";"";"";""
"Other";"";"";"Adept Fisherman's Trophy Journal (Full)";"T4_JOURNAL_TROPHY_FISHING_FULL";"[T4] Adept Fisherman's Trophy Journal (Full)";"";"";"";"";"";"";""
"Other";"";"";"Adept Fisherman's Trophy Journal (Partially Full)";"T4_JOURNAL_TROPHY_FISHING";"[T4] Adept Fisherman's Trophy Journal (Partially Full)";"";"";"";"";"";"";""
"Other";"";"";"Adept Fletcher Contract";"T4_LABOURER_CONTRACT_HUNTER";"[T4] Adept Fletcher Contract";"";"";"";"";"";"";""
"Other";"";"";"Adept Fletcher's Journal (Empty)";"T4_JOURNAL_HUNTER_EMPTY";"[T4] Adept Fletcher's Journal (Empty)";"";"";"";"";"";"";""
"Other";"";"";"Adept Fletcher's Journal (Full)";"T4_JOURNAL_HUNTER_FULL";"[T4] Adept Fletcher's Journal (Full)";"";"";"";"";"";"";""
"Other";"";"";"Adept Fletcher's Journal (Partially Full)";"T4_JOURNAL_HUNTER";"[T4] Adept Fletcher's Journal (Partially Full)";"";"";"";"";"";"";""
"Other";"";"";"Adept Gamekeeper Contract";"T4_LABOURER_CONTRACT_HIDE";"[T4] Adept Gamekeeper Contract";"";"";"";"";"";"";""
"Other";"";"";"Adept Gamekeeper's Journal (Empty)";"T4_JOURNAL_HIDE_EMPTY";"[T4] Adept Gamekeeper's Journal (Empty)";"";"";"";"";"";"";""
"Other";"";"";"Adept Gamekeeper's Journal (Full)";"T4_JOURNAL_HIDE_FULL";"[T4] Adept Gamekeeper's Journal (Full)";"";"";"";"";"";"";""
"Other";"";"";"Adept Gamekeeper's Journal (Partially Full)";"T4_JOURNAL_HIDE";"[T4] Adept Gamekeeper's Journal (Partially Full)";"";"";"";"";"";"";""
"Other";"";"";"Adept Gamekeeper's Trophy Journal (Empty)";"T4_JOURNAL_TROPHY_HIDE_EMPTY";"[T4] Adept Gamekeeper's Trophy Journal (Empty)";"";"";"";"";"";"";""
"Other";"";"";"Adept Gamekeeper's Trophy Journal (Full)";"T4_JOURNAL_TROPHY_HIDE_FULL";"[T4] Adept Gamekeeper's Trophy Journal (Full)";"";"";"";"";"";"";""
"Other";"";"";"Adept Gamekeeper's Trophy Journal (Partially Full)";"T4_JOURNAL_TROPHY_HIDE";"[T4] Adept Gamekeeper's Trophy Journal (Partially Full)";"";"";"";"";"";"";""
"Other";"";"";"Adept Imbuer Contract";"T4_LABOURER_CONTRACT_MAGE";"[T4] Adept Imbuer Contract";"";"";"";"";"";"";""
"Other";"";"";"Adept Imbuer's Journal (Empty)";"T4_JOURNAL_MAGE_EMPTY";"[T4] Adept Imbuer's Journal (Empty)";"";"";"";"";"";"";""
"Other";"";"";"Adept Imbuer's Journal (Full)";"T4_JOURNAL_MAGE_FULL";"[T4] Adept Imbuer's Journal (Full)";"";"";"";"";"";"";""
"Other";"";"";"Adept Imbuer's Journal (Partially Full)";"T4_JOURNAL_MAGE";"[T4] Adept Imbuer's Journal (Partially Full)";"";"";"";"";"";"";""
"Other";"";"";"Adept Lumberjack Contract";"T4_LABOURER_CONTRACT_WOOD";"[T4] Adept Lumberjack Contract";"";"";"";"";"";"";""
"Other";"";"";"Adept Lumberjack Tome";"T4_SKILLBOOK_GATHER_WOOD";"[T4] Adept Lumberjack Tome";"";"";"";"";"";"";""
"Other";"";"";"Adept Lumberjack's Journal (Empty)";"T4_JOURNAL_WOOD_EMPTY";"[T4] Adept Lumberjack's Journal (Empty)";"";"";"";"";"";"";""
"Other";"";"";"Adept Lumberjack's Journal (Full)";"T4_JOURNAL_WOOD_FULL";"[T4] Adept Lumberjack's Journal (Full)";"";"";"";"";"";"";""
"Other";"";"";"Adept Lumberjack's Journal (Partially Full)";"T4_JOURNAL_WOOD";"[T4] Adept Lumberjack's Journal (Partially Full)";"";"";"";"";"";"";""
"Other";"";"";"Adept Lumberjack's Trophy Journal (Empty)";"T4_JOURNAL_TROPHY_WOOD_EMPTY";"[T4] Adept Lumberjack's Trophy Journal (Empty)";"";"";"";"";"";"";""
"Other";"";"";"Adept Lumberjack's Trophy Journal (Full)";"T4_JOURNAL_TROPHY_WOOD_FULL";"[T4] Adept Lumberjack's Trophy Journal (Full)";"";"";"";"";"";"";""
"Other";"";"";"Adept Lumberjack's Trophy Journal (Partially Full)";"T4_JOURNAL_TROPHY_WOOD";"[T4] Adept Lumberjack's Trophy Journal (Partially Full)";"";"";"";"";"";"";""
"Other";"";"";"Adept Mercenary Contract";"T4_LABOURER_CONTRACT_MERCENARY";"[T4] Adept Mercenary Contract";"";"";"";"";"";"";""
"Other";"";"";"Adept Mercenary's Journal (Empty)";"T4_JOURNAL_MERCENARY_EMPTY";"[T4] Adept Mercenary's Journal (Empty)";"";"";"";"";"";"";""
"Other";"";"";"Adept Mercenary's Journal (Full)";"T4_JOURNAL_MERCENARY_FULL";"[T4] Adept Mercenary's Journal (Full)";"";"";"";"";"";"";""
"Other";"";"";"Adept Mercenary's Journal (Partially Full)";"T4_JOURNAL_MERCENARY";"[T4] Adept Mercenary's Journal (Partially Full)";"";"";"";"";"";"";""
"Other";"";"";"Adept Mercenary's Trophy";"T4_FURNITUREITEM_TROPHY_MERCENARY";"[T4] Adept Mercenary's Trophy";"";"";"";"";"";"";""
"Other";"";"";"Adept Mercenary's Trophy Journal (Empty)";"T4_JOURNAL_TROPHY_MERCENARY_EMPTY";"[T4] Adept Mercenary's Trophy Journal (Empty)";"";"";"";"";"";"";""
"Other";"";"";"Adept Mercenary's Trophy Journal (Full)";"T4_JOURNAL_TROPHY_MERCENARY_FULL";"[T4] Adept Mercenary's Trophy Journal (Full)";"";"";"";"";"";"";""
"Other";"";"";"Adept Mercenary's Trophy Journal (Partially Full)";"T4_JOURNAL_TROPHY_MERCENARY";"[T4] Adept Mercenary's Trophy Journal (Partially Full)";"";"";"";"";"";"";""
"Other";"";"";"Adept Ore Miner Tome";"T4_SKILLBOOK_GATHER_ORE";"[T4] Adept Ore Miner Tome";"";"";"";"";"";"";""
"Other";"";"";"Adept Prospector Contract";"T4_LABOURER_CONTRACT_ORE";"[T4] Adept Prospector Contract";"";"";"";"";"";"";""
"Other";"";"";"Adept Prospector's Journal (Empty)";"T4_JOURNAL_ORE_EMPTY";"[T4] Adept Prospector's Journal (Empty)";"";"";"";"";"";"";""
"Other";"";"";"Adept Prospector's Journal (Full)";"T4_JOURNAL_ORE_FULL";"[T4] Adept Prospector's Journal (Full)";"";"";"";"";"";"";""
"Other";"";"";"Adept Prospector's Journal (Partially Full)";"T4_JOURNAL_ORE";"[T4] Adept Prospector's Journal (Partially Full)";"";"";"";"";"";"";""
"Other";"";"";"Adept Prospector's Trophy Journal (Empty)";"T4_JOURNAL_TROPHY_ORE_EMPTY";"[T4] Adept Prospector's Trophy Journal (Empty)";"";"";"";"";"";"";""
"Other";"";"";"Adept Prospector's Trophy Journal (Full)";"T4_JOURNAL_TROPHY_ORE_FULL";"[T4] Adept Prospector's Trophy Journal (Full)";"";"";"";"";"";"";""
"Other";"";"";"Adept Prospector's Trophy Journal (Partially Full)";"T4_JOURNAL_TROPHY_ORE";"[T4] Adept Prospector's Trophy Journal (Partially Full)";"";"";"";"";"";"";""
"Other";"";"";"Adept Quarrier Tome";"T4_SKILLBOOK_GATHER_ROCK";"[T4] Adept Quarrier Tome";"";"";"";"";"";"";""
"Other";"";"";"Adept Stonecutter Contract";"T4_LABOURER_CONTRACT_STONE";"[T4] Adept Stonecutter Contract";"";"";"";"";"";"";""
"Other";"";"";"Adept Stonecutter's Journal (Empty)";"T4_JOURNAL_STONE_EMPTY";"[T4] Adept Stonecutter's Journal (Empty)";"";"";"";"";"";"";""
"Other";"";"";"Adept Stonecutter's Journal (Full)";"T4_JOURNAL_STONE_FULL";"[T4] Adept Stonecutter's Journal (Full)";"";"";"";"";"";"";""
"Other";"";"";"Adept Stonecutter's Journal (Partially Full)";"T4_JOURNAL_STONE";"[T4] Adept Stonecutter's Journal (Partially Full)";"";"";"";"";"";"";""
"Other";"";"";"Adept Stonecutter's Trophy Journal (Empty)";"T4_JOURNAL_TROPHY_STONE_EMPTY";"[T4] Adept Stonecutter's Trophy Journal (Empty)";"";"";"";"";"";"";""
"Other";"";"";"Adept Stonecutter's Trophy Journal (Full)";"T4_JOURNAL_TROPHY_STONE_FULL";"[T4] Adept Stonecutter's Trophy Journal (Full)";"";"";"";"";"";"";""
"Other";"";"";"Adept Stonecutter's Trophy Journal (Partially Full)";"T4_JOURNAL_TROPHY_STONE";"[T4] Adept Stonecutter's Trophy Journal (Partially Full)";"";"";"";"";"";"";""
"Other";"";"";"Adept Tinker Contract";"T4_LABOURER_CONTRACT_TOOLMAKER";"[T4] Adept Tinker Contract";"";"";"";"";"";"";""
"Other";"";"";"Adept Tinker's Journal (Empty)";"T4_JOURNAL_TOOLMAKER_EMPTY";"[T4] Adept Tinker's Journal (Empty)";"";"";"";"";"";"";""
"Other";"";"";"Adept Tinker's Journal (Full)";"T4_JOURNAL_TOOLMAKER_FULL";"[T4] Adept Tinker's Journal (Full)";"";"";"";"";"";"";""
"Other";"";"";"Adept Tinker's Journal (Partially Full)";"T4_JOURNAL_TOOLMAKER";"[T4] Adept Tinker's Journal (Partially Full)";"";"";"";"";"";"";""
"Other";"";"";"Adventurer Token";"QUESTITEM_TOKEN_ADC_FRAME";"[T0] Adventurer Token";"";"";"";"";"";"";""
"Other";"";"";"Adventurer's Handbook";"T2_FURNITUREITEM_TROPHY_GENERAL";"[T2] Adventurer's Handbook";"";"";"";"";"";"";""
"Other";"";"";"Adventurer's Tome";"UNIQUE_SKILLBOOK_ADC_GENERAL_01";"[T0] Adventurer's Tome";"";"";"";"";"";"";""
"Other";"";"";"Albion Perch";"T3_FISH_FRESHWATER_ALL_COMMON";"[T3] Albion Perch";"";"";"";"";"";"";""
"Other";"";"";"Alchemist's Packboar";"SKIN_DIREBOAR_ALCHEMIST";"[T0] Alchemist's Packboar";"";"";"";"";"";"";""
"Other";"";"";"Allhallows Treat";"UNIQUE_CONSUMABLE_EVENT_HALLOWEEN_CANDY";"[T0] Allhallows Treat";"";"";"";"";"";"";""
"Other";"";"";"Amberleaf Cotton";"T6_FIBER";"[T6] Amberleaf Cotton";"";"";"";"";"";"";""
"Other";"";"";"Amberpaw";"SKIN_COUGAR_SHADOWCAT_ORANGE";"[T0] Amberpaw";"";"";"";"";"";"";""
"Other";"";"";"Amethyst Cougar";"SKIN_COUGAR_AMETHYST";"[T0] Amethyst Cougar";"";"";"";"";"";"";""
"Other";"";"";"Amethyst Unicorn";"SKIN_HORSE_UNICORN_AMETHYST";"[T0] Amethyst Unicorn";"";"";"";"";"";"";""
"Other";"";"";"Ancient Scripture";"T4_FURNITUREITEM_TROPHY_GENERAL";"[T4] Ancient Scripture";"";"";"";"";"";"";""
"Other";"";"";"Ancient Tome";"TREASURE_KNOWLEDGE_RARITY3";"[T0] Ancient Tome";"";"";"";"";"";"";""
"Other";"";"";"Anniversary Banner - Blue";"T3_FURNITUREITEM_ANNIVERSARYBANNER_2021";"[T3] Anniversary Banner - Blue";"";"";"";"";"";"";""
"Other";"";"";"Anniversary Banner - Light Blue";"T3_FURNITUREITEM_ANNIVERSARYBANNER_2025";"[T3] Anniversary Banner - Light Blue";"";"";"";"";"";"";""
"Other";"";"";"Anniversary Banner - Orange";"T3_FURNITUREITEM_ANNIVERSARYBANNER_2023";"[T3] Anniversary Banner - Orange";"";"";"";"";"";"";""
"Other";"";"";"Anniversary Banner - Purple";"T3_FURNITUREITEM_ANNIVERSARYBANNER_2024";"[T3] Anniversary Banner - Purple";"";"";"";"";"";"";""
"Other";"";"";"Anniversary Banner - Red";"T3_FURNITUREITEM_ANNIVERSARYBANNER_2020";"[T3] Anniversary Banner - Red";"";"";"";"";"";"";""
"Other";"";"";"Anniversary Banner - Turquoise";"T3_FURNITUREITEM_ANNIVERSARYBANNER_2022";"[T3] Anniversary Banner - Turquoise";"";"";"";"";"";"";""
"Other";"";"";"Anniversary Banner - White";"T3_FURNITUREITEM_ANNIVERSARYBANNER";"[T3] Anniversary Banner - White";"";"";"";"";"";"";""
"Other";"";"";"Anniversary Cake";"UNIQUE_CONSUMABLE_EVENT_ANNIVERSARY_CAKE";"[T0] Anniversary Cake";"";"";"";"";"";"";""
"Other";"";"";"Anniversary Ethereal Horse";"SKIN_HORSE_PRIEST_HOLY_ANNIVERSARY";"[T0] Anniversary Ethereal Horse";"";"";"";"";"";"";""
"Other";"";"";"Anniversary Paladin's Warhorse";"SKIN_ARMORED_HORSE_PALADIN_ANNIVERSARY";"[T0] Anniversary Paladin's Warhorse";"";"";"";"";"";"";""
"Other";"";"";"Anniversary War Beast";"SKIN_DIREWOLF_BARBARIAN_ANNIVERSARY";"[T0] Anniversary War Beast";"";"";"";"";"";"";""
"Other";"";"";"Arcane Agaric";"T2_AGARIC";"[T2] Arcane Agaric";"";"";"";"";"";"";""
"Other";"";"";"Arcane Agaric Seeds";"T2_FARM_AGARIC_SEED";"[T2] Arcane Agaric Seeds";"";"";"";"";"";"";""
"Other";"";"";"Arcane Direboar";"SKIN_DIREBOAR_BATTLEMAGE";"[T0] Arcane Direboar";"";"";"";"";"";"";""
"Other";"";"";"Arcane Essence";"T4_ESSENCE_POTION";"[T4] Adept's Arcane Essence";"";"";"";"";"";"";""
"Other";"";"";"Arcane stone sigil";"PLAYERISLAND_FURNITUREITEM_STONE_MAGIC_EMBLEM_GROUND_B";"[T0] Arcane stone sigil";"";"";"";"";"";"";""
"Other";"";"";"Arena Champion's Sabertooth";"SKIN_COUGAR_ARENA";"[T0] Arena Champion's Sabertooth";"";"";"";"";"";"";""
"Other";"";"";"Arena Sigil";"QUESTITEM_TOKEN_ARENA_UNRANKED";"[T0] Arena Sigil";"";"";"";"";"";"";""
"Other";"";"";"Arena Veteran's Armored Horse";"SKIN_ARMORED_HORSE_ARENA";"[T0] Arena Veteran's Armored Horse";"";"";"";"";"";"";""
"Other";"";"";"Armored Bonehorse";"SKIN_ARMORED_HORSE_UNDEAD";"[T0] Armored Bonehorse";"";"";"";"";"";"";""
"Other";"";"";"Armored Goldmane Pegasus";"SKIN_ARMORED_HORSE_PEGASUS_TWILIGHT";"[T0] Armored Goldmane Pegasus";"";"";"";"";"";"";""
"Other";"";"";"Armored Horse";"T5_MOUNT_ARMORED_HORSE";"[T5] Expert's Armored Horse";"";"";"";"";"";"";""
"Other";"";"";"Armored Horse Skin: Arena Veteran";"UNIQUE_UNLOCK_SKIN_ARMORED_HORSE_ARENA";"[T0] Armored Horse Skin: Arena Veteran";"";"";"";"";"";"";""
"Other";"";"";"Armored Horse Skin: Armored Bonehorse";"UNIQUE_UNLOCK_SKIN_ARMORED_HORSE_UNDEAD";"[T0] Armored Horse Skin: Armored Bonehorse";"";"";"";"";"";"";""
"Other";"";"";"Armored Horse Skin: Armored Pegasus";"UNIQUE_UNLOCK_SKIN_ARMORED_HORSE_PEGASUS_LIGHT";"[T0] Armored Horse Skin: Armored Pegasus";"";"";"";"";"";"";""
"Other";"";"";"Armored Horse Skin: Armored Shadow Pegasus";"UNIQUE_UNLOCK_SKIN_ARMORED_HORSE_PEGASUS_DARK";"[T0] Armored Horse Skin: Armored Shadow Pegasus";"";"";"";"";"";"";""
"Other";"";"";"Armored Horse Skin: Elder's Heraldic Warhorse";"UNIQUE_UNLOCK_SKIN_ARMORED_HORSE_T8_GUILD_NON_TRADABLE";"[T0] Armored Horse Skin: Elder's Heraldic Warhorse";"";"";"";"";"";"";""
"Other";"";"";"Armored Horse Skin: Expert's Heraldic Warhorse";"UNIQUE_UNLOCK_SKIN_ARMORED_HORSE_T5_GUILD_NON_TRADABLE";"[T0] Armored Horse Skin: Expert's Heraldic Warhorse";"";"";"";"";"";"";""
"Other";"";"";"Armored Horse Skin: Grandmaster's Heraldic Warhorse";"UNIQUE_UNLOCK_SKIN_ARMORED_HORSE_T7_GUILD_NON_TRADABLE";"[T0] Armored Horse Skin: Grandmaster's Heraldic Warhorse";"";"";"";"";"";"";""
"Other";"";"";"Armored Horse Skin: Heraldic Jousting Horse";"UNIQUE_UNLOCK_SKIN_ARMORED_HORSE_JOUSTING_GUILD_AJ";"[T0] Armored Horse Skin: Heraldic Jousting Horse";"";"";"";"";"";"";""
"Other";"";"";"Armored Horse Skin: Heretic Warsteed";"UNIQUE_UNLOCK_SKIN_ARMORED_HORSE_HERETIC_PONY_TELLAFRIEND";"[T0] Armored Horse Skin: Heretic Warsteed";"";"";"";"";"";"";""
"Other";"";"";"Armored Horse Skin: Master's Heraldic Warhorse";"UNIQUE_UNLOCK_SKIN_ARMORED_HORSE_T6_GUILD_NON_TRADABLE";"[T0] Armored Horse Skin: Master's Heraldic Warhorse";"";"";"";"";"";"";""
"Other";"";"";"Armored Horse Skin: Morgana Mare";"UNIQUE_UNLOCK_SKIN_ARMORED_HORSE_MORGANA";"[T0] Armored Horse Skin: Morgana Mare";"";"";"";"";"";"";""
"Other";"";"";"Armored Pegasus";"SKIN_ARMORED_HORSE_PEGASUS_LIGHT";"[T0] Armored Pegasus";"";"";"";"";"";"";""
"Other";"";"";"Armored Pony";"SKIN_ARMORED_HORSE_PONY_NATIVE_CLIENT";"[T0] Armored Pony";"";"";"";"";"";"";""
"Other";"";"";"Armored Shadow Pegasus";"SKIN_ARMORED_HORSE_PEGASUS_DARK";"[T0] Armored Shadow Pegasus";"";"";"";"";"";"";""
"Other";"";"";"Army Crate (Disciples of Morgana)";"UNIQUE_FURNITUREITEM_MORGANA_WEAPONCRATE_A@2";"[T0] Army Crate (Disciples of Morgana) .2";"";"";"";"";"";"";""
"Other";"";"";"Ashenbark Bonsai";"T7_FURNITUREITEM_TROPHY_WOOD";"[T7] Ashenbark Bonsai";"";"";"";"";"";"";""
"Other";"";"";"Ashenbark Logs";"T7_WOOD";"[T7] Ashenbark Logs";"";"";"";"";"";"";""
"Other";"";"";"Ashenbark Planks";"T7_PLANKS";"[T7] Ashenbark Planks";"";"";"";"";"";"";""
"Other";"";"";"Assassin's Panther";"SKIN_COUGAR_ASSASSIN";"[T0] Assassin's Panther";"";"";"";"";"";"";""
"Other";"";"";"Astral Stag";"SKIN_GIANTSTAG_SPIRITBEAST_AJ";"[T0] Astral Stag";"";"";"";"";"";"";""
"Other";"";"";"Auction House Ox";"SKIN_OX_BISON_AH";"[T0] Auction House Ox";"";"";"";"";"";"";""
"Other";"";"";"Autumn tree";"PLAYERISLAND_FURNITUREITEM_VEGETATION_TREE_DECO_A";"[T0] Autumn tree";"";"";"";"";"";"";""
"Other";"";"";"Avalonian Basilisk";"T7_MOUNT_SWAMPDRAGON_AVALON_BASILISK";"[T7] Avalonian Basilisk";"";"";"";"";"";"";""
"Other";"";"";"Avalonian Beef Sandwich";"T8_MEAL_SANDWICH_AVALON";"[T8] Avalonian Beef Sandwich";"";"";"";"";"";"";""
"Other";"";"";"Avalonian Beef Stew";"T8_MEAL_STEW_AVALON";"[T8] Avalonian Beef Stew";"";"";"";"";"";"";""
"Other";"";"";"Avalonian Chicken Omelette";"T3_MEAL_OMELETTE_AVALON";"[T3] Avalonian Chicken Omelette";"";"";"";"";"";"";""
"Other";"";"";"Avalonian Energy";"QUESTITEM_TOKEN_AVALON";"[T0] Avalonian Energy";"";"";"";"";"";"";""
"Other";"";"";"Avalonian Goat Sandwich";"T4_MEAL_SANDWICH_AVALON";"[T4] Avalonian Goat Sandwich";"";"";"";"";"";"";""
"Other";"";"";"Avalonian Goat Stew";"T4_MEAL_STEW_AVALON";"[T4] Avalonian Goat Stew";"";"";"";"";"";"";""
"Other";"";"";"Avalonian Goose Omelette";"T5_MEAL_OMELETTE_AVALON";"[T5] Avalonian Goose Omelette";"";"";"";"";"";"";""
"Other";"";"";"Avalonian Mutton Sandwich";"T6_MEAL_SANDWICH_AVALON";"[T6] Avalonian Mutton Sandwich";"";"";"";"";"";"";""
"Other";"";"";"Avalonian Mutton Stew";"T6_MEAL_STEW_AVALON";"[T6] Avalonian Mutton Stew";"";"";"";"";"";"";""
"Other";"";"";"Avalonian Pork Omelette";"T7_MEAL_OMELETTE_AVALON";"[T7] Avalonian Pork Omelette";"";"";"";"";"";"";""
"Other";"";"";"Avalonian Shard";"T4_SHARD_AVALONIAN";"[T4] Adept's Avalonian Shard";"";"";"";"";"";"";""
"Other";"";"";"Avatar Ring Set: Season Bronze Rank";"UNIQUE_AVATARRING_GVGSEASONREWARD_BRONZE";"[T0] Avatar Ring Set: Season Bronze Rank";"";"";"";"";"";"";""
"Other";"";"";"Avatar Ring Set: Season Crystal Rank";"UNIQUE_AVATARRING_GVGSEASONREWARD_CRYSTAL";"[T0] Avatar Ring Set: Season Crystal Rank";"";"";"";"";"";"";""
"Other";"";"";"Avatar Ring Set: Season Gold Rank";"UNIQUE_AVATARRING_GVGSEASONREWARD_GOLD";"[T0] Avatar Ring Set: Season Gold Rank";"";"";"";"";"";"";""
"Other";"";"";"Avatar Ring Set: Season Silver Rank";"UNIQUE_AVATARRING_GVGSEASONREWARD_SILVER";"[T0] Avatar Ring Set: Season Silver Rank";"";"";"";"";"";"";""
"Other";"";"";"Avatar Ring: Adventurer";"UNIQUE_AVATARRING_ADC_TOKENLOCKED_01";"[T0] Avatar Ring: Adventurer";"";"";"";"";"";"";""
"Other";"";"";"Avatar Ring: Avalonian Invasion";"UNIQUE_AVATARRING_GVGSEASONREWARD_AVALON_INVASION";"[T0] Avatar Ring: Avalonian Invasion";"";"";"";"";"";"";""
"Other";"";"";"Avatar Ring: Carnival Challenge";"UNIQUE_AVATARRING_ADC_FEB2019";"[T0] Avatar Ring: Carnival Challenge";"";"";"";"";"";"";""
"Other";"";"";"Avatar Ring: Crossed Axes";"UNIQUE_AVATARRING_ADC_TOKENLOCKED_AXES";"[T0] Avatar Ring: Crossed Axes";"";"";"";"";"";"";""
"Other";"";"";"Avatar Ring: Crossed Blades";"UNIQUE_AVATARRING_ADC_TOKENLOCKED_SWORDS";"[T0] Avatar Ring: Crossed Blades";"";"";"";"";"";"";""
"Other";"";"";"Avatar Ring: Crystal Arena Crystal Rank";"UNIQUE_AVATARRING_ARENA_CRYSTAL";"[T0] Avatar Ring: Crystal Arena Crystal Rank";"";"";"";"";"";"";""
"Other";"";"";"Avatar Ring: Crystal Arena Gold Rank";"UNIQUE_AVATARRING_ARENA_GOLD1";"[T0] Avatar Ring: Crystal Arena Gold Rank";"";"";"";"";"";"";""
"Other";"";"";"Avatar Ring: Crystal Arena Silver Rank";"UNIQUE_AVATARRING_ARENA_SILVER1";"[T0] Avatar Ring: Crystal Arena Silver Rank";"";"";"";"";"";"";""
"Other";"";"";"Avatar Ring: Divine Challenge";"UNIQUE_AVATARRING_ADC_AUG2019";"[T0] Avatar Ring: Divine Challenge";"";"";"";"";"";"";""
"Other";"";"";"Avatar Ring: Doom Slayer";"UNIQUE_AVATARRING_HELLDUNGEON";"[T0] Avatar Ring: Doom Slayer";"";"";"";"";"";"";""
"Other";"";"";"Avatar Ring: Enigma";"UNIQUE_AVATARRING_ADC_TOKENLOCKED_ARCANE";"[T0] Avatar Ring: Enigma";"";"";"";"";"";"";""
"Other";"";"";"Avatar Ring: Farmer";"UNIQUE_AVATARRING_ADC_TOKENLOCKED_FARMING";"[T0] Avatar Ring: Farmer";"";"";"";"";"";"";""
"Other";"";"";"Avatar Ring: Fisherman";"UNIQUE_AVATARRING_ADC_TOKENLOCKED_FISHING";"[T0] Avatar Ring: Fisherman";"";"";"";"";"";"";""
"Other";"";"";"Avatar Ring: Frost Challenge";"UNIQUE_AVATARRING_ADC_JAN2019";"[T0] Avatar Ring: Frost Challenge";"";"";"";"";"";"";""
"Other";"";"";"Avatar Ring: Grim Challenge";"UNIQUE_AVATARRING_ADC_NOV2018";"[T0] Avatar Ring: Grim Challenge";"";"";"";"";"";"";""
"Other";"";"";"Avatar Ring: Harvest Challenge";"UNIQUE_AVATARRING_ADC_OCT2019";"[T0] Avatar Ring: Harvest Challenge";"";"";"";"";"";"";""
"Other";"";"";"Avatar Ring: Heretic Challenge";"UNIQUE_AVATARRING_ADC_SEP2019";"[T0] Avatar Ring: Heretic Challenge";"";"";"";"";"";"";""
"Other";"";"";"Avatar Ring: Hunter Challenge";"UNIQUE_AVATARRING_ADC_APR2019";"[T0] Avatar Ring: Hunter Challenge";"";"";"";"";"";"";""
"Other";"";"";"Avatar Ring: Inferno";"UNIQUE_AVATARRING_ADC_TOKENLOCKED_FIRE";"[T0] Avatar Ring: Inferno";"";"";"";"";"";"";""
"Other";"";"";"Avatar Ring: Keeper Challenge";"UNIQUE_AVATARRING_ADC_MAR2019";"[T0] Avatar Ring: Keeper Challenge";"";"";"";"";"";"";""
"Other";"";"";"Avatar Ring: Knight Challenge";"UNIQUE_AVATARRING_ADC_JUN2019";"[T0] Avatar Ring: Knight Challenge";"";"";"";"";"";"";""
"Other";"";"";"Avatar Ring: Morgana Challenge";"UNIQUE_AVATARRING_ADC_MAY2019";"[T0] Avatar Ring: Morgana Challenge";"";"";"";"";"";"";""
"Other";"";"";"Avatar Ring: Nature Spirit";"UNIQUE_AVATARRING_ADC_TOKENLOCKED_NATURE";"[T0] Avatar Ring: Nature Spirit";"";"";"";"";"";"";""
"Other";"";"";"Avatar Ring: Necromancer";"UNIQUE_AVATARRING_ADC_TOKENLOCKED_NECROMANCER";"[T0] Avatar Ring: Necromancer";"";"";"";"";"";"";""
"Other";"";"";"Avatar Ring: Recruiter";"UNIQUE_AVATARRING_TELLAFRIEND";"[T0] Avatar Ring: Recruiter";"";"";"";"";"";"";""
"Other";"";"";"Avatar Ring: Season 1st Place";"UNIQUE_AVATARRING_GVGSEASONREWARD_1ST";"[T0] Avatar Ring: Season 1st Place";"";"";"";"";"";"";""
"Other";"";"";"Avatar Ring: Season 2nd Place";"UNIQUE_AVATARRING_GVGSEASONREWARD_2ND";"[T0] Avatar Ring: Season 2nd Place";"";"";"";"";"";"";""
"Other";"";"";"Avatar Ring: Season 3rd Place";"UNIQUE_AVATARRING_GVGSEASONREWARD_3RD";"[T0] Avatar Ring: Season 3rd Place";"";"";"";"";"";"";""
"Other";"";"";"Avatar Ring: Season Iron Rank";"UNIQUE_AVATARRING_GVGSEASONREWARD_IRON";"[T0] Avatar Ring: Season Iron Rank";"";"";"";"";"";"";""
"Other";"";"";"Avatar Ring: Seasoned Adventurer";"UNIQUE_AVATARRING_ORIGINAL_PLAYER";"[T0] Avatar Ring: Seasoned Adventurer";"";"";"";"";"";"";""
"Other";"";"";"Avatar Ring: Smuggler";"UNIQUE_AVATARRING_SMUGGLER";"[T0] Avatar Ring: Smuggler";"";"";"";"";"";"";""
"Other";"";"";"Avatar Ring: Staff of Hermes";"UNIQUE_AVATARRING_CHARITY_MARCH2020";"[T0] Avatar Ring: Staff of Hermes";"";"";"";"";"";"";""
"Other";"";"";"Avatar Ring: Undead Challenge";"UNIQUE_AVATARRING_ADC_JUL2019";"[T0] Avatar Ring: Undead Challenge";"";"";"";"";"";"";""
"Other";"";"";"Avatar Ring: Wanderer in the Mists";"UNIQUE_AVATARRING_BRECILIEN";"[T0] Avatar Ring: Wanderer in the Mists";"";"";"";"";"";"";""
"Other";"";"";"Avatar Ring: Yuletide Challenge";"UNIQUE_AVATARRING_ADC_DEC2018";"[T0] Avatar Ring: Yuletide Challenge";"";"";"";"";"";"";""
"Other";"";"";"Avatar Set: Crystal Conqueror";"UNIQUE_AVATAR_GVGSEASON_20_CRYSTAL";"[T0] Avatar Set: Crystal Conqueror";"";"";"";"";"";"";""
"Other";"";"";"Avatar Set: Crystal Fencer";"UNIQUE_AVATAR_GVGSEASON_26_CRYSTAL";"[T0] Avatar Set: Crystal Fencer";"";"";"";"";"";"";""
"Other";"";"";"Avatar Set: Crystal Pyromancer";"UNIQUE_AVATAR_GVGSEASON_21_CRYSTAL";"[T0] Avatar Set: Crystal Pyromancer";"";"";"";"";"";"";""
"Other";"";"";"Avatar Set: Crystal Sharpshooter";"UNIQUE_AVATAR_GVGSEASON_22_CRYSTAL";"[T0] Avatar Set: Crystal Sharpshooter";"";"";"";"";"";"";""
"Other";"";"";"Avatar Set: Crystal Sword Dancer";"UNIQUE_AVATAR_GVGSEASON_19_CRYSTAL";"[T0] Avatar Set: Crystal Sword Dancer";"";"";"";"";"";"";""
"Other";"";"";"Avatar Set: Energy Surge Crystal Rank";"UNIQUE_AVATAR_GVGSEASON_ENERGY_RUSH_CRYSTAL";"[T0] Avatar Set: Energy Surge Crystal Rank";"";"";"";"";"";"";""
"Other";"";"";"Avatar Set: Energy Surge Gold Rank";"UNIQUE_AVATAR_GVGSEASON_ENERGY_RUSH_GOLD";"[T0] Avatar Set: Energy Surge Gold Rank";"";"";"";"";"";"";""
"Other";"";"";"Avatar Set: Energy Surge Silver Rank";"UNIQUE_AVATAR_GVGSEASON_ENERGY_RUSH_SILVER";"[T0] Avatar Set: Energy Surge Silver Rank";"";"";"";"";"";"";""
"Other";"";"";"Avatar Set: Gold Conqueror";"UNIQUE_AVATAR_GVGSEASON_20_GOLD";"[T0] Avatar Set: Gold Conqueror";"";"";"";"";"";"";""
"Other";"";"";"Avatar Set: Gold Fencer";"UNIQUE_AVATAR_GVGSEASON_26_GOLD";"[T0] Avatar Set: Gold Fencer";"";"";"";"";"";"";""
"Other";"";"";"Avatar Set: Gold Pyromancer";"UNIQUE_AVATAR_GVGSEASON_21_GOLD";"[T0] Avatar Set: Gold Pyromancer";"";"";"";"";"";"";""
"Other";"";"";"Avatar Set: Gold Sharpshooter";"UNIQUE_AVATAR_GVGSEASON_22_GOLD";"[T0] Avatar Set: Gold Sharpshooter";"";"";"";"";"";"";""
"Other";"";"";"Avatar Set: Gold Sword Dancer";"UNIQUE_AVATAR_GVGSEASON_19_GOLD";"[T0] Avatar Set: Gold Sword Dancer";"";"";"";"";"";"";""
"Other";"";"";"Avatar Set: Season 14 Crystal Rank";"UNIQUE_AVATAR_GVGSEASON_14_CRYSTAL";"[T0] Avatar Set: Season 14 Crystal Rank";"";"";"";"";"";"";""
"Other";"";"";"Avatar Set: Season 14 Gold Rank";"UNIQUE_AVATAR_GVGSEASON_14_GOLD";"[T0] Avatar Set: Season 14 Gold Rank";"";"";"";"";"";"";""
"Other";"";"";"Avatar Set: Season 14 Silver Rank";"UNIQUE_AVATAR_GVGSEASON_14_SILVER";"[T0] Avatar Set: Season 14 Silver Rank";"";"";"";"";"";"";""
"Other";"";"";"Avatar Set: Season 15 Crystal Rank";"UNIQUE_AVATAR_GVGSEASON_15_CRYSTAL";"[T0] Avatar Set: Season 15 Crystal Rank";"";"";"";"";"";"";""
"Other";"";"";"Avatar Set: Season 15 Gold Rank";"UNIQUE_AVATAR_GVGSEASON_15_GOLD";"[T0] Avatar Set: Season 15 Gold Rank";"";"";"";"";"";"";""
"Other";"";"";"Avatar Set: Season 15 Silver Rank";"UNIQUE_AVATAR_GVGSEASON_15_SILVER";"[T0] Avatar Set: Season 15 Silver Rank";"";"";"";"";"";"";""
"Other";"";"";"Avatar Set: Season 16 Crystal Rank";"UNIQUE_AVATAR_GVGSEASON_16_CRYSTAL";"[T0] Avatar Set: Season 16 Crystal Rank";"";"";"";"";"";"";""
"Other";"";"";"Avatar Set: Season 16 Gold Rank";"UNIQUE_AVATAR_GVGSEASON_16_GOLD";"[T0] Avatar Set: Season 16 Gold Rank";"";"";"";"";"";"";""
"Other";"";"";"Avatar Set: Season 16 Silver Rank";"UNIQUE_AVATAR_GVGSEASON_16_SILVER";"[T0] Avatar Set: Season 16 Silver Rank";"";"";"";"";"";"";""
"Other";"";"";"Avatar Set: Season 17 Crystal Rank";"UNIQUE_AVATAR_GVGSEASON_17_CRYSTAL";"[T0] Avatar Set: Season 17 Crystal Rank";"";"";"";"";"";"";""
"Other";"";"";"Avatar Set: Season 17 Gold Rank";"UNIQUE_AVATAR_GVGSEASON_17_GOLD";"[T0] Avatar Set: Season 17 Gold Rank";"";"";"";"";"";"";""
"Other";"";"";"Avatar Set: Season 17 Silver Rank";"UNIQUE_AVATAR_GVGSEASON_17_SILVER";"[T0] Avatar Set: Season 17 Silver Rank";"";"";"";"";"";"";""
"Other";"";"";"Avatar Set: Season 18 Crystal Rank";"UNIQUE_AVATAR_GVGSEASON_18_CRYSTAL";"[T0] Avatar Set: Season 18 Crystal Rank";"";"";"";"";"";"";""
"Other";"";"";"Avatar Set: Season 18 Gold Rank";"UNIQUE_AVATAR_GVGSEASON_18_GOLD";"[T0] Avatar Set: Season 18 Gold Rank";"";"";"";"";"";"";""
"Other";"";"";"Avatar Set: Season 18 Silver Rank";"UNIQUE_AVATAR_GVGSEASON_18_SILVER";"[T0] Avatar Set: Season 18 Silver Rank";"";"";"";"";"";"";""
"Other";"";"";"Avatar Set: Silver Conqueror";"UNIQUE_AVATAR_GVGSEASON_20_SILVER";"[T0] Avatar Set: Silver Conqueror";"";"";"";"";"";"";""
"Other";"";"";"Avatar Set: Silver Fencer";"UNIQUE_AVATAR_GVGSEASON_26_SILVER";"[T0] Avatar Set: Silver Fencer";"";"";"";"";"";"";""
"Other";"";"";"Avatar Set: Silver Pyromancer";"UNIQUE_AVATAR_GVGSEASON_21_SILVER";"[T0] Avatar Set: Silver Pyromancer";"";"";"";"";"";"";""
"Other";"";"";"Avatar Set: Silver Sharpshooter";"UNIQUE_AVATAR_GVGSEASON_22_SILVER";"[T0] Avatar Set: Silver Sharpshooter";"";"";"";"";"";"";""
"Other";"";"";"Avatar Set: Silver Sword Dancer";"UNIQUE_AVATAR_GVGSEASON_19_SILVER";"[T0] Avatar Set: Silver Sword Dancer";"";"";"";"";"";"";""
"Other";"";"";"Avatar: Adventurer";"UNIQUE_AVATAR_ADC_TOKENLOCKED_01";"[T0] Avatar: Adventurer";"";"";"";"";"";"";""
"Other";"";"";"Avatar: Avalonian Invasion";"UNIQUE_AVATAR_GVGSEASON_AVALON_INVASION";"[T0] Avatar: Avalonian Invasion";"";"";"";"";"";"";""
"Other";"";"";"Avatar: Bronze Arcanist";"UNIQUE_AVATAR_GVGSEASON_25_BRONZE";"[T0] Avatar: Bronze Arcanist";"";"";"";"";"";"";""
"Other";"";"";"Avatar: Bronze Conqueror";"UNIQUE_AVATAR_GVGSEASON_20_BRONZE";"[T0] Avatar: Bronze Conqueror";"";"";"";"";"";"";""
"Other";"";"";"Avatar: Bronze Dread Knight";"UNIQUE_AVATAR_GVGSEASON_24_BRONZE";"[T0] Avatar: Bronze Dread Knight";"";"";"";"";"";"";""
"Other";"";"";"Avatar: Bronze Fencer";"UNIQUE_AVATAR_GVGSEASON_26_BRONZE";"[T0] Avatar: Bronze Fencer";"";"";"";"";"";"";""
"Other";"";"";"Avatar: Bronze Fisher";"UNIQUE_AVATAR_GVGSEASON_28_BRONZE";"[T0] Avatar: Bronze Fisher";"";"";"";"";"";"";""
"Other";"";"";"Avatar: Bronze Guardian";"UNIQUE_AVATAR_GVGSEASON_23_BRONZE";"[T0] Avatar: Bronze Guardian";"";"";"";"";"";"";""
"Other";"";"";"Avatar: Bronze Hunter";"UNIQUE_AVATAR_GVGSEASON_29_BRONZE";"[T0] Avatar: Bronze Hunter";"";"";"";"";"";"";""
"Other";"";"";"Avatar: Bronze Miner";"UNIQUE_AVATAR_GVGSEASON_27_BRONZE";"[T0] Avatar: Bronze Miner";"";"";"";"";"";"";""
"Other";"";"";"Avatar: Bronze Pyromancer";"UNIQUE_AVATAR_GVGSEASON_21_BRONZE";"[T0] Avatar: Bronze Pyromancer";"";"";"";"";"";"";""
"Other";"";"";"Avatar: Bronze Sharpshooter";"UNIQUE_AVATAR_GVGSEASON_22_BRONZE";"[T0] Avatar: Bronze Sharpshooter";"";"";"";"";"";"";""
"Other";"";"";"Avatar: Bronze Sword Dancer";"UNIQUE_AVATAR_GVGSEASON_19_BRONZE";"[T0] Avatar: Bronze Sword Dancer";"";"";"";"";"";"";""
"Other";"";"";"Avatar: Crystal Arcanist";"UNIQUE_AVATAR_GVGSEASON_25_CRYSTAL";"[T0] Avatar: Crystal Arcanist";"";"";"";"";"";"";""
"Other";"";"";"Avatar: Crystal Dread Knight";"UNIQUE_AVATAR_GVGSEASON_24_CRYSTAL";"[T0] Avatar: Crystal Dread Knight";"";"";"";"";"";"";""
"Other";"";"";"Avatar: Crystal Fisher";"UNIQUE_AVATAR_GVGSEASON_28_CRYSTAL";"[T0] Avatar: Crystal Fisher";"";"";"";"";"";"";""
"Other";"";"";"Avatar: Crystal Guardian";"UNIQUE_AVATAR_GVGSEASON_23_CRYSTAL";"[T0] Avatar: Crystal Guardian";"";"";"";"";"";"";""
"Other";"";"";"Avatar: Crystal Harvester";"UNIQUE_AVATAR_GVGSEASON_30_CRYSTAL";"[T0] Avatar: Crystal Harvester";"";"";"";"";"";"";""
"Other";"";"";"Avatar: Crystal Hunter";"UNIQUE_AVATAR_GVGSEASON_29_CRYSTAL";"[T0] Avatar: Crystal Hunter";"";"";"";"";"";"";""
"Other";"";"";"Avatar: Crystal Lumberjack";"UNIQUE_AVATAR_GVGSEASON_31_CRYSTAL";"[T0] Avatar: Crystal Lumberjack";"";"";"";"";"";"";""
"Other";"";"";"Avatar: Crystal Miner";"UNIQUE_AVATAR_GVGSEASON_27_CRYSTAL";"[T0] Avatar: Crystal Miner";"";"";"";"";"";"";""
"Other";"";"";"Avatar: Doom Slayer";"UNIQUE_AVATAR_HELLDUNGEON";"[T0] Avatar: Doom Slayer";"";"";"";"";"";"";""
"Other";"";"";"Avatar: Energy Surge Bronze Rank";"UNIQUE_AVATAR_GVGSEASON_ENERGY_RUSH_BRONZE";"[T0] Avatar: Energy Surge Bronze Rank";"";"";"";"";"";"";""
"Other";"";"";"Avatar: Gold Arcanist";"UNIQUE_AVATAR_GVGSEASON_25_GOLD";"[T0] Avatar: Gold Arcanist";"";"";"";"";"";"";""
"Other";"";"";"Avatar: Gold Dread Knight";"UNIQUE_AVATAR_GVGSEASON_24_GOLD";"[T0] Avatar: Gold Dread Knight";"";"";"";"";"";"";""
"Other";"";"";"Avatar: Gold Fisher";"UNIQUE_AVATAR_GVGSEASON_28_GOLD";"[T0] Avatar: Gold Fisher";"";"";"";"";"";"";""
"Other";"";"";"Avatar: Gold Guardian";"UNIQUE_AVATAR_GVGSEASON_23_GOLD";"[T0] Avatar: Gold Guardian";"";"";"";"";"";"";""
"Other";"";"";"Avatar: Gold Hunter";"UNIQUE_AVATAR_GVGSEASON_29_GOLD";"[T0] Avatar: Gold Hunter";"";"";"";"";"";"";""
"Other";"";"";"Avatar: Gold Miner";"UNIQUE_AVATAR_GVGSEASON_27_GOLD";"[T0] Avatar: Gold Miner";"";"";"";"";"";"";""
"Other";"";"";"Avatar: Guild Season 10";"UNIQUE_AVATAR_GVGSEASON_10";"[T0] Avatar: Guild Season 10";"";"";"";"";"";"";""
"Other";"";"";"Avatar: Guild Season 11";"UNIQUE_AVATAR_GVGSEASON_11";"[T0] Avatar: Guild Season 11";"";"";"";"";"";"";""
"Other";"";"";"Avatar: Guild Season 12";"UNIQUE_AVATAR_GVGSEASON_12";"[T0] Avatar: Guild Season 12";"";"";"";"";"";"";""
"Other";"";"";"Avatar: Guild Season 13";"UNIQUE_AVATAR_GVGSEASON_13";"[T0] Avatar: Guild Season 13";"";"";"";"";"";"";""
"Other";"";"";"Avatar: Guild Season 4";"UNIQUE_AVATAR_GVGSEASON_04";"[T0] Avatar: Guild Season 4";"";"";"";"";"";"";""
"Other";"";"";"Avatar: Guild Season 5";"UNIQUE_AVATAR_GVGSEASON_05";"[T0] Avatar: Guild Season 5";"";"";"";"";"";"";""
"Other";"";"";"Avatar: Guild Season 6";"UNIQUE_AVATAR_GVGSEASON_06";"[T0] Avatar: Guild Season 6";"";"";"";"";"";"";""
"Other";"";"";"Avatar: Guild Season 7";"UNIQUE_AVATAR_GVGSEASON_07";"[T0] Avatar: Guild Season 7";"";"";"";"";"";"";""
"Other";"";"";"Avatar: Guild Season 8";"UNIQUE_AVATAR_GVGSEASON_08";"[T0] Avatar: Guild Season 8";"";"";"";"";"";"";""
"Other";"";"";"Avatar: Guild Season 9";"UNIQUE_AVATAR_GVGSEASON_09";"[T0] Avatar: Guild Season 9";"";"";"";"";"";"";""
"Other";"";"";"Avatar: Season 14 Bronze Rank";"UNIQUE_AVATAR_GVGSEASON_14_BRONZE";"[T0] Avatar: Season 14 Bronze Rank";"";"";"";"";"";"";""
"Other";"";"";"Avatar: Season 15 Bronze Rank";"UNIQUE_AVATAR_GVGSEASON_15_BRONZE";"[T0] Avatar: Season 15 Bronze Rank";"";"";"";"";"";"";""
"Other";"";"";"Avatar: Season 16 Bronze Rank";"UNIQUE_AVATAR_GVGSEASON_16_BRONZE";"[T0] Avatar: Season 16 Bronze Rank";"";"";"";"";"";"";""
"Other";"";"";"Avatar: Season 17 Bronze Rank";"UNIQUE_AVATAR_GVGSEASON_17_BRONZE";"[T0] Avatar: Season 17 Bronze Rank";"";"";"";"";"";"";""
"Other";"";"";"Avatar: Season 18 Bronze Rank";"UNIQUE_AVATAR_GVGSEASON_18_BRONZE";"[T0] Avatar: Season 18 Bronze Rank";"";"";"";"";"";"";""
"Other";"";"";"Avatar: Silver Arcanist";"UNIQUE_AVATAR_GVGSEASON_25_SILVER";"[T0] Avatar: Silver Arcanist";"";"";"";"";"";"";""
"Other";"";"";"Avatar: Silver Dread Knight";"UNIQUE_AVATAR_GVGSEASON_24_SILVER";"[T0] Avatar: Silver Dread Knight";"";"";"";"";"";"";""
"Other";"";"";"Avatar: Silver Fisher";"UNIQUE_AVATAR_GVGSEASON_28_SILVER";"[T0] Avatar: Silver Fisher";"";"";"";"";"";"";""
"Other";"";"";"Avatar: Silver Guardian";"UNIQUE_AVATAR_GVGSEASON_23_SILVER";"[T0] Avatar: Silver Guardian";"";"";"";"";"";"";""
"Other";"";"";"Avatar: Silver Harvester";"UNIQUE_AVATAR_GVGSEASON_30_SILVER";"[T0] Avatar: Silver Harvester";"";"";"";"";"";"";""
"Other";"";"";"Avatar: Silver Hunter";"UNIQUE_AVATAR_GVGSEASON_29_SILVER";"[T0] Avatar: Silver Hunter";"";"";"";"";"";"";""
"Other";"";"";"Avatar: Silver Lumberjack";"UNIQUE_AVATAR_GVGSEASON_31_SILVER";"[T0] Avatar: Silver Lumberjack";"";"";"";"";"";"";""
"Other";"";"";"Avatar: Silver Miner";"UNIQUE_AVATAR_GVGSEASON_27_SILVER";"[T0] Avatar: Silver Miner";"";"";"";"";"";"";""
"Other";"";"";"Avatar: Smuggler";"UNIQUE_AVATAR_SMUGGLER";"[T0] Avatar: Smuggler";"";"";"";"";"";"";""
"Other";"";"";"Avatar: Wanderer in the Mists";"UNIQUE_AVATAR_BRECILIEN";"[T0] Avatar: Wanderer in the Mists";"";"";"";"";"";"";""
"Other";"";"";"Baby Chickens";"T3_FARM_CHICKEN_BABY";"[T3] Baby Chickens";"";"";"";"";"";"";""
"Other";"";"";"Baby Elite Swamp Salamander";"T8_FARM_SWAMPDRAGON_FW_THETFORD_BABY";"[T8] Baby Elite Swamp Salamander";"";"";"";"";"";"";""
"Other";"";"";"Baby Elite Terrorbird";"T8_FARM_MOABIRD_FW_BRIDGEWATCH_BABY";"[T8] Baby Elite Terrorbird";"";"";"";"";"";"";""
"Other";"";"";"Baby Moabird";"T5_FARM_MOABIRD_FW_BRIDGEWATCH_BABY";"[T5] Baby Moabird";"";"";"";"";"";"";""
"Other";"";"";"Baby Swamp Salamander";"T5_FARM_SWAMPDRAGON_FW_THETFORD_BABY";"[T5] Baby Swamp Salamander";"";"";"";"";"";"";""
"Other";"";"";"Bag of Silver";"T2_SILVERBAG_NONTRADABLE";"[T2] Novice's Bag of Silver";"";"";"";"";"";"";""
"Other";"";"";"Baroque Cloth";"T8_CLOTH";"[T8] Baroque Cloth";"";"";"";"";"";"";""
"Other";"";"";"Barrel";"PLAYERISLAND_FURNITUREITEM_FARM_FOODCONTAINER_SMALL";"[T0] Barrel";"";"";"";"";"";"";""
"Other";"";"";"Barrel with candle";"PLAYERISLAND_FURNITUREITEM_WOOD_BARREL_A";"[T0] Barrel with candle";"";"";"";"";"";"";""
"Other";"";"";"Basalt";"T7_ROCK";"[T7] Basalt";"";"";"";"";"";"";""
"Other";"";"";"Basalt Block";"T7_STONEBLOCK";"[T7] Basalt Block";"";"";"";"";"";"";""
"Other";"";"";"Basalt Fragment";"T7_FURNITUREITEM_TROPHY_ROCK";"[T7] Basalt Fragment";"";"";"";"";"";"";""
"Other";"";"";"Basic Arcane Extract";"T1_ALCHEMY_EXTRACT_LEVEL1";"[T1] Basic Arcane Extract";"";"";"";"";"";"";""
"Other";"";"";"Basic Fish Sauce";"T1_FISHSAUCE_LEVEL1";"[T1] Basic Fish Sauce";"";"";"";"";"";"";""
"Other";"";"";"Battle Memento";"UNIQUE_FURNITUREITEM_KILLTROPHY_OPENWORLD_MEDIUM";"[T0] Battle Memento";"";"";"";"";"";"";""
"Other";"";"";"Bean Salad";"T2_MEAL_SALAD";"[T2] Bean Salad";"";"";"";"";"";"";""
"Other";"";"";"Bean Seeds";"T2_FARM_BEAN_SEED";"[T2] Bean Seeds";"";"";"";"";"";"";""
"Other";"";"";"Beans";"T2_BEAN";"[T2] Beans";"";"";"";"";"";"";""
"Other";"";"";"Beastheart";"T1_FACTION_STEPPE_TOKEN_1";"[T1] Beastheart";"";"";"";"";"";"";""
"Other";"";"";"Bed";"T2_FURNITUREITEM_BED";"[T2] Novice's Bed";"";"";"";"";"";"";""
"Other";"";"";"Beef Sandwich";"T8_MEAL_SANDWICH";"[T8] Beef Sandwich";"";"";"";"";"";"";""
"Other";"";"";"Beef Stew";"T8_MEAL_STEW";"[T8] Beef Stew";"";"";"";"";"";"";""
"Other";"";"";"Beginner's Bag of Silver";"T1_SILVERBAG_NONTRADABLE";"[T1] Beginner's Bag of Silver";"";"";"";"";"";"";""
"Other";"";"";"Beginner's Tome of Insight";"T1_SKILLBOOK_NONTRADABLE";"[T1] Beginner's Tome of Insight";"";"";"";"";"";"";""
"Other";"";"";"Beginner's Tome of Learning";"T1_LEARNINGPOINTS_NONTRADABLE";"[T1] Beginner's Tome of Learning";"";"";"";"";"";"";""
"Other";"";"";"Berserk Potion";"T6_POTION_BERSERK";"[T6] Berserk Potion";"";"";"";"";"";"";""
"Other";"";"";"Bighorn Ram Lamb";"T5_FARM_RAM_FW_MARTLOCK_BABY";"[T5] Bighorn Ram Lamb";"";"";"";"";"";"";""
"Other";"";"";"Birch Bonsai";"T2_FURNITUREITEM_TROPHY_WOOD";"[T2] Birch Bonsai";"";"";"";"";"";"";""
"Other";"";"";"Birch Logs";"T2_WOOD";"[T2] Birch Logs";"";"";"";"";"";"";""
"Other";"";"";"Birch Planks";"T2_PLANKS";"[T2] Birch Planks";"";"";"";"";"";"";""
"Other";"";"";"Birdhouse";"PLAYERISLAND_FURNITUREITEM_FARM_BIRDHOUSE_A";"[T0] Birdhouse";"";"";"";"";"";"";""
"Other";"";"";"Black Market Ox";"SKIN_OX_BLACKMARKET";"[T0] Black Market Ox";"";"";"";"";"";"";""
"Other";"";"";"Black Market Palanquin";"SKIN_MAMMOTH_WEALTHY_AJ";"[T0] Black Market Palanquin";"";"";"";"";"";"";""
"Other";"";"";"Black Panther";"UNIQUE_MOUNT_BLACK_PANTHER_ADC";"[T0] Black Panther";"";"";"";"";"";"";""
"Other";"";"";"Blackbog Clam";"T7_FISH_FRESHWATER_SWAMP_RARE";"[T7] Blackbog Clam";"";"";"";"";"";"";""
"Other";"";"";"Blackbog Clam Soup";"T5_MEAL_SOUP_FISH";"[T5] Blackbog Clam Soup";"";"";"";"";"";"";""
"Other";"";"";"Blood Chalice";"TREASURE_RITUAL_RARITY2";"[T0] Blood Chalice";"";"";"";"";"";"";""
"Other";"";"";"Bloodoak Bonsai";"T6_FURNITUREITEM_TROPHY_WOOD";"[T6] Bloodoak Bonsai";"";"";"";"";"";"";""
"Other";"";"";"Bloodoak Logs";"T6_WOOD";"[T6] Bloodoak Logs";"";"";"";"";"";"";""
"Other";"";"";"Bloodoak Planks";"T6_PLANKS";"[T6] Bloodoak Planks";"";"";"";"";"";"";""
"Other";"";"";"Bluefin Tuna";"T7_FISH_SALTWATER_ALL_COMMON";"[T7] Bluefin Tuna";"";"";"";"";"";"";""
"Other";"";"";"Bluescale Cod";"T4_FISH_SALTWATER_ALL_COMMON";"[T4] Bluescale Cod";"";"";"";"";"";"";""
"Other";"";"";"Bluescale Pike";"T4_FISH_FRESHWATER_ALL_COMMON";"[T4] Bluescale Pike";"";"";"";"";"";"";""
"Other";"";"";"Bonehorse";"SKIN_HORSE_UNDEAD";"[T0] Bonehorse";"";"";"";"";"";"";""
"Other";"";"";"Book sculpture";"PLAYERISLAND_FURNITUREITEM_STONE_STATUE_MAGE_A";"[T0] Book sculpture";"";"";"";"";"";"";""
"Other";"";"";"Bountiful Harvest Ox";"SKIN_OX_FARMER_AJ";"[T0] Bountiful Harvest Ox";"";"";"";"";"";"";""
"Other";"";"";"Bread";"T4_BREAD";"[T4] Bread";"";"";"";"";"";"";""
"Other";"";"";"Brightleaf Comfrey";"T3_COMFREY";"[T3] Brightleaf Comfrey";"";"";"";"";"";"";""
"Other";"";"";"Brightleaf Comfrey Seeds";"T3_FARM_COMFREY_SEED";"[T3] Brightleaf Comfrey Seeds";"";"";"";"";"";"";""
"Other";"";"";"Brightscale Zander";"T6_FISH_FRESHWATER_ALL_COMMON";"[T6] Brightscale Zander";"";"";"";"";"";"";""
"Other";"";"";"Broken scholar statue";"PLAYERISLAND_FURNITUREITEM_STONE_STATUE_A_BROKEN";"[T0] Broken scholar statue";"";"";"";"";"";"";""
"Other";"";"";"Bronze Avatar - Season 14";"UNIQUE_AVATAR_GVGSEASON_14_BRONZE_SINGLE";"[T0] Bronze Avatar - Season 14";"";"";"";"";"";"";""
"Other";"";"";"Bronze Avatar - Season 15";"UNIQUE_AVATAR_GVGSEASON_15_BRONZE_SINGLE";"[T0] Bronze Avatar - Season 15";"";"";"";"";"";"";""
"Other";"";"";"Bronze Avatar - Season 16";"UNIQUE_AVATAR_GVGSEASON_16_BRONZE_SINGLE";"[T0] Bronze Avatar - Season 16";"";"";"";"";"";"";""
"Other";"";"";"Bronze Avatar - Season 17";"UNIQUE_AVATAR_GVGSEASON_17_BRONZE_SINGLE";"[T0] Bronze Avatar - Season 17";"";"";"";"";"";"";""
"Other";"";"";"Bronze Avatar - Season 18";"UNIQUE_AVATAR_GVGSEASON_18_BRONZE_SINGLE";"[T0] Bronze Avatar - Season 18";"";"";"";"";"";"";""
"Other";"";"";"Bronze Avatar - Season 19";"UNIQUE_AVATAR_GVGSEASON_19_BRONZE_SINGLE";"[T0] Bronze Avatar - Season 19";"";"";"";"";"";"";""
"Other";"";"";"Bronze Avatar - Season 20";"UNIQUE_AVATAR_GVGSEASON_20_BRONZE_SINGLE";"[T0] Bronze Avatar - Season 20";"";"";"";"";"";"";""
"Other";"";"";"Bronze Avatar - Season 21";"UNIQUE_AVATAR_GVGSEASON_21_BRONZE_SINGLE";"[T0] Bronze Avatar - Season 21";"";"";"";"";"";"";""
"Other";"";"";"Bronze Avatar - Season 22";"UNIQUE_AVATAR_GVGSEASON_22_BRONZE_SINGLE";"[T0] Bronze Avatar - Season 22";"";"";"";"";"";"";""
"Other";"";"";"Bronze Avatar - Season 23";"UNIQUE_AVATAR_GVGSEASON_23_BRONZE_SINGLE";"[T0] Bronze Avatar - Season 23";"";"";"";"";"";"";""
"Other";"";"";"Bronze Avatar - Season 24";"UNIQUE_AVATAR_GVGSEASON_24_BRONZE_SINGLE";"[T0] Bronze Avatar - Season 24";"";"";"";"";"";"";""
"Other";"";"";"Bronze Avatar - Season 25";"UNIQUE_AVATAR_GVGSEASON_25_BRONZE_SINGLE";"[T0] Bronze Avatar - Season 25";"";"";"";"";"";"";""
"Other";"";"";"Bronze Avatar - Season 26";"UNIQUE_AVATAR_GVGSEASON_26_BRONZE_SINGLE";"[T0] Bronze Avatar - Season 26";"";"";"";"";"";"";""
"Other";"";"";"Bronze Avatar - Season 27";"UNIQUE_AVATAR_GVGSEASON_27_BRONZE_SINGLE";"[T0] Bronze Avatar - Season 27";"";"";"";"";"";"";""
"Other";"";"";"Bronze Avatar - Season 28";"UNIQUE_AVATAR_GVGSEASON_28_BRONZE_SINGLE";"[T0] Bronze Avatar - Season 28";"";"";"";"";"";"";""
"Other";"";"";"Bronze Avatar - Season 29";"UNIQUE_AVATAR_GVGSEASON_29_BRONZE_SINGLE";"[T0] Bronze Avatar - Season 29";"";"";"";"";"";"";""
"Other";"";"";"Bronze Bar";"T3_METALBAR";"[T3] Bronze Bar";"";"";"";"";"";"";""
"Other";"";"";"Bronze Battle Mount Chest";"UNIQUE_LOOTCHEST_BATTLEMOUNT_BRONZE";"[T0] Bronze Battle Mount Chest";"";"";"";"";"";"";""
"Other";"";"";"Bronze Battle Rhino";"UNIQUE_MOUNT_RHINO_SEASON_BRONZE";"[T0] Bronze Battle Rhino";"";"";"";"";"";"";""
"Other";"";"";"Bronze Campaign Chest: Bridgewatch";"UNIQUE_LOOTCHEST_FACTIONCAMPAIGN_REWARD_STEPPE_02";"[T0] Bronze Campaign Chest: Bridgewatch";"";"";"";"";"";"";""
"Other";"";"";"Bronze Campaign Chest: Caerleon";"UNIQUE_LOOTCHEST_FACTIONCAMPAIGN_REWARD_CAERLEON_02";"[T0] Bronze Campaign Chest: Caerleon";"";"";"";"";"";"";""
"Other";"";"";"Bronze Campaign Chest: Fort Sterling";"UNIQUE_LOOTCHEST_FACTIONCAMPAIGN_REWARD_MOUNTAIN_02";"[T0] Bronze Campaign Chest: Fort Sterling";"";"";"";"";"";"";""
"Other";"";"";"Bronze Campaign Chest: Lymhurst";"UNIQUE_LOOTCHEST_FACTIONCAMPAIGN_REWARD_FOREST_02";"[T0] Bronze Campaign Chest: Lymhurst";"";"";"";"";"";"";""
"Other";"";"";"Bronze Campaign Chest: Martlock";"UNIQUE_LOOTCHEST_FACTIONCAMPAIGN_REWARD_HIGHLAND_02";"[T0] Bronze Campaign Chest: Martlock";"";"";"";"";"";"";""
"Other";"";"";"Bronze Campaign Chest: Thetford";"UNIQUE_LOOTCHEST_FACTIONCAMPAIGN_REWARD_SWAMP_02";"[T0] Bronze Campaign Chest: Thetford";"";"";"";"";"";"";""
"Other";"";"";"Bronze Founder's Certificate";"UNIQUE_FURNITUREITEM_ASIA_FOUNDER_CERTIFICATE_BRONZE";"[T0] Bronze Founder's Certificate";"";"";"";"";"";"";""
"Other";"";"";"Bronze Gathering Statue";"UNIQUE_FURNITUREITEM_BETAREWARD_GATHERING_BRONZE";"[T0] Bronze Gathering Statue";"";"";"";"";"";"";""
"Other";"";"";"Bronze Monster Slayer Statue";"UNIQUE_FURNITUREITEM_BETAREWARD_PVE_BRONZE";"[T0] Bronze Monster Slayer Statue";"";"";"";"";"";"";""
"Other";"";"";"Bronze Trader Statue";"UNIQUE_FURNITUREITEM_BETAREWARD_SILVER_BRONZE";"[T0] Bronze Trader Statue";"";"";"";"";"";"";""
"Other";"";"";"Brown Alpaca";"SKIN_GIANTSTAG_ALPACA_BROWN";"[T0] Brown Alpaca";"";"";"";"";"";"";""
"Other";"";"";"Brown Mare";"SKIN_HORSE_BROWN";"[T0] Brown Mare";"";"";"";"";"";"";""
"Other";"";"";"Bundle of Corn";"T7_CORN";"[T7] Bundle of Corn";"";"";"";"";"";"";""
"Other";"";"";"Bunny Stalker Basket";"UNIQUE_BACKPACK_VANITY_EASTER";"[T0] Bunny Stalker Basket";"";"";"";"";"";"";""
"Other";"";"";"Bunting portal";"PLAYERISLAND_FURNITUREITEM_WOOD_BUNTING_A";"[T0] Bunting portal";"";"";"";"";"";"";""
"Other";"";"";"Buttercup";"SKIN_DIREBOAR_FIBER_GATHERER";"[T0] Buttercup";"";"";"";"";"";"";""
"Other";"";"";"Buy a round";"QUESTITEM_STANDING_SMUGGLER";"[T0] Buy a round";"";"";"";"";"";"";""
"Other";"";"";"Cabbage";"T5_CABBAGE";"[T5] Cabbage";"";"";"";"";"";"";""
"Other";"";"";"Cabbage Seeds";"T5_FARM_CABBAGE_SEED";"[T5] Cabbage Seeds";"";"";"";"";"";"";""
"Other";"";"";"Cabbage Soup";"T5_MEAL_SOUP";"[T5] Cabbage Soup";"";"";"";"";"";"";""
"Other";"";"";"Caerleon Cottontail";"T8_MOUNT_RABBIT_EASTER_DARK@1";"[T8] Caerleon Cottontail .1";"";"";"";"";"";"";""
"Other";"";"";"Caerleon Greywolf Pup";"T5_FARM_GREYWOLF_FW_CAERLEON_BABY";"[T5] Caerleon Greywolf Pup";"";"";"";"";"";"";""
"Other";"";"";"Caerleon Realmgate";"UNIQUE_FURNITUREITEM_SEALED_CAERLEON_REALMGATE";"[T0] Caerleon Realmgate";"";"";"";"";"";"";""
"Other";"";"";"Calf";"T8_FARM_COW_BABY";"[T8] Calf";"";"";"";"";"";"";""
"Other";"";"";"Calming Potion";"T5_POTION_MOB_RESET";"[T5] Calming Potion";"";"";"";"";"";"";""
"Other";"";"";"Candelabra";"PLAYERISLAND_FURNITUREITEM_WOOD_CANDELABRA_A";"[T0] Candelabra";"";"";"";"";"";"";""
"Other";"";"";"Carnival Arch";"UNIQUE_FURNITUREITEM_ADC_CARNIVAL_ARCHWAY_A";"[T0] Carnival Arch";"";"";"";"";"";"";""
"Other";"";"";"Carnival Challenge Chest";"UNIQUE_LOOTCHEST_ADC_FEB2019";"[T0] Carnival Challenge Chest";"";"";"";"";"";"";""
"Other";"";"";"Carnival Costume Cart";"UNIQUE_FURNITUREITEM_ADC_CARNIVAL_MASK_CART";"[T0] Carnival Costume Cart";"";"";"";"";"";"";""
"Other";"";"";"Carnival Firework";"UNIQUE_FURNITUREITEM_ADC_CARNIVAL_FIREWORK_A";"[T0] Carnival Firework";"";"";"";"";"";"";""
"Other";"";"";"Carp Trophy";"T2_FURNITUREITEM_TROPHY_FISH";"[T2] Carp Trophy";"";"";"";"";"";"";""
"Other";"";"";"Carrot Seeds";"T1_FARM_CARROT_SEED";"[T1] Carrot Seeds";"";"";"";"";"";"";""
"Other";"";"";"Carrot Soup";"T1_MEAL_SOUP";"[T1] Carrot Soup";"";"";"";"";"";"";""
"Other";"";"";"Carrots";"T1_CARROT";"[T1] Carrots";"";"";"";"";"";"";""
"Other";"";"";"Catfish Trophy";"T7_FURNITUREITEM_TROPHY_FISH";"[T7] Catfish Trophy";"";"";"";"";"";"";""
"Other";"";"";"Cauldron (Disciples of Morgana)";"UNIQUE_FURNITUREITEM_MORGANA_CAMPFIRE_D@2";"[T0] Cauldron (Disciples of Morgana) .2";"";"";"";"";"";"";""
"Other";"";"";"Cedar Bonsai";"T5_FURNITUREITEM_TROPHY_WOOD";"[T5] Cedar Bonsai";"";"";"";"";"";"";""
"Other";"";"";"Cedar Logs";"T5_WOOD";"[T5] Cedar Logs";"";"";"";"";"";"";""
"Other";"";"";"Cedar Planks";"T5_PLANKS";"[T5] Cedar Planks";"";"";"";"";"";"";""
"Other";"";"";"Character Progression Avatar";"UNIQUE_AVATAR_AJ_CHARACTER_PROGRESSION_01";"[T0] Character Progression Avatar";"";"";"";"";"";"";""
"Other";"";"";"Character Progression Avatar Ring";"UNIQUE_AVATARRING_AJ_CHARACTER_PROGRESSION_01";"[T0] Character Progression Avatar Ring";"";"";"";"";"";"";""
"Other";"";"";"Chest";"T2_FURNITUREITEM_CHEST";"[T2] Novice's Chest";"";"";"";"";"";"";""
"Other";"";"";"Chestnut Bonsai";"T3_FURNITUREITEM_TROPHY_WOOD";"[T3] Chestnut Bonsai";"";"";"";"";"";"";""
"Other";"";"";"Chestnut Logs";"T3_WOOD";"[T3] Chestnut Logs";"";"";"";"";"";"";""
"Other";"";"";"Chestnut Planks";"T3_PLANKS";"[T3] Chestnut Planks";"";"";"";"";"";"";""
"Other";"";"";"Chicken";"T3_FARM_CHICKEN_GROWN";"[T3] Chicken";"";"";"";"";"";"";""
"Other";"";"";"Chicken Omelette";"T3_MEAL_OMELETTE";"[T3] Chicken Omelette";"";"";"";"";"";"";""
"Other";"";"";"Chicken Pie";"T3_MEAL_PIE";"[T3] Chicken Pie";"";"";"";"";"";"";""
"Other";"";"";"Chimera";"SKIN_HORSE_QUESTING_BEAST";"[T0] Chimera";"";"";"";"";"";"";""
"Other";"";"";"Chocolate";"UNIQUE_CONSUMABLE_EVENT_EASTER_2020_CHOCOLATE";"[T0] Chocolate";"";"";"";"";"";"";""
"Other";"";"";"Chocolate Egg";"UNIQUE_CONSUMABLE_EVENT_EASTER_CHOCOLATE_EGG_2025";"[T0] Chocolate Egg";"";"";"";"";"";"";""
"Other";"";"";"Chopped Fish";"T1_FISHCHOPS";"[T1] Chopped Fish";"";"";"";"";"";"";""
"Other";"";"";"Cleansing Potion";"T5_POTION_CLEANSE2";"[T5] Cleansing Potion";"";"";"";"";"";"";""
"Other";"";"";"Clearhaze Snapper";"T5_FISH_FRESHWATER_AVALON_RARE";"[T5] Clearhaze Snapper";"";"";"";"";"";"";""
"Other";"";"";"Click the Pillar for various interactions.";"UNIQUE_ALTAR_OF_CHEATING";"[T0] Click the Pillar for various interactions.";"";"";"";"";"";"";""
"Other";"";"";"Clothes line";"PLAYERISLAND_FURNITUREITEM_WOOD_LAUNDRY_A";"[T0] Clothes line";"";"";"";"";"";"";""
"Other";"";"";"Combat Memento";"UNIQUE_FURNITUREITEM_KILLTROPHY_OPENWORLD_SMALL";"[T0] Combat Memento";"";"";"";"";"";"";""
"Other";"";"";"Comfy Amberleaf Cotton Trophy";"T6_FURNITUREITEM_TROPHY_FIBER";"[T6] Comfy Amberleaf Cotton Trophy";"";"";"";"";"";"";""
"Other";"";"";"Comfy Cotton Trophy";"T2_FURNITUREITEM_TROPHY_FIBER";"[T2] Comfy Cotton Trophy";"";"";"";"";"";"";""
"Other";"";"";"Command Mammoth";"T8_MOUNT_MAMMOTH_BATTLE@1";"[T8] Elder's Command Mammoth .1";"";"";"";"";"";"";""
"Other";"";"";"Commander's Armored Horse";"SKIN_ARMORED_HORSE_FW_COMMANDER";"[T0] Commander's Armored Horse";"";"";"";"";"";"";""
"Other";"";"";"Commander's Heraldic Armored Horse";"SKIN_ARMORED_HORSE_FW_COMMANDER_GUILD_COLORED";"[T0] Commander's Heraldic Armored Horse";"";"";"";"";"";"";""
"Other";"";"";"Common Community Chest";"UNIQUE_LOOTCHEST_COMMUNITY_COMMON";"[T0] Common Community Chest";"";"";"";"";"";"";""
"Other";"";"";"Common Community Treasure";"UNIQUE_LOOTCHEST_COMMUNITY_EXCLUSIVE_COMMON";"[T0] Common Community Treasure";"";"";"";"";"";"";""
"Other";"";"";"Common Herring";"T1_FISH_SALTWATER_ALL_COMMON";"[T1] Common Herring";"";"";"";"";"";"";""
"Other";"";"";"Common Rudd";"T1_FISH_FRESHWATER_ALL_COMMON";"[T1] Common Rudd";"";"";"";"";"";"";""
"Other";"";"";"Community Chest";"UNIQUE_LOOTCHEST_COMMUNITY_GENERIC";"[T0] Community Chest";"";"";"";"";"";"";""
"Other";"";"";"Community Token";"UNIQUE_TOKEN_COMMUNITY";"[T0] Community Token";"";"";"";"";"";"";""
"Other";"";"";"Conqueror's Chest";"UNIQUE_LOOTCHEST_CONQUEROR_FAVOR_PURCHASE";"[T0] Conqueror's Chest";"";"";"";"";"";"";""
"Other";"";"";"Controller Banner Victory Emote Charge";"T1_KILL_EMOTE_FLAG_CONTROLLER_CHARGES_NONTRADABLE";"[T1] Controller Banner Victory Emote Charge";"";"";"";"";"";"";""
"Other";"";"";"Copper Bar";"T2_METALBAR";"[T2] Copper Bar";"";"";"";"";"";"";""
"Other";"";"";"Copper Ore";"T2_ORE";"[T2] Copper Ore";"";"";"";"";"";"";""
"Other";"";"";"Copper Ore Sample";"T2_FURNITUREITEM_TROPHY_ORE";"[T2] Copper Ore Sample";"";"";"";"";"";"";""
"Other";"";"";"Corn Hooch";"T7_ALCOHOL";"[T7] Corn Hooch";"";"";"";"";"";"";""
"Other";"";"";"Corn Seeds";"T7_FARM_CORN_SEED";"[T7] Corn Seeds";"";"";"";"";"";"";""
"Other";"";"";"Corner lantern";"PLAYERISLAND_FURNITUREITEM_WOOD_LANTERN_CORNER_A";"[T0] Corner lantern";"";"";"";"";"";"";""
"Other";"";"";"Corrupted Dungeon Map (Hunter)";"T5_CORRUPTED_NONLETHAL_MAP";"[T5] Corrupted Dungeon Map (Hunter)";"";"";"";"";"";"";""
"Other";"";"";"Corrupted Dungeon Map (Stalker/Slayer)";"T6_CORRUPTED_LETHAL_MAP";"[T6] Corrupted Dungeon Map (Stalker/Slayer)";"";"";"";"";"";"";""
"Other";"";"";"Corrupted Preacher's Ox";"SKIN_OX_CORRUPTED_PREACHER";"[T0] Corrupted Preacher's Ox";"";"";"";"";"";"";""
"Other";"";"";"Corrupted Scroll";"TREASURE_KNOWLEDGE_RARITY1";"[T0] Corrupted Scroll";"";"";"";"";"";"";""
"Other";"";"";"Cotton";"T2_FIBER";"[T2] Cotton";"";"";"";"";"";"";""
"Other";"";"";"Cow";"T8_FARM_COW_GROWN";"[T8] Cow";"";"";"";"";"";"";""
"Other";"";"";"Cow's Butter";"T8_BUTTER";"[T8] Cow's Butter";"";"";"";"";"";"";""
"Other";"";"";"Cow's Milk";"T8_MILK";"[T8] Cow's Milk";"";"";"";"";"";"";""
"Other";"";"";"Crate";"PLAYERISLAND_FURNITUREITEM_FARM_FOODCONTAINER_LARGE";"[T0] Crate";"";"";"";"";"";"";""
"Other";"";"";"Creatures Avatar";"UNIQUE_AVATAR_AJ_CREATURES_01";"[T0] Creatures Avatar";"";"";"";"";"";"";""
"Other";"";"";"Creatures Avatar Ring";"UNIQUE_AVATARRING_AJ_CREATURES_01";"[T0] Creatures Avatar Ring";"";"";"";"";"";"";""
"Other";"";"";"Crenellated Burdock";"T4_BURDOCK";"[T4] Crenellated Burdock";"";"";"";"";"";"";""
"Other";"";"";"Crenellated Burdock Seeds";"T4_FARM_BURDOCK_SEED";"[T4] Crenellated Burdock Seeds";"";"";"";"";"";"";""
"Other";"";"";"Crystal Ancient Ent";"UNIQUE_MOUNT_ENT_CRYSTAL";"[T0] Crystal Ancient Ent";"";"";"";"";"";"";""
"Other";"";"";"Crystal Arena Chest - Bronze I";"T5_LOOTBAG_ARENA_RANK_UP_3";"[T5] Crystal Arena Chest - Bronze I";"";"";"";"";"";"";""
"Other";"";"";"Crystal Arena Chest - Bronze II";"T5_LOOTBAG_ARENA_RANK_UP_4";"[T5] Crystal Arena Chest - Bronze II";"";"";"";"";"";"";""
"Other";"";"";"Crystal Arena Chest - Bronze III";"T5_LOOTBAG_ARENA_RANK_UP_BRONZE3";"[T5] Crystal Arena Chest - Bronze III";"";"";"";"";"";"";""
"Other";"";"";"Crystal Arena Chest - Bronze IV";"T5_LOOTBAG_ARENA_RANK_UP_BRONZE4";"[T5] Crystal Arena Chest - Bronze IV";"";"";"";"";"";"";""
"Other";"";"";"Crystal Arena Chest - Crystal";"T8_LOOTBAG_ARENA_RANK_UP_9";"[T8] Crystal Arena Chest - Crystal";"";"";"";"";"";"";""
"Other";"";"";"Crystal Arena Chest - Gold I";"T7_LOOTBAG_ARENA_RANK_UP_7";"[T7] Crystal Arena Chest - Gold I";"";"";"";"";"";"";""
"Other";"";"";"Crystal Arena Chest - Gold II";"T7_LOOTBAG_ARENA_RANK_UP_8";"[T7] Crystal Arena Chest - Gold II";"";"";"";"";"";"";""
"Other";"";"";"Crystal Arena Chest - Gold III";"T7_LOOTBAG_ARENA_RANK_UP_GOLD3";"[T7] Crystal Arena Chest - Gold III";"";"";"";"";"";"";""
"Other";"";"";"Crystal Arena Chest - Gold IV";"T7_LOOTBAG_ARENA_RANK_UP_GOLD4";"[T7] Crystal Arena Chest - Gold IV";"";"";"";"";"";"";""
"Other";"";"";"Crystal Arena Chest - Iron II";"T4_LOOTBAG_ARENA_RANK_UP_2";"[T4] Crystal Arena Chest - Iron II";"";"";"";"";"";"";""
"Other";"";"";"Crystal Arena Chest - Iron III";"T4_LOOTBAG_ARENA_RANK_UP_IRON3";"[T4] Crystal Arena Chest - Iron III";"";"";"";"";"";"";""
"Other";"";"";"Crystal Arena Chest - Iron IV";"T4_LOOTBAG_ARENA_RANK_UP_IRON4";"[T4] Crystal Arena Chest - Iron IV";"";"";"";"";"";"";""
"Other";"";"";"Crystal Arena Chest - Silver I";"T6_LOOTBAG_ARENA_RANK_UP_5";"[T6] Crystal Arena Chest - Silver I";"";"";"";"";"";"";""
"Other";"";"";"Crystal Arena Chest - Silver II";"T6_LOOTBAG_ARENA_RANK_UP_6";"[T6] Crystal Arena Chest - Silver II";"";"";"";"";"";"";""
"Other";"";"";"Crystal Arena Chest - Silver III";"T6_LOOTBAG_ARENA_RANK_UP_SILVER3";"[T6] Crystal Arena Chest - Silver III";"";"";"";"";"";"";""
"Other";"";"";"Crystal Arena Chest - Silver IV";"T6_LOOTBAG_ARENA_RANK_UP_SILVER4";"[T6] Crystal Arena Chest - Silver IV";"";"";"";"";"";"";""
"Other";"";"";"Crystal Avatar - Season 14";"UNIQUE_AVATAR_GVGSEASON_14_CRYSTAL_SINGLE";"[T0] Crystal Avatar - Season 14";"";"";"";"";"";"";""
"Other";"";"";"Crystal Avatar - Season 15";"UNIQUE_AVATAR_GVGSEASON_15_CRYSTAL_SINGLE";"[T0] Crystal Avatar - Season 15";"";"";"";"";"";"";""
"Other";"";"";"Crystal Avatar - Season 16";"UNIQUE_AVATAR_GVGSEASON_16_CRYSTAL_SINGLE";"[T0] Crystal Avatar - Season 16";"";"";"";"";"";"";""
"Other";"";"";"Crystal Avatar - Season 17";"UNIQUE_AVATAR_GVGSEASON_17_CRYSTAL_SINGLE";"[T0] Crystal Avatar - Season 17";"";"";"";"";"";"";""
"Other";"";"";"Crystal Avatar - Season 18";"UNIQUE_AVATAR_GVGSEASON_18_CRYSTAL_SINGLE";"[T0] Crystal Avatar - Season 18";"";"";"";"";"";"";""
"Other";"";"";"Crystal Avatar - Season 19";"UNIQUE_AVATAR_GVGSEASON_19_CRYSTAL_SINGLE";"[T0] Crystal Avatar - Season 19";"";"";"";"";"";"";""
"Other";"";"";"Crystal Avatar - Season 20";"UNIQUE_AVATAR_GVGSEASON_20_CRYSTAL_SINGLE";"[T0] Crystal Avatar - Season 20";"";"";"";"";"";"";""
"Other";"";"";"Crystal Avatar - Season 21";"UNIQUE_AVATAR_GVGSEASON_21_CRYSTAL_SINGLE";"[T0] Crystal Avatar - Season 21";"";"";"";"";"";"";""
"Other";"";"";"Crystal Avatar - Season 22";"UNIQUE_AVATAR_GVGSEASON_22_CRYSTAL_SINGLE";"[T0] Crystal Avatar - Season 22";"";"";"";"";"";"";""
"Other";"";"";"Crystal Avatar - Season 23";"UNIQUE_AVATAR_GVGSEASON_23_CRYSTAL_SINGLE";"[T0] Crystal Avatar - Season 23";"";"";"";"";"";"";""
"Other";"";"";"Crystal Avatar - Season 24";"UNIQUE_AVATAR_GVGSEASON_24_CRYSTAL_SINGLE";"[T0] Crystal Avatar - Season 24";"";"";"";"";"";"";""
"Other";"";"";"Crystal Avatar - Season 25";"UNIQUE_AVATAR_GVGSEASON_25_CRYSTAL_SINGLE";"[T0] Crystal Avatar - Season 25";"";"";"";"";"";"";""
"Other";"";"";"Crystal Avatar - Season 26";"UNIQUE_AVATAR_GVGSEASON_26_CRYSTAL_SINGLE";"[T0] Crystal Avatar - Season 26";"";"";"";"";"";"";""
"Other";"";"";"Crystal Avatar - Season 27";"UNIQUE_AVATAR_GVGSEASON_27_CRYSTAL_SINGLE";"[T0] Crystal Avatar - Season 27";"";"";"";"";"";"";""
"Other";"";"";"Crystal Avatar - Season 28";"UNIQUE_AVATAR_GVGSEASON_28_CRYSTAL_SINGLE";"[T0] Crystal Avatar - Season 28";"";"";"";"";"";"";""
"Other";"";"";"Crystal Avatar - Season 29";"UNIQUE_AVATAR_GVGSEASON_29_CRYSTAL_SINGLE";"[T0] Crystal Avatar - Season 29";"";"";"";"";"";"";""
"Other";"";"";"Crystal Battle Eagle";"UNIQUE_MOUNT_ARMORED_EAGLE_CRYSTAL";"[T0] Crystal Battle Eagle";"";"";"";"";"";"";""
"Other";"";"";"Crystal Battle Mount Chest";"UNIQUE_LOOTCHEST_BATTLEMOUNT_CRYSTAL";"[T0] Crystal Battle Mount Chest";"";"";"";"";"";"";""
"Other";"";"";"Crystal Battle Rhino";"UNIQUE_MOUNT_RHINO_SEASON_CRYSTAL";"[T0] Crystal Battle Rhino";"";"";"";"";"";"";""
"Other";"";"";"Crystal Behemoth";"UNIQUE_MOUNT_BEHEMOTH_CRYSTAL";"[T0] Crystal Behemoth";"";"";"";"";"";"";""
"Other";"";"";"Crystal Colossus Beetle";"UNIQUE_MOUNT_BEETLE_CRYSTAL";"[T0] Crystal Colossus Beetle";"";"";"";"";"";"";""
"Other";"";"";"Crystal Founder's Certificate";"UNIQUE_FURNITUREITEM_ASIA_FOUNDER_CERTIFICATE_CRYSTAL";"[T0] Crystal Founder's Certificate";"";"";"";"";"";"";""
"Other";"";"";"Crystal Founder's Statue";"UNIQUE_FURNITUREITEM_ASIA_FOUNDER_STATUE_CRYSTAL";"[T0] Crystal Founder's Statue";"";"";"";"";"";"";""
"Other";"";"";"Crystal Goliath Horseeater";"UNIQUE_MOUNT_BATTLESPIDER_CRYSTAL";"[T0] Crystal Goliath Horseeater";"";"";"";"";"";"";""
"Other";"";"";"Crystal Juggernaut";"UNIQUE_MOUNT_JUGGERNAUT_CRYSTAL";"[T0] Crystal Juggernaut";"";"";"";"";"";"";""
"Other";"";"";"Crystal League Chest";"T4_LOOTCHEST_CRYSTAL_LEAGUE";"[T4] Adept's Crystal League Chest";"";"";"";"";"";"";""
"Other";"";"";"Crystal Phalanx Beetle";"UNIQUE_MOUNT_TANKBEETLE_CRYSTAL";"[T0] Crystal Phalanx Beetle";"";"";"";"";"";"";""
"Other";"";"";"Crystal Roving Bastion";"UNIQUE_MOUNT_BASTION_CRYSTAL";"[T0] Crystal Roving Bastion";"";"";"";"";"";"";""
"Other";"";"";"Crystal Shard";"T4_SHARD_CRYSTAL";"[T4] Adept's Crystal Shard";"";"";"";"";"";"";""
"Other";"";"";"Crystal Tower Chariot";"UNIQUE_MOUNT_TOWER_CHARIOT_CRYSTAL";"[T0] Crystal Tower Chariot";"";"";"";"";"";"";""
"Other";"";"";"Crystal War Champion";"UNIQUE_AVATAR_GVGSEASON_32_CRYSTAL";"[T0] Crystal War Champion";"";"";"";"";"";"";""
"Other";"";"";"Crystallized Divinity";"T4_ARTEFACT_TOKEN_FAVOR_4";"[T4] Adept's Crystallized Divinity";"";"";"";"";"";"";""
"Other";"";"";"Crystallized Dread";"T4_ARTEFACT_TOKEN_FAVOR_2";"[T4] Adept's Crystallized Dread";"";"";"";"";"";"";""
"Other";"";"";"Crystallized Magic";"T4_ARTEFACT_TOKEN_FAVOR_3";"[T4] Adept's Crystallized Magic";"";"";"";"";"";"";""
"Other";"";"";"Crystallized Spirit";"T4_ARTEFACT_TOKEN_FAVOR_1";"[T4] Adept's Crystallized Spirit";"";"";"";"";"";"";""
"Other";"";"";"Cured Leather";"T5_LEATHER";"[T5] Cured Leather";"";"";"";"";"";"";""
"Other";"";"";"Cursed Direboar";"SKIN_DIREBOAR_OCCULT";"[T0] Cursed Direboar";"";"";"";"";"";"";""
"Other";"";"";"Cursed Hound";"SKIN_DIREWOLF_ZEALOT";"[T0] Cursed Hound";"";"";"";"";"";"";""
"Other";"";"";"Danglemouth Catfish";"T7_FISH_FRESHWATER_ALL_COMMON";"[T7] Danglemouth Catfish";"";"";"";"";"";"";""
"Other";"";"";"Dark Founder's Certificate";"UNIQUE_FURNITUREITEM_DARK_FOUNDER_CERTIFICATE";"[T0] Dark Founder's Certificate";"";"";"";"";"";"";""
"Other";"";"";"Dark Founder's Statue";"UNIQUE_FURNITUREITEM_DARK_FOUNDER_STATUE";"[T0] Dark Founder's Statue";"";"";"";"";"";"";""
"Other";"";"";"Darkfang";"SKIN_COUGAR_DARK";"[T0] Darkfang";"";"";"";"";"";"";""
"Other";"";"";"Deadwater Eel";"T7_FISH_FRESHWATER_FOREST_RARE";"[T7] Deadwater Eel";"";"";"";"";"";"";""
"Other";"";"";"Deadwater Eel Stew";"T8_MEAL_STEW_FISH";"[T8] Deadwater Eel Stew";"";"";"";"";"";"";""
"Other";"";"";"Decorated Pine Tree";"UNIQUE_FURNITUREITEM_XMAS_FILL_CITY_TREE_A";"[T0] Decorated Pine Tree";"";"";"";"";"";"";""
"Other";"";"";"Decorative Ram Bridle";"UNIQUE_MOUNTUPGRADE_RAM_XMAS";"[T0] Decorative Ram Bridle";"";"";"";"";"";"";""
"Other";"";"";"Decorative Stag Bridle";"T6_MOUNTUPGRADE_GIANTSTAG_XMAS";"[T6] Decorative Stag Bridle";"";"";"";"";"";"";""
"Other";"";"";"Deepwater Kraken";"T7_FISH_SALTWATER_ALL_RARE";"[T7] Deepwater Kraken";"";"";"";"";"";"";""
"Other";"";"";"Deepwater Kraken Salad";"T6_MEAL_SALAD_FISH";"[T6] Deepwater Kraken Salad";"";"";"";"";"";"";""
"Other";"";"";"Delivery: ""The Package""";"QUESTITEM_LIGHT_THEPACKAGE";"[T0] Delivery: ""The Package""";"";"";"";"";"";"";""
"Other";"";"";"Delivery: Artistic Manuscripts";"QUESTITEM_LIGHT_MANUSCRIPTS";"[T0] Delivery: Artistic Manuscripts";"";"";"";"";"";"";""
"Other";"";"";"Delivery: Assassination Order";"QUESTITEM_LIGHT_ASSASSINATION";"[T0] Delivery: Assassination Order";"";"";"";"";"";"";""
"Other";"";"";"Delivery: Barrels";"QUESTITEM_HEAVY_BARREL";"[T0] Delivery: Barrels";"";"";"";"";"";"";""
"Other";"";"";"Delivery: Beehives";"QUESTITEM_LIGHT_BEES";"[T0] Delivery: Beehives";"";"";"";"";"";"";""
"Other";"";"";"Delivery: Blueprints";"QUESTITEM_LIGHT_BLUEPRINTS";"[T0] Delivery: Blueprints";"";"";"";"";"";"";""
"Other";"";"";"Delivery: Casualty Report";"QUESTITEM_LIGHT_CASUALTIES";"[T0] Delivery: Casualty Report";"";"";"";"";"";"";""
"Other";"";"";"Delivery: Crates";"QUESTITEM_HEAVY_CRATE";"[T0] Delivery: Crates";"";"";"";"";"";"";""
"Other";"";"";"Delivery: Farmyard Tools";"QUESTITEM_HEAVY_FARMTOOLS";"[T0] Delivery: Farmyard Tools";"";"";"";"";"";"";""
"Other";"";"";"Delivery: Geoff the Brigand's All-Natural Enriched Moonshine";"QUESTITEM_HEAVY_MOONSHINE";"[T0] Delivery: Geoff the Brigand's All-Natural Enriched Moonshine";"";"";"";"";"";"";""
"Other";"";"";"Delivery: Geomantic Surveys";"QUESTITEM_LIGHT_SURVEYS";"[T0] Delivery: Geomantic Surveys";"";"";"";"";"";"";""
"Other";"";"";"Delivery: Heavy Fur";"QUESTITEM_LIGHT_FUR";"[T0] Delivery: Heavy Fur";"";"";"";"";"";"";""
"Other";"";"";"Delivery: Medical Supplies";"QUESTITEM_HEAVY_MEDICAL";"[T0] Delivery: Medical Supplies";"";"";"";"";"";"";""
"Other";"";"";"Delivery: Mortar";"QUESTITEM_HEAVY_MORTAR";"[T0] Delivery: Mortar";"";"";"";"";"";"";""
"Other";"";"";"Delivery: Old Clothes";"QUESTITEM_LIGHT_OLDCLOTHES";"[T0] Delivery: Old Clothes";"";"";"";"";"";"";""
"Other";"";"";"Delivery: Patrol Route";"QUESTITEM_LIGHT_PATROLROUTE";"[T0] Delivery: Patrol Route";"";"";"";"";"";"";""
"Other";"";"";"Delivery: Pile of Manure";"QUESTITEM_HEAVY_MANURE";"[T0] Delivery: Pile of Manure";"";"";"";"";"";"";""
"Other";"";"";"Delivery: Sack of Kittens";"QUESTITEM_LIGHT_KITTENS";"[T0] Delivery: Sack of Kittens";"";"";"";"";"";"";""
"Other";"";"";"Delivery: Sensitive Barrels";"QUESTITEM_HEAVY_FIREBARREL";"[T0] Delivery: Sensitive Barrels";"";"";"";"";"";"";""
"Other";"";"";"Delver's Direbear";"SKIN_DIREBEAR_ADVENTURE_AJ";"[T0] Delver's Direbear";"";"";"";"";"";"";""
"Other";"";"";"Demon Hunter's Horse";"SKIN_HORSE_DEMONHUNTER";"[T0] Demon Hunter's Horse";"";"";"";"";"";"";""
"Other";"";"";"Demonic Memento";"UNIQUE_FURNITUREITEM_KILLTROPHY_HELL_SMALL";"[T0] Demonic Memento";"";"";"";"";"";"";""
"Other";"";"";"Desktop Banner Victory Emote Charge";"T1_KILL_EMOTE_FLAG_DESKTOP_CHARGES_NONTRADABLE";"[T1] Desktop Banner Victory Emote Charge";"";"";"";"";"";"";""
"Other";"";"";"Direbear Cub";"T8_FARM_DIREBEAR_BABY";"[T8] Direbear Cub";"";"";"";"";"";"";""
"Other";"";"";"Direbear Rug";"UNIQUE_FURNITUREITEM_ADC_RUG_DIREBEAR";"[T0] Direbear Rug";"";"";"";"";"";"";""
"Other";"";"";"Direbear Skin: Delver's Direbear";"UNIQUE_UNLOCK_SKIN_DIREBEAR_ADVENTURE_AJ";"[T0] Direbear Skin: Delver's Direbear";"";"";"";"";"";"";""
"Other";"";"";"Direbear Skin: Panda";"UNIQUE_UNLOCK_SKIN_DIREBEAR_PANDA_TELLAFRIEND";"[T0] Direbear Skin: Panda";"";"";"";"";"";"";""
"Other";"";"";"Direboar Piglet";"T7_FARM_DIREBOAR_BABY";"[T7] Direboar Piglet";"";"";"";"";"";"";""
"Other";"";"";"Direboar Skin: Buttercup";"UNIQUE_UNLOCK_DIREBOAR_FIBER_GATHERER";"[T0] Direboar Skin: Buttercup";"";"";"";"";"";"";""
"Other";"";"";"Direboar Skin: Domesticated Hog";"UNIQUE_UNLOCK_SKIN_DIREBOAR_HOUSEPIG";"[T0] Direboar Skin: Domesticated Hog";"";"";"";"";"";"";""
"Other";"";"";"Direboar Skin: Mechanical Boar";"UNIQUE_UNLOCK_SKIN_DIREBOAR_MECHANICAL_AJ";"[T0] Direboar Skin: Mechanical Boar";"";"";"";"";"";"";""
"Other";"";"";"Direboar Skin: Recruiter's Pig";"UNIQUE_UNLOCK_SKIN_DIREBOAR_PIG_TELLAFRIEND";"[T0] Direboar Skin: Recruiter's Pig";"";"";"";"";"";"";""
"Other";"";"";"Direboar Skin: White Direboar";"UNIQUE_UNLOCK_SKIN_DIREBOAR_WHITE_TELLAFRIEND";"[T0] Direboar Skin: White Direboar";"";"";"";"";"";"";""
"Other";"";"";"Direwolf";"T6_MOUNT_DIREWOLF";"[T6] Direwolf";"";"";"";"";"";"";""
"Other";"";"";"Direwolf Pup";"T6_FARM_DIREWOLF_BABY";"[T6] Direwolf Pup";"";"";"";"";"";"";""
"Other";"";"";"Direwolf Skin Set: Guild Season 2nd Place";"UNIQUE_UNLOCK_SKIN_DIREWOLF_GVGSEASON_2ND_01";"[T0] Direwolf Skin Set: Guild Season 2nd Place";"";"";"";"";"";"";""
"Other";"";"";"Direwolf Skin Set: Guild Season Winner";"UNIQUE_UNLOCK_SKIN_DIREWOLF_GVGSEASON_1ST_01";"[T0] Direwolf Skin Set: Guild Season Winner";"";"";"";"";"";"";""
"Other";"";"";"Direwolf Skin: Epic Guild Season Winner";"UNIQUE_UNLOCK_SKIN_DIREWOLF_GVGSEASON_1ST_02";"[T0] Direwolf Skin: Epic Guild Season Winner";"";"";"";"";"";"";""
"Other";"";"";"Direwolf Skin: Fennec";"UNIQUE_UNLOCK_SKIN_DIREWOLF_FENNEK";"[T0] Direwolf Skin: Fennec";"";"";"";"";"";"";""
"Other";"";"";"Direwolf Skin: Ghostwolf";"UNIQUE_UNLOCK_SKIN_DIREWOLF_WHITE";"[T0] Direwolf Skin: Ghostwolf";"";"";"";"";"";"";""
"Other";"";"";"Direwolf Skin: Guild Season 3rd Place";"UNIQUE_UNLOCK_SKIN_DIREWOLF_GVGSEASON_3RD_01";"[T0] Direwolf Skin: Guild Season 3rd Place";"";"";"";"";"";"";""
"Other";"";"";"Direwolf Skin: Ironjaw Hyena";"UNIQUE_UNLOCK_SKIN_DIREWOLF_HYENA_TELLAFRIEND";"[T0] Direwolf Skin: Ironjaw Hyena";"";"";"";"";"";"";""
"Other";"";"";"Direwolf Skin: Legendary Guild Season Winner";"UNIQUE_UNLOCK_SKIN_DIREWOLF_GVGSEASON_1ST_03";"[T0] Direwolf Skin: Legendary Guild Season Winner";"";"";"";"";"";"";""
"Other";"";"";"Direwolf Skin: Lurking Shadow";"UNIQUE_UNLOCK_SKIN_DIREWOLF_SHADOW_AJ";"[T0] Direwolf Skin: Lurking Shadow";"";"";"";"";"";"";""
"Other";"";"";"Direwolf Skin: Recruiter's Dire Fox";"UNIQUE_UNLOCK_SKIN_DIREWOLF_DIREFOX_TELLAFRIEND";"[T0] Direwolf Skin: Recruiter's Dire Fox";"";"";"";"";"";"";""
"Other";"";"";"Direwolf Skin: Recruiter's Grey Wolf";"UNIQUE_UNLOCK_SKIN_DIREWOLF_GREY_TELLAFRIEND";"[T0] Direwolf Skin: Recruiter's Grey Wolf";"";"";"";"";"";"";""
"Other";"";"";"Direwolf Skin: Recruiter's Husky Sled";"UNIQUE_UNLOCK_SKIN_DIREWOLF_HUSKYSLEIGH_TELLAFRIEND";"[T0] Direwolf Skin: Recruiter's Husky Sled";"";"";"";"";"";"";""
"Other";"";"";"Direwolf Skin: Recruiter's Rottweiler";"UNIQUE_UNLOCK_SKIN_DIREWOLF_BLOODHOUND_TELLAFRIEND";"[T0] Direwolf Skin: Recruiter's Rottweiler";"";"";"";"";"";"";""
"Other";"";"";"Direwolf Skin: Recruiter's Saint Bernard";"UNIQUE_UNLOCK_SKIN_DIREWOLF_BERNARD_TELLAFRIEND";"[T0] Direwolf Skin: Recruiter's Saint Bernard";"";"";"";"";"";"";""
"Other";"";"";"Direwolf Skin: Sheepdog";"UNIQUE_UNLOCK_SKIN_DIREWOLF_BOBTAIL";"[T0] Direwolf Skin: Sheepdog";"";"";"";"";"";"";""
"Other";"";"";"Direwolf Skin: Shepherd";"UNIQUE_UNLOCK_SKIN_DIREWOLF_SHEPHERD_TELLAFRIEND";"[T0] Direwolf Skin: Shepherd";"";"";"";"";"";"";""
"Other";"";"";"Direwolf Skin: Snow Fox";"UNIQUE_UNLOCK_SKIN_DIREWOLF_SNOWFOX_TELLAFRIEND";"[T0] Direwolf Skin: Snow Fox";"";"";"";"";"";"";""
"Other";"";"";"Direwolf Skin: Specter Wolf";"UNIQUE_UNLOCK_SKIN_DIREWOLF_SPECTER";"[T0] Direwolf Skin: Specter Wolf";"";"";"";"";"";"";""
"Other";"";"";"Divine Challenge Chest";"UNIQUE_LOOTCHEST_ADC_AUG2019";"[T0] Divine Challenge Chest";"";"";"";"";"";"";""
"Other";"";"";"Divine Owl";"UNIQUE_MOUNT_DIVINE_OWL_ADC";"[T0] Divine Owl";"";"";"";"";"";"";""
"Other";"";"";"Divine Stag";"SKIN_GIANTSTAG_DIVINE";"[T0] Divine Stag";"";"";"";"";"";"";""
"Other";"";"";"Doghouse";"PLAYERISLAND_FURNITUREITEM_FARM_DOG_HUT_A";"[T0] Doghouse";"";"";"";"";"";"";""
"Other";"";"";"Domesticated Hog";"SKIN_DIREBOAR_HOUSEPIG";"[T0] Domesticated Hog";"";"";"";"";"";"";""
"Other";"";"";"Dragon Teasel";"T5_TEASEL";"[T5] Dragon Teasel";"";"";"";"";"";"";""
"Other";"";"";"Dragon Teasel Seeds";"T5_FARM_TEASEL_SEED";"[T5] Dragon Teasel Seeds";"";"";"";"";"";"";""
"Other";"";"";"Dreamcatcher";"TREASURE_TRIBAL_RARITY2";"[T0] Dreamcatcher";"";"";"";"";"";"";""
"Other";"";"";"Druid's Stag";"SKIN_STAG_DRUID";"[T0] Druid's Stag";"";"";"";"";"";"";""
"Other";"";"";"Drybrook Crab";"T5_FISH_FRESHWATER_STEPPE_RARE";"[T5] Drybrook Crab";"";"";"";"";"";"";""
"Other";"";"";"Drybrook Crab Omelette";"T5_MEAL_OMELETTE_FISH";"[T5] Drybrook Crab Omelette";"";"";"";"";"";"";""
"Other";"";"";"Duelist's Lynx";"SKIN_COUGAR_DUELIST";"[T0] Duelist's Lynx";"";"";"";"";"";"";""
"Other";"";"";"Dungeon Map (Group)";"T4_RANDOM_DUNGEON_TOKEN_1";"[T4] Adept's Dungeon Map (Group)";"";"";"";"";"";"";""
"Other";"";"";"Dungeon Map (Large Group)";"T6_RANDOM_DUNGEON_ELITE_TOKEN_1";"[T6] Master's Dungeon Map (Large Group)";"";"";"";"";"";"";""
"Other";"";"";"Dungeon Map (Solo)";"T3_RANDOM_DUNGEON_SOLO_TOKEN_1";"[T3] Journeyman's Dungeon Map (Solo)";"";"";"";"";"";"";""
"Other";"";"";"Dusthole Crab";"T7_FISH_FRESHWATER_STEPPE_RARE";"[T7] Dusthole Crab";"";"";"";"";"";"";""
"Other";"";"";"Dusthole Crab Omelette";"T7_MEAL_OMELETTE_FISH";"[T7] Dusthole Crab Omelette";"";"";"";"";"";"";""
"Other";"";"";"Earthworm";"T1_WORM";"[T1] Earthworm";"";"";"";"";"";"";""
"Other";"";"";"Eerie Cottontail Egg";"T8_FARM_RABBIT_EASTER_BABY_DARK";"[T8] Eerie Cottontail Egg";"";"";"";"";"";"";""
"Other";"";"";"Egg-shaped Chest";"UNIQUE_FURNITUREITEM_EASTER_CHEST";"[T0] Egg-shaped Chest";"";"";"";"";"";"";""
"Other";"";"";"Eighth Anniversary Avatar";"UNIQUE_AVATAR_ANNIVERSARY_2025";"[T0] Eighth Anniversary Avatar";"";"";"";"";"";"";""
"Other";"";"";"Eighth Anniversary Ring";"UNIQUE_AVATARRING_ANNIVERSARY_2025";"[T0] Eighth Anniversary Ring";"";"";"";"";"";"";""
"Other";"";"";"Eighth-Year Stallion";"SKIN_HORSE_ANNIVERSARY_2025";"[T0] Eighth-Year Stallion";"";"";"";"";"";"";""
"Other";"";"";"Elder Animal Skinner Tome";"T8_SKILLBOOK_GATHER_HIDE";"[T8] Elder Animal Skinner Tome";"";"";"";"";"";"";""
"Other";"";"";"Elder Blacksmith Contract";"T8_LABOURER_CONTRACT_WARRIOR";"[T8] Elder Blacksmith Contract";"";"";"";"";"";"";""
"Other";"";"";"Elder Blacksmith's Journal (Empty)";"T8_JOURNAL_WARRIOR_EMPTY";"[T8] Elder Blacksmith's Journal (Empty)";"";"";"";"";"";"";""
"Other";"";"";"Elder Blacksmith's Journal (Full)";"T8_JOURNAL_WARRIOR_FULL";"[T8] Elder Blacksmith's Journal (Full)";"";"";"";"";"";"";""
"Other";"";"";"Elder Blacksmith's Journal (Partially Full)";"T8_JOURNAL_WARRIOR";"[T8] Elder Blacksmith's Journal (Partially Full)";"";"";"";"";"";"";""
"Other";"";"";"Elder Cropper Contract";"T8_LABOURER_CONTRACT_FIBER";"[T8] Elder Cropper Contract";"";"";"";"";"";"";""
"Other";"";"";"Elder Cropper's Journal (Empty)";"T8_JOURNAL_FIBER_EMPTY";"[T8] Elder Cropper's Journal (Empty)";"";"";"";"";"";"";""
"Other";"";"";"Elder Cropper's Journal (Full)";"T8_JOURNAL_FIBER_FULL";"[T8] Elder Cropper's Journal (Full)";"";"";"";"";"";"";""
"Other";"";"";"Elder Cropper's Journal (Partially Full)";"T8_JOURNAL_FIBER";"[T8] Elder Cropper's Journal (Partially Full)";"";"";"";"";"";"";""
"Other";"";"";"Elder Cropper's Trophy Journal (Empty)";"T8_JOURNAL_TROPHY_FIBER_EMPTY";"[T8] Elder Cropper's Trophy Journal (Empty)";"";"";"";"";"";"";""
"Other";"";"";"Elder Cropper's Trophy Journal (Full)";"T8_JOURNAL_TROPHY_FIBER_FULL";"[T8] Elder Cropper's Trophy Journal (Full)";"";"";"";"";"";"";""
"Other";"";"";"Elder Cropper's Trophy Journal (Partially Full)";"T8_JOURNAL_TROPHY_FIBER";"[T8] Elder Cropper's Trophy Journal (Partially Full)";"";"";"";"";"";"";""
"Other";"";"";"Elder Fiber Harvester Tome";"T8_SKILLBOOK_GATHER_FIBER";"[T8] Elder Fiber Harvester Tome";"";"";"";"";"";"";""
"Other";"";"";"Elder Fisherman Contract";"T8_LABOURER_CONTRACT_FISHERMAN";"[T8] Elder Fisherman Contract";"";"";"";"";"";"";""
"Other";"";"";"Elder Fisherman's Journal (Empty)";"T8_JOURNAL_FISHING_EMPTY";"[T8] Elder Fisherman's Journal (Empty)";"";"";"";"";"";"";""
"Other";"";"";"Elder Fisherman's Journal (Full)";"T8_JOURNAL_FISHING_FULL";"[T8] Elder Fisherman's Journal (Full)";"";"";"";"";"";"";""
"Other";"";"";"Elder Fisherman's Journal (Partially Full)";"T8_JOURNAL_FISHING";"[T8] Elder Fisherman's Journal (Partially Full)";"";"";"";"";"";"";""
"Other";"";"";"Elder Fisherman's Trophy Journal (Empty)";"T8_JOURNAL_TROPHY_FISHING_EMPTY";"[T8] Elder Fisherman's Trophy Journal (Empty)";"";"";"";"";"";"";""
"Other";"";"";"Elder Fisherman's Trophy Journal (Full)";"T8_JOURNAL_TROPHY_FISHING_FULL";"[T8] Elder Fisherman's Trophy Journal (Full)";"";"";"";"";"";"";""
"Other";"";"";"Elder Fisherman's Trophy Journal (Partially Full)";"T8_JOURNAL_TROPHY_FISHING";"[T8] Elder Fisherman's Trophy Journal (Partially Full)";"";"";"";"";"";"";""
"Other";"";"";"Elder Fletcher Contract";"T8_LABOURER_CONTRACT_HUNTER";"[T8] Elder Fletcher Contract";"";"";"";"";"";"";""
"Other";"";"";"Elder Fletcher's Journal (Empty)";"T8_JOURNAL_HUNTER_EMPTY";"[T8] Elder Fletcher's Journal (Empty)";"";"";"";"";"";"";""
"Other";"";"";"Elder Fletcher's Journal (Full)";"T8_JOURNAL_HUNTER_FULL";"[T8] Elder Fletcher's Journal (Full)";"";"";"";"";"";"";""
"Other";"";"";"Elder Fletcher's Journal (Partially Full)";"T8_JOURNAL_HUNTER";"[T8] Elder Fletcher's Journal (Partially Full)";"";"";"";"";"";"";""
"Other";"";"";"Elder Gamekeeper Contract";"T8_LABOURER_CONTRACT_HIDE";"[T8] Elder Gamekeeper Contract";"";"";"";"";"";"";""
"Other";"";"";"Elder Gamekeeper's Journal (Empty)";"T8_JOURNAL_HIDE_EMPTY";"[T8] Elder Gamekeeper's Journal (Empty)";"";"";"";"";"";"";""
"Other";"";"";"Elder Gamekeeper's Journal (Full)";"T8_JOURNAL_HIDE_FULL";"[T8] Elder Gamekeeper's Journal (Full)";"";"";"";"";"";"";""
"Other";"";"";"Elder Gamekeeper's Journal (Partially Full)";"T8_JOURNAL_HIDE";"[T8] Elder Gamekeeper's Journal (Partially Full)";"";"";"";"";"";"";""
"Other";"";"";"Elder Gamekeeper's Trophy Journal (Empty)";"T8_JOURNAL_TROPHY_HIDE_EMPTY";"[T8] Elder Gamekeeper's Trophy Journal (Empty)";"";"";"";"";"";"";""
"Other";"";"";"Elder Gamekeeper's Trophy Journal (Full)";"T8_JOURNAL_TROPHY_HIDE_FULL";"[T8] Elder Gamekeeper's Trophy Journal (Full)";"";"";"";"";"";"";""
"Other";"";"";"Elder Gamekeeper's Trophy Journal (Partially Full)";"T8_JOURNAL_TROPHY_HIDE";"[T8] Elder Gamekeeper's Trophy Journal (Partially Full)";"";"";"";"";"";"";""
"Other";"";"";"Elder Imbuer Contract";"T8_LABOURER_CONTRACT_MAGE";"[T8] Elder Imbuer Contract";"";"";"";"";"";"";""
"Other";"";"";"Elder Imbuer's Journal (Empty)";"T8_JOURNAL_MAGE_EMPTY";"[T8] Elder Imbuer's Journal (Empty)";"";"";"";"";"";"";""
"Other";"";"";"Elder Imbuer's Journal (Full)";"T8_JOURNAL_MAGE_FULL";"[T8] Elder Imbuer's Journal (Full)";"";"";"";"";"";"";""
"Other";"";"";"Elder Imbuer's Journal (Partially Full)";"T8_JOURNAL_MAGE";"[T8] Elder Imbuer's Journal (Partially Full)";"";"";"";"";"";"";""
"Other";"";"";"Elder Lumberjack Contract";"T8_LABOURER_CONTRACT_WOOD";"[T8] Elder Lumberjack Contract";"";"";"";"";"";"";""
"Other";"";"";"Elder Lumberjack Tome";"T8_SKILLBOOK_GATHER_WOOD";"[T8] Elder Lumberjack Tome";"";"";"";"";"";"";""
"Other";"";"";"Elder Lumberjack's Journal (Empty)";"T8_JOURNAL_WOOD_EMPTY";"[T8] Elder Lumberjack's Journal (Empty)";"";"";"";"";"";"";""
"Other";"";"";"Elder Lumberjack's Journal (Full)";"T8_JOURNAL_WOOD_FULL";"[T8] Elder Lumberjack's Journal (Full)";"";"";"";"";"";"";""
"Other";"";"";"Elder Lumberjack's Journal (Partially Full)";"T8_JOURNAL_WOOD";"[T8] Elder Lumberjack's Journal (Partially Full)";"";"";"";"";"";"";""
"Other";"";"";"Elder Lumberjack's Trophy Journal (Empty)";"T8_JOURNAL_TROPHY_WOOD_EMPTY";"[T8] Elder Lumberjack's Trophy Journal (Empty)";"";"";"";"";"";"";""
"Other";"";"";"Elder Lumberjack's Trophy Journal (Full)";"T8_JOURNAL_TROPHY_WOOD_FULL";"[T8] Elder Lumberjack's Trophy Journal (Full)";"";"";"";"";"";"";""
"Other";"";"";"Elder Lumberjack's Trophy Journal (Partially Full)";"T8_JOURNAL_TROPHY_WOOD";"[T8] Elder Lumberjack's Trophy Journal (Partially Full)";"";"";"";"";"";"";""
"Other";"";"";"Elder Mercenary Contract";"T8_LABOURER_CONTRACT_MERCENARY";"[T8] Elder Mercenary Contract";"";"";"";"";"";"";""
"Other";"";"";"Elder Mercenary's Journal (Empty)";"T8_JOURNAL_MERCENARY_EMPTY";"[T8] Elder Mercenary's Journal (Empty)";"";"";"";"";"";"";""
"Other";"";"";"Elder Mercenary's Journal (Full)";"T8_JOURNAL_MERCENARY_FULL";"[T8] Elder Mercenary's Journal (Full)";"";"";"";"";"";"";""
"Other";"";"";"Elder Mercenary's Journal (Partially Full)";"T8_JOURNAL_MERCENARY";"[T8] Elder Mercenary's Journal (Partially Full)";"";"";"";"";"";"";""
"Other";"";"";"Elder Mercenary's Trophy";"T8_FURNITUREITEM_TROPHY_MERCENARY";"[T8] Elder Mercenary's Trophy";"";"";"";"";"";"";""
"Other";"";"";"Elder Mercenary's Trophy Journal (Empty)";"T8_JOURNAL_TROPHY_MERCENARY_EMPTY";"[T8] Elder Mercenary's Trophy Journal (Empty)";"";"";"";"";"";"";""
"Other";"";"";"Elder Mercenary's Trophy Journal (Full)";"T8_JOURNAL_TROPHY_MERCENARY_FULL";"[T8] Elder Mercenary's Trophy Journal (Full)";"";"";"";"";"";"";""
"Other";"";"";"Elder Mercenary's Trophy Journal (Partially Full)";"T8_JOURNAL_TROPHY_MERCENARY";"[T8] Elder Mercenary's Trophy Journal (Partially Full)";"";"";"";"";"";"";""
"Other";"";"";"Elder Ore Miner Tome";"T8_SKILLBOOK_GATHER_ORE";"[T8] Elder Ore Miner Tome";"";"";"";"";"";"";""
"Other";"";"";"Elder Prospector Contract";"T8_LABOURER_CONTRACT_ORE";"[T8] Elder Prospector Contract";"";"";"";"";"";"";""
"Other";"";"";"Elder Prospector's Journal (Empty)";"T8_JOURNAL_ORE_EMPTY";"[T8] Elder Prospector's Journal (Empty)";"";"";"";"";"";"";""
"Other";"";"";"Elder Prospector's Journal (Full)";"T8_JOURNAL_ORE_FULL";"[T8] Elder Prospector's Journal (Full)";"";"";"";"";"";"";""
"Other";"";"";"Elder Prospector's Journal (Partially Full)";"T8_JOURNAL_ORE";"[T8] Elder Prospector's Journal (Partially Full)";"";"";"";"";"";"";""
"Other";"";"";"Elder Prospector's Trophy Journal (Empty)";"T8_JOURNAL_TROPHY_ORE_EMPTY";"[T8] Elder Prospector's Trophy Journal (Empty)";"";"";"";"";"";"";""
"Other";"";"";"Elder Prospector's Trophy Journal (Full)";"T8_JOURNAL_TROPHY_ORE_FULL";"[T8] Elder Prospector's Trophy Journal (Full)";"";"";"";"";"";"";""
"Other";"";"";"Elder Prospector's Trophy Journal (Partially Full)";"T8_JOURNAL_TROPHY_ORE";"[T8] Elder Prospector's Trophy Journal (Partially Full)";"";"";"";"";"";"";""
"Other";"";"";"Elder Quarrier Tome";"T8_SKILLBOOK_GATHER_ROCK";"[T8] Elder Quarrier Tome";"";"";"";"";"";"";""
"Other";"";"";"Elder Stonecutter Contract";"T8_LABOURER_CONTRACT_STONE";"[T8] Elder Stonecutter Contract";"";"";"";"";"";"";""
"Other";"";"";"Elder Stonecutter's Journal (Empty)";"T8_JOURNAL_STONE_EMPTY";"[T8] Elder Stonecutter's Journal (Empty)";"";"";"";"";"";"";""
"Other";"";"";"Elder Stonecutter's Journal (Full)";"T8_JOURNAL_STONE_FULL";"[T8] Elder Stonecutter's Journal (Full)";"";"";"";"";"";"";""
"Other";"";"";"Elder Stonecutter's Journal (Partially Full)";"T8_JOURNAL_STONE";"[T8] Elder Stonecutter's Journal (Partially Full)";"";"";"";"";"";"";""
"Other";"";"";"Elder Stonecutter's Trophy Journal (Empty)";"T8_JOURNAL_TROPHY_STONE_EMPTY";"[T8] Elder Stonecutter's Trophy Journal (Empty)";"";"";"";"";"";"";""
"Other";"";"";"Elder Stonecutter's Trophy Journal (Full)";"T8_JOURNAL_TROPHY_STONE_FULL";"[T8] Elder Stonecutter's Trophy Journal (Full)";"";"";"";"";"";"";""
"Other";"";"";"Elder Stonecutter's Trophy Journal (Partially Full)";"T8_JOURNAL_TROPHY_STONE";"[T8] Elder Stonecutter's Trophy Journal (Partially Full)";"";"";"";"";"";"";""
"Other";"";"";"Elder Tinker Contract";"T8_LABOURER_CONTRACT_TOOLMAKER";"[T8] Elder Tinker Contract";"";"";"";"";"";"";""
"Other";"";"";"Elder Tinker's Journal (Empty)";"T8_JOURNAL_TOOLMAKER_EMPTY";"[T8] Elder Tinker's Journal (Empty)";"";"";"";"";"";"";""
"Other";"";"";"Elder Tinker's Journal (Full)";"T8_JOURNAL_TOOLMAKER_FULL";"[T8] Elder Tinker's Journal (Full)";"";"";"";"";"";"";""
"Other";"";"";"Elder Tinker's Journal (Partially Full)";"T8_JOURNAL_TOOLMAKER";"[T8] Elder Tinker's Journal (Partially Full)";"";"";"";"";"";"";""
"Other";"";"";"Elite Bighorn Ram";"T8_MOUNT_RAM_FW_MARTLOCK_ELITE";"[T8] Elite Bighorn Ram";"";"";"";"";"";"";""
"Other";"";"";"Elite Bighorn Ram Lamb";"T8_FARM_RAM_FW_MARTLOCK_BABY";"[T8] Elite Bighorn Ram Lamb";"";"";"";"";"";"";""
"Other";"";"";"Elite Green Knight's Armored Horse";"SKIN_ARMORED_HORSE_KNIGHT_GREEN_ELITE";"[T0] Elite Green Knight's Armored Horse";"";"";"";"";"";"";""
"Other";"";"";"Elite Greywolf";"T8_MOUNT_GREYWOLF_FW_CAERLEON_ELITE";"[T8] Elite Greywolf";"";"";"";"";"";"";""
"Other";"";"";"Elite Greywolf Pup";"T8_FARM_GREYWOLF_FW_CAERLEON_BABY";"[T8] Elite Greywolf Pup";"";"";"";"";"";"";""
"Other";"";"";"Elite Mystic Owl";"T8_MOUNT_OWL_FW_BRECILIEN_ELITE";"[T8] Elite Mystic Owl";"";"";"";"";"";"";""
"Other";"";"";"Elite Mystic Owlet";"T8_FARM_OWL_FW_BRECILIEN_BABY";"[T8] Elite Mystic Owlet";"";"";"";"";"";"";""
"Other";"";"";"Elite Swamp Salamander";"T8_MOUNT_SWAMPDRAGON_FW_THETFORD_ELITE";"[T8] Elite Swamp Salamander";"";"";"";"";"";"";""
"Other";"";"";"Elite Terrorbird";"T8_MOUNT_MOABIRD_FW_BRIDGEWATCH_ELITE";"[T8] Elite Terrorbird";"";"";"";"";"";"";""
"Other";"";"";"Elite Wild Boar";"T8_MOUNT_DIREBOAR_FW_LYMHURST_ELITE";"[T8] Elite Wild Boar";"";"";"";"";"";"";""
"Other";"";"";"Elite Wild Boarlet";"T8_FARM_DIREBOAR_FW_LYMHURST_BABY";"[T8] Elite Wild Boarlet";"";"";"";"";"";"";""
"Other";"";"";"Elite Winter Bear";"T8_MOUNT_DIREBEAR_FW_FORTSTERLING_ELITE";"[T8] Elite Winter Bear";"";"";"";"";"";"";""
"Other";"";"";"Elite Winter Bear Cub";"T8_FARM_DIREBEAR_FW_FORTSTERLING_BABY";"[T8] Elite Winter Bear Cub";"";"";"";"";"";"";""
"Other";"";"";"Elusive Foxglove";"T6_FOXGLOVE";"[T6] Elusive Foxglove";"";"";"";"";"";"";""
"Other";"";"";"Elusive Foxglove Seeds";"T6_FARM_FOXGLOVE_SEED";"[T6] Elusive Foxglove Seeds";"";"";"";"";"";"";""
"Other";"";"";"Embalmed Tiger";"SKIN_COUGAR_MUMMY_TELLAFRIEND";"[T0] Embalmed Tiger";"";"";"";"";"";"";""
"Other";"";"";"Ember Mare";"SKIN_HORSE_MONK_FIRE";"[T0] Ember Mare";"";"";"";"";"";"";""
"Other";"";"";"Emerald Basilisk";"SKIN_LIZARD_DRAKE_AJ";"[T0] Emerald Basilisk";"";"";"";"";"";"";""
"Other";"";"";"Empty Coffin";"UNIQUE_FURNITUREITEM_ADC_GRIM_COFFIN";"[T0] Empty Coffin";"";"";"";"";"";"";""
"Other";"";"";"Encyclopedia of Power";"T6_FURNITUREITEM_TROPHY_GENERAL";"[T6] Encyclopedia of Power";"";"";"";"";"";"";""
"Other";"";"";"Energy Potion";"T4_POTION_ENERGY";"[T4] Energy Potion";"";"";"";"";"";"";""
"Other";"";"";"Epic Community Chest";"UNIQUE_LOOTCHEST_COMMUNITY_EPIC";"[T0] Epic Community Chest";"";"";"";"";"";"";""
"Other";"";"";"Epic Community Treasure";"UNIQUE_LOOTCHEST_COMMUNITY_EXCLUSIVE_EPIC";"[T0] Epic Community Treasure";"";"";"";"";"";"";""
"Other";"";"";"Epic Explorer's Giant Stag";"UNIQUE_MOUNT_GIANTSTAG_FOUNDER_EPIC";"[T0] Epic Explorer's Giant Stag";"";"";"";"";"";"";""
"Other";"";"";"Epic Guild Season Winner";"SKIN_DIREWOLF_GVGSEASON_1ST_02";"[T0] Epic Guild Season Winner";"";"";"";"";"";"";""
"Other";"";"";"Ethereal Horse";"SKIN_HORSE_PRIEST_HOLY";"[T0] Ethereal Horse";"";"";"";"";"";"";""
"Other";"";"";"Excellent Dawnfeather";"T7_ALCHEMY_RARE_EAGLE";"[T7] Excellent Dawnfeather";"";"";"";"";"";"";""
"Other";"";"";"Excellent Imp's Horn";"T7_ALCHEMY_RARE_IMP";"[T7] Excellent Imp's Horn";"";"";"";"";"";"";""
"Other";"";"";"Excellent Runestone Tooth";"T7_ALCHEMY_RARE_ELEMENTAL";"[T7] Excellent Runestone Tooth";"";"";"";"";"";"";""
"Other";"";"";"Excellent Shadow Claws";"T7_ALCHEMY_RARE_PANTHER";"[T7] Excellent Shadow Claws";"";"";"";"";"";"";""
"Other";"";"";"Excellent Spirit Paws";"T7_ALCHEMY_RARE_DIREBEAR";"[T7] Excellent Spirit Paws";"";"";"";"";"";"";""
"Other";"";"";"Excellent Sylvian Root";"T7_ALCHEMY_RARE_ENT";"[T7] Excellent Sylvian Root";"";"";"";"";"";"";""
"Other";"";"";"Excellent Werewolf Fangs";"T7_ALCHEMY_RARE_WEREWOLF";"[T7] Excellent Werewolf Fangs";"";"";"";"";"";"";""
"Other";"";"";"Exceptional Adamantium Ore";"T8_ORE_LEVEL3@3";"[T8] Exceptional Adamantium Ore .3";"";"";"";"";"";"";""
"Other";"";"";"Exceptional Adamantium Steel Bar";"T8_METALBAR_LEVEL3@3";"[T8] Exceptional Adamantium Steel Bar .3";"";"";"";"";"";"";""
"Other";"";"";"Exceptional Adept's Dungeon Map (Group)";"T4_RANDOM_DUNGEON_TOKEN_4@3";"[T4] Exceptional Adept's Dungeon Map (Group) .3";"";"";"";"";"";"";""
"Other";"";"";"Exceptional Adept's Dungeon Map (Solo)";"T4_RANDOM_DUNGEON_SOLO_TOKEN_4@3";"[T4] Exceptional Adept's Dungeon Map (Solo) .3";"";"";"";"";"";"";""
"Other";"";"";"Exceptional Amberleaf Cotton";"T6_FIBER_LEVEL3@3";"[T6] Exceptional Amberleaf Cotton .3";"";"";"";"";"";"";""
"Other";"";"";"Exceptional Ashenbark Logs";"T7_WOOD_LEVEL3@3";"[T7] Exceptional Ashenbark Logs .3";"";"";"";"";"";"";""
"Other";"";"";"Exceptional Ashenbark Planks";"T7_PLANKS_LEVEL3@3";"[T7] Exceptional Ashenbark Planks .3";"";"";"";"";"";"";""
"Other";"";"";"Exceptional Baroque Cloth";"T8_CLOTH_LEVEL3@3";"[T8] Exceptional Baroque Cloth .3";"";"";"";"";"";"";""
"Other";"";"";"Exceptional Basalt";"T7_ROCK_LEVEL3@3";"[T7] Exceptional Basalt .3";"";"";"";"";"";"";""
"Other";"";"";"Exceptional Bloodoak Logs";"T6_WOOD_LEVEL3@3";"[T6] Exceptional Bloodoak Logs .3";"";"";"";"";"";"";""
"Other";"";"";"Exceptional Bloodoak Planks";"T6_PLANKS_LEVEL3@3";"[T6] Exceptional Bloodoak Planks .3";"";"";"";"";"";"";""
"Other";"";"";"Exceptional Cedar Logs";"T5_WOOD_LEVEL3@3";"[T5] Exceptional Cedar Logs .3";"";"";"";"";"";"";""
"Other";"";"";"Exceptional Cedar Planks";"T5_PLANKS_LEVEL3@3";"[T5] Exceptional Cedar Planks .3";"";"";"";"";"";"";""
"Other";"";"";"Exceptional Cured Leather";"T5_LEATHER_LEVEL3@3";"[T5] Exceptional Cured Leather .3";"";"";"";"";"";"";""
"Other";"";"";"Exceptional Elder's Dungeon Map (Group)";"T8_RANDOM_DUNGEON_TOKEN_4@3";"[T8] Exceptional Elder's Dungeon Map (Group) .3";"";"";"";"";"";"";""
"Other";"";"";"Exceptional Elder's Dungeon Map (Large Group)";"T8_RANDOM_DUNGEON_ELITE_TOKEN_4@3";"[T8] Exceptional Elder's Dungeon Map (Large Group) .3";"";"";"";"";"";"";""
"Other";"";"";"Exceptional Elder's Dungeon Map (Solo)";"T8_RANDOM_DUNGEON_SOLO_TOKEN_4@3";"[T8] Exceptional Elder's Dungeon Map (Solo) .3";"";"";"";"";"";"";""
"Other";"";"";"Exceptional Expert's Dungeon Map (Group)";"T5_RANDOM_DUNGEON_TOKEN_4@3";"[T5] Exceptional Expert's Dungeon Map (Group) .3";"";"";"";"";"";"";""
"Other";"";"";"Exceptional Expert's Dungeon Map (Solo)";"T5_RANDOM_DUNGEON_SOLO_TOKEN_4@3";"[T5] Exceptional Expert's Dungeon Map (Solo) .3";"";"";"";"";"";"";""
"Other";"";"";"Exceptional Fine Cloth";"T4_CLOTH_LEVEL3@3";"[T4] Exceptional Fine Cloth .3";"";"";"";"";"";"";""
"Other";"";"";"Exceptional Fortified Leather";"T8_LEATHER_LEVEL3@3";"[T8] Exceptional Fortified Leather .3";"";"";"";"";"";"";""
"Other";"";"";"Exceptional Ghost Hemp";"T8_FIBER_LEVEL3@3";"[T8] Exceptional Ghost Hemp .3";"";"";"";"";"";"";""
"Other";"";"";"Exceptional Grandmaster's Dungeon Map (Group)";"T7_RANDOM_DUNGEON_TOKEN_4@3";"[T7] Exceptional Grandmaster's Dungeon Map (Group) .3";"";"";"";"";"";"";""
"Other";"";"";"Exceptional Grandmaster's Dungeon Map (Large Group)";"T7_RANDOM_DUNGEON_ELITE_TOKEN_4@3";"[T7] Exceptional Grandmaster's Dungeon Map (Large Group) .3";"";"";"";"";"";"";""
"Other";"";"";"Exceptional Grandmaster's Dungeon Map (Solo)";"T7_RANDOM_DUNGEON_SOLO_TOKEN_4@3";"[T7] Exceptional Grandmaster's Dungeon Map (Solo) .3";"";"";"";"";"";"";""
"Other";"";"";"Exceptional Granite";"T5_ROCK_LEVEL3@3";"[T5] Exceptional Granite .3";"";"";"";"";"";"";""
"Other";"";"";"Exceptional Hardened Leather";"T6_LEATHER_LEVEL3@3";"[T6] Exceptional Hardened Leather .3";"";"";"";"";"";"";""
"Other";"";"";"Exceptional Heavy Hide";"T5_HIDE_LEVEL3@3";"[T5] Exceptional Heavy Hide .3";"";"";"";"";"";"";""
"Other";"";"";"Exceptional Hemp";"T4_FIBER_LEVEL3@3";"[T4] Exceptional Hemp .3";"";"";"";"";"";"";""
"Other";"";"";"Exceptional Iron Ore";"T4_ORE_LEVEL3@3";"[T4] Exceptional Iron Ore .3";"";"";"";"";"";"";""
"Other";"";"";"Exceptional Lavish Cloth";"T6_CLOTH_LEVEL3@3";"[T6] Exceptional Lavish Cloth .3";"";"";"";"";"";"";""
"Other";"";"";"Exceptional Marble";"T8_ROCK_LEVEL3@3";"[T8] Exceptional Marble .3";"";"";"";"";"";"";""
"Other";"";"";"Exceptional Master's Dungeon Map (Group)";"T6_RANDOM_DUNGEON_TOKEN_4@3";"[T6] Exceptional Master's Dungeon Map (Group) .3";"";"";"";"";"";"";""
"Other";"";"";"Exceptional Master's Dungeon Map (Large Group)";"T6_RANDOM_DUNGEON_ELITE_TOKEN_4@3";"[T6] Exceptional Master's Dungeon Map (Large Group) .3";"";"";"";"";"";"";""
"Other";"";"";"Exceptional Master's Dungeon Map (Solo)";"T6_RANDOM_DUNGEON_SOLO_TOKEN_4@3";"[T6] Exceptional Master's Dungeon Map (Solo) .3";"";"";"";"";"";"";""
"Other";"";"";"Exceptional Medium Hide";"T4_HIDE_LEVEL3@3";"[T4] Exceptional Medium Hide .3";"";"";"";"";"";"";""
"Other";"";"";"Exceptional Meteorite Ore";"T7_ORE_LEVEL3@3";"[T7] Exceptional Meteorite Ore .3";"";"";"";"";"";"";""
"Other";"";"";"Exceptional Meteorite Steel Bar";"T7_METALBAR_LEVEL3@3";"[T7] Exceptional Meteorite Steel Bar .3";"";"";"";"";"";"";""
"Other";"";"";"Exceptional Opulent Cloth";"T7_CLOTH_LEVEL3@3";"[T7] Exceptional Opulent Cloth .3";"";"";"";"";"";"";""
"Other";"";"";"Exceptional Ornate Cloth";"T5_CLOTH_LEVEL3@3";"[T5] Exceptional Ornate Cloth .3";"";"";"";"";"";"";""
"Other";"";"";"Exceptional Pine Logs";"T4_WOOD_LEVEL3@3";"[T4] Exceptional Pine Logs .3";"";"";"";"";"";"";""
"Other";"";"";"Exceptional Pine Planks";"T4_PLANKS_LEVEL3@3";"[T4] Exceptional Pine Planks .3";"";"";"";"";"";"";""
"Other";"";"";"Exceptional Reinforced Leather";"T7_LEATHER_LEVEL3@3";"[T7] Exceptional Reinforced Leather .3";"";"";"";"";"";"";""
"Other";"";"";"Exceptional Resilient Hide";"T8_HIDE_LEVEL3@3";"[T8] Exceptional Resilient Hide .3";"";"";"";"";"";"";""
"Other";"";"";"Exceptional Robust Hide";"T6_HIDE_LEVEL3@3";"[T6] Exceptional Robust Hide .3";"";"";"";"";"";"";""
"Other";"";"";"Exceptional Runite Ore";"T6_ORE_LEVEL3@3";"[T6] Exceptional Runite Ore .3";"";"";"";"";"";"";""
"Other";"";"";"Exceptional Runite Steel Bar";"T6_METALBAR_LEVEL3@3";"[T6] Exceptional Runite Steel Bar .3";"";"";"";"";"";"";""
"Other";"";"";"Exceptional Skyflower";"T5_FIBER_LEVEL3@3";"[T5] Exceptional Skyflower .3";"";"";"";"";"";"";""
"Other";"";"";"Exceptional Slate";"T6_ROCK_LEVEL3@3";"[T6] Exceptional Slate .3";"";"";"";"";"";"";""
"Other";"";"";"Exceptional Steel Bar";"T4_METALBAR_LEVEL3@3";"[T4] Exceptional Steel Bar .3";"";"";"";"";"";"";""
"Other";"";"";"Exceptional Sunflax";"T7_FIBER_LEVEL3@3";"[T7] Exceptional Sunflax .3";"";"";"";"";"";"";""
"Other";"";"";"Exceptional Thick Hide";"T7_HIDE_LEVEL3@3";"[T7] Exceptional Thick Hide .3";"";"";"";"";"";"";""
"Other";"";"";"Exceptional Titanium Ore";"T5_ORE_LEVEL3@3";"[T5] Exceptional Titanium Ore .3";"";"";"";"";"";"";""
"Other";"";"";"Exceptional Titanium Steel Bar";"T5_METALBAR_LEVEL3@3";"[T5] Exceptional Titanium Steel Bar .3";"";"";"";"";"";"";""
"Other";"";"";"Exceptional Travertine";"T4_ROCK_LEVEL3@3";"[T4] Exceptional Travertine .3";"";"";"";"";"";"";""
"Other";"";"";"Exceptional Whitewood Logs";"T8_WOOD_LEVEL3@3";"[T8] Exceptional Whitewood Logs .3";"";"";"";"";"";"";""
"Other";"";"";"Exceptional Whitewood Planks";"T8_PLANKS_LEVEL3@3";"[T8] Exceptional Whitewood Planks .3";"";"";"";"";"";"";""
"Other";"";"";"Exceptional Worked Leather";"T4_LEATHER_LEVEL3@3";"[T4] Exceptional Worked Leather .3";"";"";"";"";"";"";""
"Other";"";"";"Expert Animal Skinner Tome";"T5_SKILLBOOK_GATHER_HIDE";"[T5] Expert Animal Skinner Tome";"";"";"";"";"";"";""
"Other";"";"";"Expert Blacksmith Contract";"T5_LABOURER_CONTRACT_WARRIOR";"[T5] Expert Blacksmith Contract";"";"";"";"";"";"";""
"Other";"";"";"Expert Blacksmith's Journal (Empty)";"T5_JOURNAL_WARRIOR_EMPTY";"[T5] Expert Blacksmith's Journal (Empty)";"";"";"";"";"";"";""
"Other";"";"";"Expert Blacksmith's Journal (Full)";"T5_JOURNAL_WARRIOR_FULL";"[T5] Expert Blacksmith's Journal (Full)";"";"";"";"";"";"";""
"Other";"";"";"Expert Blacksmith's Journal (Partially Full)";"T5_JOURNAL_WARRIOR";"[T5] Expert Blacksmith's Journal (Partially Full)";"";"";"";"";"";"";""
"Other";"";"";"Expert Cropper Contract";"T5_LABOURER_CONTRACT_FIBER";"[T5] Expert Cropper Contract";"";"";"";"";"";"";""
"Other";"";"";"Expert Cropper's Journal (Empty)";"T5_JOURNAL_FIBER_EMPTY";"[T5] Expert Cropper's Journal (Empty)";"";"";"";"";"";"";""
"Other";"";"";"Expert Cropper's Journal (Full)";"T5_JOURNAL_FIBER_FULL";"[T5] Expert Cropper's Journal (Full)";"";"";"";"";"";"";""
"Other";"";"";"Expert Cropper's Journal (Partially Full)";"T5_JOURNAL_FIBER";"[T5] Expert Cropper's Journal (Partially Full)";"";"";"";"";"";"";""
"Other";"";"";"Expert Cropper's Trophy Journal (Empty)";"T5_JOURNAL_TROPHY_FIBER_EMPTY";"[T5] Expert Cropper's Trophy Journal (Empty)";"";"";"";"";"";"";""
"Other";"";"";"Expert Cropper's Trophy Journal (Full)";"T5_JOURNAL_TROPHY_FIBER_FULL";"[T5] Expert Cropper's Trophy Journal (Full)";"";"";"";"";"";"";""
"Other";"";"";"Expert Cropper's Trophy Journal (Partially Full)";"T5_JOURNAL_TROPHY_FIBER";"[T5] Expert Cropper's Trophy Journal (Partially Full)";"";"";"";"";"";"";""
"Other";"";"";"Expert Fiber Harvester Tome";"T5_SKILLBOOK_GATHER_FIBER";"[T5] Expert Fiber Harvester Tome";"";"";"";"";"";"";""
"Other";"";"";"Expert Fisherman Contract";"T5_LABOURER_CONTRACT_FISHERMAN";"[T5] Expert Fisherman Contract";"";"";"";"";"";"";""
"Other";"";"";"Expert Fisherman's Journal (Empty)";"T5_JOURNAL_FISHING_EMPTY";"[T5] Expert Fisherman's Journal (Empty)";"";"";"";"";"";"";""
"Other";"";"";"Expert Fisherman's Journal (Full)";"T5_JOURNAL_FISHING_FULL";"[T5] Expert Fisherman's Journal (Full)";"";"";"";"";"";"";""
"Other";"";"";"Expert Fisherman's Journal (Partially Full)";"T5_JOURNAL_FISHING";"[T5] Expert Fisherman's Journal (Partially Full)";"";"";"";"";"";"";""
"Other";"";"";"Expert Fisherman's Trophy Journal (Empty)";"T5_JOURNAL_TROPHY_FISHING_EMPTY";"[T5] Expert Fisherman's Trophy Journal (Empty)";"";"";"";"";"";"";""
"Other";"";"";"Expert Fisherman's Trophy Journal (Full)";"T5_JOURNAL_TROPHY_FISHING_FULL";"[T5] Expert Fisherman's Trophy Journal (Full)";"";"";"";"";"";"";""
"Other";"";"";"Expert Fisherman's Trophy Journal (Partially Full)";"T5_JOURNAL_TROPHY_FISHING";"[T5] Expert Fisherman's Trophy Journal (Partially Full)";"";"";"";"";"";"";""
"Other";"";"";"Expert Fletcher Contract";"T5_LABOURER_CONTRACT_HUNTER";"[T5] Expert Fletcher Contract";"";"";"";"";"";"";""
"Other";"";"";"Expert Fletcher's Journal (Empty)";"T5_JOURNAL_HUNTER_EMPTY";"[T5] Expert Fletcher's Journal (Empty)";"";"";"";"";"";"";""
"Other";"";"";"Expert Fletcher's Journal (Full)";"T5_JOURNAL_HUNTER_FULL";"[T5] Expert Fletcher's Journal (Full)";"";"";"";"";"";"";""
"Other";"";"";"Expert Fletcher's Journal (Partially Full)";"T5_JOURNAL_HUNTER";"[T5] Expert Fletcher's Journal (Partially Full)";"";"";"";"";"";"";""
"Other";"";"";"Expert Gamekeeper Contract";"T5_LABOURER_CONTRACT_HIDE";"[T5] Expert Gamekeeper Contract";"";"";"";"";"";"";""
"Other";"";"";"Expert Gamekeeper's Journal (Empty)";"T5_JOURNAL_HIDE_EMPTY";"[T5] Expert Gamekeeper's Journal (Empty)";"";"";"";"";"";"";""
"Other";"";"";"Expert Gamekeeper's Journal (Full)";"T5_JOURNAL_HIDE_FULL";"[T5] Expert Gamekeeper's Journal (Full)";"";"";"";"";"";"";""
"Other";"";"";"Expert Gamekeeper's Journal (Partially Full)";"T5_JOURNAL_HIDE";"[T5] Expert Gamekeeper's Journal (Partially Full)";"";"";"";"";"";"";""
"Other";"";"";"Expert Gamekeeper's Trophy Journal (Empty)";"T5_JOURNAL_TROPHY_HIDE_EMPTY";"[T5] Expert Gamekeeper's Trophy Journal (Empty)";"";"";"";"";"";"";""
"Other";"";"";"Expert Gamekeeper's Trophy Journal (Full)";"T5_JOURNAL_TROPHY_HIDE_FULL";"[T5] Expert Gamekeeper's Trophy Journal (Full)";"";"";"";"";"";"";""
"Other";"";"";"Expert Gamekeeper's Trophy Journal (Partially Full)";"T5_JOURNAL_TROPHY_HIDE";"[T5] Expert Gamekeeper's Trophy Journal (Partially Full)";"";"";"";"";"";"";""
"Other";"";"";"Expert Imbuer Contract";"T5_LABOURER_CONTRACT_MAGE";"[T5] Expert Imbuer Contract";"";"";"";"";"";"";""
"Other";"";"";"Expert Imbuer's Journal (Empty)";"T5_JOURNAL_MAGE_EMPTY";"[T5] Expert Imbuer's Journal (Empty)";"";"";"";"";"";"";""
"Other";"";"";"Expert Imbuer's Journal (Full)";"T5_JOURNAL_MAGE_FULL";"[T5] Expert Imbuer's Journal (Full)";"";"";"";"";"";"";""
"Other";"";"";"Expert Imbuer's Journal (Partially Full)";"T5_JOURNAL_MAGE";"[T5] Expert Imbuer's Journal (Partially Full)";"";"";"";"";"";"";""
"Other";"";"";"Expert Lumberjack Contract";"T5_LABOURER_CONTRACT_WOOD";"[T5] Expert Lumberjack Contract";"";"";"";"";"";"";""
"Other";"";"";"Expert Lumberjack Tome";"T5_SKILLBOOK_GATHER_WOOD";"[T5] Expert Lumberjack Tome";"";"";"";"";"";"";""
"Other";"";"";"Expert Lumberjack's Journal (Empty)";"T5_JOURNAL_WOOD_EMPTY";"[T5] Expert Lumberjack's Journal (Empty)";"";"";"";"";"";"";""
"Other";"";"";"Expert Lumberjack's Journal (Full)";"T5_JOURNAL_WOOD_FULL";"[T5] Expert Lumberjack's Journal (Full)";"";"";"";"";"";"";""
"Other";"";"";"Expert Lumberjack's Journal (Partially Full)";"T5_JOURNAL_WOOD";"[T5] Expert Lumberjack's Journal (Partially Full)";"";"";"";"";"";"";""
"Other";"";"";"Expert Lumberjack's Trophy Journal (Empty)";"T5_JOURNAL_TROPHY_WOOD_EMPTY";"[T5] Expert Lumberjack's Trophy Journal (Empty)";"";"";"";"";"";"";""
"Other";"";"";"Expert Lumberjack's Trophy Journal (Full)";"T5_JOURNAL_TROPHY_WOOD_FULL";"[T5] Expert Lumberjack's Trophy Journal (Full)";"";"";"";"";"";"";""
"Other";"";"";"Expert Lumberjack's Trophy Journal (Partially Full)";"T5_JOURNAL_TROPHY_WOOD";"[T5] Expert Lumberjack's Trophy Journal (Partially Full)";"";"";"";"";"";"";""
"Other";"";"";"Expert Mercenary Contract";"T5_LABOURER_CONTRACT_MERCENARY";"[T5] Expert Mercenary Contract";"";"";"";"";"";"";""
"Other";"";"";"Expert Mercenary's Journal (Empty)";"T5_JOURNAL_MERCENARY_EMPTY";"[T5] Expert Mercenary's Journal (Empty)";"";"";"";"";"";"";""
"Other";"";"";"Expert Mercenary's Journal (Full)";"T5_JOURNAL_MERCENARY_FULL";"[T5] Expert Mercenary's Journal (Full)";"";"";"";"";"";"";""
"Other";"";"";"Expert Mercenary's Journal (Partially Full)";"T5_JOURNAL_MERCENARY";"[T5] Expert Mercenary's Journal (Partially Full)";"";"";"";"";"";"";""
"Other";"";"";"Expert Mercenary's Trophy";"T5_FURNITUREITEM_TROPHY_MERCENARY";"[T5] Expert Mercenary's Trophy";"";"";"";"";"";"";""
"Other";"";"";"Expert Mercenary's Trophy Journal (Empty)";"T5_JOURNAL_TROPHY_MERCENARY_EMPTY";"[T5] Expert Mercenary's Trophy Journal (Empty)";"";"";"";"";"";"";""
"Other";"";"";"Expert Mercenary's Trophy Journal (Full)";"T5_JOURNAL_TROPHY_MERCENARY_FULL";"[T5] Expert Mercenary's Trophy Journal (Full)";"";"";"";"";"";"";""
"Other";"";"";"Expert Mercenary's Trophy Journal (Partially Full)";"T5_JOURNAL_TROPHY_MERCENARY";"[T5] Expert Mercenary's Trophy Journal (Partially Full)";"";"";"";"";"";"";""
"Other";"";"";"Expert Ore Miner Tome";"T5_SKILLBOOK_GATHER_ORE";"[T5] Expert Ore Miner Tome";"";"";"";"";"";"";""
"Other";"";"";"Expert Prospector Contract";"T5_LABOURER_CONTRACT_ORE";"[T5] Expert Prospector Contract";"";"";"";"";"";"";""
"Other";"";"";"Expert Prospector's Journal (Empty)";"T5_JOURNAL_ORE_EMPTY";"[T5] Expert Prospector's Journal (Empty)";"";"";"";"";"";"";""
"Other";"";"";"Expert Prospector's Journal (Full)";"T5_JOURNAL_ORE_FULL";"[T5] Expert Prospector's Journal (Full)";"";"";"";"";"";"";""
"Other";"";"";"Expert Prospector's Journal (Partially Full)";"T5_JOURNAL_ORE";"[T5] Expert Prospector's Journal (Partially Full)";"";"";"";"";"";"";""
"Other";"";"";"Expert Prospector's Trophy Journal (Empty)";"T5_JOURNAL_TROPHY_ORE_EMPTY";"[T5] Expert Prospector's Trophy Journal (Empty)";"";"";"";"";"";"";""
"Other";"";"";"Expert Prospector's Trophy Journal (Full)";"T5_JOURNAL_TROPHY_ORE_FULL";"[T5] Expert Prospector's Trophy Journal (Full)";"";"";"";"";"";"";""
"Other";"";"";"Expert Prospector's Trophy Journal (Partially Full)";"T5_JOURNAL_TROPHY_ORE";"[T5] Expert Prospector's Trophy Journal (Partially Full)";"";"";"";"";"";"";""
"Other";"";"";"Expert Quarrier Tome";"T5_SKILLBOOK_GATHER_ROCK";"[T5] Expert Quarrier Tome";"";"";"";"";"";"";""
"Other";"";"";"Expert Stonecutter Contract";"T5_LABOURER_CONTRACT_STONE";"[T5] Expert Stonecutter Contract";"";"";"";"";"";"";""
"Other";"";"";"Expert Stonecutter's Journal (Empty)";"T5_JOURNAL_STONE_EMPTY";"[T5] Expert Stonecutter's Journal (Empty)";"";"";"";"";"";"";""
"Other";"";"";"Expert Stonecutter's Journal (Full)";"T5_JOURNAL_STONE_FULL";"[T5] Expert Stonecutter's Journal (Full)";"";"";"";"";"";"";""
"Other";"";"";"Expert Stonecutter's Journal (Partially Full)";"T5_JOURNAL_STONE";"[T5] Expert Stonecutter's Journal (Partially Full)";"";"";"";"";"";"";""
"Other";"";"";"Expert Stonecutter's Trophy Journal (Empty)";"T5_JOURNAL_TROPHY_STONE_EMPTY";"[T5] Expert Stonecutter's Trophy Journal (Empty)";"";"";"";"";"";"";""
"Other";"";"";"Expert Stonecutter's Trophy Journal (Full)";"T5_JOURNAL_TROPHY_STONE_FULL";"[T5] Expert Stonecutter's Trophy Journal (Full)";"";"";"";"";"";"";""
"Other";"";"";"Expert Stonecutter's Trophy Journal (Partially Full)";"T5_JOURNAL_TROPHY_STONE";"[T5] Expert Stonecutter's Trophy Journal (Partially Full)";"";"";"";"";"";"";""
"Other";"";"";"Expert Tinker Contract";"T5_LABOURER_CONTRACT_TOOLMAKER";"[T5] Expert Tinker Contract";"";"";"";"";"";"";""
"Other";"";"";"Expert Tinker's Journal (Empty)";"T5_JOURNAL_TOOLMAKER_EMPTY";"[T5] Expert Tinker's Journal (Empty)";"";"";"";"";"";"";""
"Other";"";"";"Expert Tinker's Journal (Full)";"T5_JOURNAL_TOOLMAKER_FULL";"[T5] Expert Tinker's Journal (Full)";"";"";"";"";"";"";""
"Other";"";"";"Expert Tinker's Journal (Partially Full)";"T5_JOURNAL_TOOLMAKER";"[T5] Expert Tinker's Journal (Partially Full)";"";"";"";"";"";"";""
"Other";"";"";"Explorer's Anchor";"UNIQUE_INGREDIENT_ANCHOR_FOUNDER_LEGENDARY";"[T0] Explorer's Anchor";"";"";"";"";"";"";""
"Other";"";"";"Explorer's Avatar";"UNIQUE_AVATAR_AJ_EXPLORATION_01";"[T0] Explorer's Avatar";"";"";"";"";"";"";""
"Other";"";"";"Explorer's Avatar Ring";"UNIQUE_AVATARRING_AJ_EXPLORATION_01";"[T0] Explorer's Avatar Ring";"";"";"";"";"";"";""
"Other";"";"";"Explorer's Spyglass";"UNIQUE_FURNITUREITEM_FOUNDER_LOOKINGGLASS";"[T0] Explorer's Spyglass";"";"";"";"";"";"";""
"Other";"";"";"Exquisite Ghost Hemp Trophy";"T8_FURNITUREITEM_TROPHY_FIBER";"[T8] Exquisite Ghost Hemp Trophy";"";"";"";"";"";"";""
"Other";"";"";"Exquisite Hemp Trophy";"T4_FURNITUREITEM_TROPHY_FIBER";"[T4] Exquisite Hemp Trophy";"";"";"";"";"";"";""
"Other";"";"";"Faded Essence";"T4_ESSENCE";"[T4] Adept's Faded Essence";"";"";"";"";"";"";""
"Other";"";"";"Faerie Fire";"QUESTITEM_TOKEN_MISTS";"[T0] Faerie Fire";"";"";"";"";"";"";""
"Other";"";"";"Fancy Fish Bait";"T3_FISHINGBAIT";"[T3] Fancy Fish Bait";"";"";"";"";"";"";""
"Other";"";"";"Fancy Fish Sauce";"T1_FISHSAUCE_LEVEL2";"[T1] Fancy Fish Sauce";"";"";"";"";"";"";""
"Other";"";"";"Farm Tower";"PLAYERISLAND_FURNITUREITEM_FARM_WATERTOWER_A";"[T0] Farm Tower";"";"";"";"";"";"";""
"Other";"";"";"Farmer's Ox";"SKIN_OX_FARMER_TELLAFRIEND";"[T0] Farmer's Ox";"";"";"";"";"";"";""
"Other";"";"";"Fawn";"T4_FARM_GIANTSTAG_BABY";"[T4] Adept's Fawn";"";"";"";"";"";"";""
"Other";"";"";"Feather Talisman";"TREASURE_TRIBAL_RARITY1";"[T0] Feather Talisman";"";"";"";"";"";"";""
"Other";"";"";"Fennec";"SKIN_DIREWOLF_FENNEK";"[T0] Fennec";"";"";"";"";"";"";""
"Other";"";"";"Festive Reindeer";"SKIN_GIANTSTAG_REINDEER_TELLAFRIEND";"[T0] Festive Reindeer";"";"";"";"";"";"";""
"Other";"";"";"Fifth Anniversary Avatar";"UNIQUE_AVATAR_ANNIVERSARY_2022";"[T0] Fifth Anniversary Avatar";"";"";"";"";"";"";""
"Other";"";"";"Fifth Anniversary Carpet";"UNIQUE_FURNITUREITEM_CARPET_ANNIVERSARY_2022";"[T0] Fifth Anniversary Carpet";"";"";"";"";"";"";""
"Other";"";"";"Fifth Anniversary Ring";"UNIQUE_AVATARRING_ANNIVERSARY_2022";"[T0] Fifth Anniversary Ring";"";"";"";"";"";"";""
"Other";"";"";"Fifth-Year Stallion";"SKIN_HORSE_ANNIVERSARY_2022";"[T0] Fifth-Year Stallion";"";"";"";"";"";"";""
"Other";"";"";"Fine Cloth";"T4_CLOTH";"[T4] Fine Cloth";"";"";"";"";"";"";""
"Other";"";"";"Fine Dawnfeather";"T5_ALCHEMY_RARE_EAGLE";"[T5] Fine Dawnfeather";"";"";"";"";"";"";""
"Other";"";"";"Fine Flax Trophy";"T3_FURNITUREITEM_TROPHY_FIBER";"[T3] Fine Flax Trophy";"";"";"";"";"";"";""
"Other";"";"";"Fine Imp's Horn";"T5_ALCHEMY_RARE_IMP";"[T5] Fine Imp's Horn";"";"";"";"";"";"";""
"Other";"";"";"Fine Runestone Tooth";"T5_ALCHEMY_RARE_ELEMENTAL";"[T5] Fine Runestone Tooth";"";"";"";"";"";"";""
"Other";"";"";"Fine Shadow Claws";"T5_ALCHEMY_RARE_PANTHER";"[T5] Fine Shadow Claws";"";"";"";"";"";"";""
"Other";"";"";"Fine Spirit Paws";"T5_ALCHEMY_RARE_DIREBEAR";"[T5] Fine Spirit Paws";"";"";"";"";"";"";""
"Other";"";"";"Fine Sunflax Trophy";"T7_FURNITUREITEM_TROPHY_FIBER";"[T7] Fine Sunflax Trophy";"";"";"";"";"";"";""
"Other";"";"";"Fine Sylvian Root";"T5_ALCHEMY_RARE_ENT";"[T5] Fine Sylvian Root";"";"";"";"";"";"";""
"Other";"";"";"Fine Werewolf Fangs";"T5_ALCHEMY_RARE_WEREWOLF";"[T5] Fine Werewolf Fangs";"";"";"";"";"";"";""
"Other";"";"";"Fire bowl";"PLAYERISLAND_FURNITUREITEM_STONE_FIREBOWL_A";"[T0] Fire bowl";"";"";"";"";"";"";""
"Other";"";"";"Fire bowl with pedestal";"PLAYERISLAND_FURNITUREITEM_STONE_FIREBOWL_B";"[T0] Fire bowl with pedestal";"";"";"";"";"";"";""
"Other";"";"";"Firetouched Mullein";"T7_MULLEIN";"[T7] Firetouched Mullein";"";"";"";"";"";"";""
"Other";"";"";"Firetouched Mullein Seeds";"T7_FARM_MULLEIN_SEED";"[T7] Firetouched Mullein Seeds";"";"";"";"";"";"";""
"Other";"";"";"Fish line";"PLAYERISLAND_FURNITUREITEM_WOOD_FISH_A";"[T0] Fish line";"";"";"";"";"";"";""
"Other";"";"";"Fisherman Backpack";"T4_BACKPACK_GATHERER_FISH";"[T4] Adept's Fisherman Backpack";"";"";"";"";"";"";""
"Other";"";"";"Flambeau (Disciples of Morgana)";"UNIQUE_FURNITUREITEM_MORGANA_TORCH_A";"[T0] Flambeau (Disciples of Morgana)";"";"";"";"";"";"";""
"Other";"";"";"Flame Basilisk";"T7_MOUNT_SWAMPDRAGON_BATTLE";"[T7] Flame Basilisk";"";"";"";"";"";"";""
"Other";"";"";"Flamebeast";"SKIN_COUGAR_FIREMAGE";"[T0] Flamebeast";"";"";"";"";"";"";""
"Other";"";"";"Flatshore Plaice";"T3_FISH_SALTWATER_ALL_COMMON";"[T3] Flatshore Plaice";"";"";"";"";"";"";""
"Other";"";"";"Flax";"T3_FIBER";"[T3] Flax";"";"";"";"";"";"";""
"Other";"";"";"Flour";"T3_FLOUR";"[T3] Flour";"";"";"";"";"";"";""
"Other";"";"";"Flower vase";"PLAYERISLAND_FURNITUREITEM_VEGETATION_FLOWER_A";"[T0] Flower vase";"";"";"";"";"";"";""
"Other";"";"";"Foal";"T3_FARM_HORSE_BABY";"[T3] Journeyman's Foal";"";"";"";"";"";"";""
"Other";"";"";"Focus Restoration Potion";"T3_FOCUSPOTION_NONTRADABLE";"[T3] Journeyman's Focus Restoration Potion";"";"";"";"";"";"";""
"Other";"";"";"Foglands Doe";"SKIN_GIANTSTAG_MIST_DEER_TELLAFRIEND";"[T0] Foglands Doe";"";"";"";"";"";"";""
"Other";"";"";"Fool's Golden Egg";"QUESTITEM_TOKEN_EVENT_EASTER_2018";"[T0] Fool's Golden Egg";"";"";"";"";"";"";""
"Other";"";"";"Fortified Leather";"T8_LEATHER";"[T8] Fortified Leather";"";"";"";"";"";"";""
"Other";"";"";"Founder's Certificate";"UNIQUE_FURNITUREITEM_FOUNDER_CERTIFICATE";"[T0] Founder's Certificate";"";"";"";"";"";"";""
"Other";"";"";"Founder's Statue";"UNIQUE_FURNITUREITEM_FOUNDER_STATUE";"[T0] Founder's Statue";"";"";"";"";"";"";""
"Other";"";"";"Fountain of Decadence";"PLAYERISLAND_FURNITUREITEM_NOBLE_FOUNTAIN_A";"[T0] Fountain of Decadence";"";"";"";"";"";"";""
"Other";"";"";"Friendly Pumpkin Lantern";"UNIQUE_FURNITUREITEM_ADC_HALLOWEEN_PUMPKIN_LANTERN_B";"[T0] Friendly Pumpkin Lantern";"";"";"";"";"";"";""
"Other";"";"";"Frost Challenge Chest";"UNIQUE_LOOTCHEST_ADC_JAN2019";"[T0] Frost Challenge Chest";"";"";"";"";"";"";""
"Other";"";"";"Frost Igloo";"UNIQUE_FURNITUREITEM_ADC_FROST_IGLOO";"[T0] Frost Igloo";"";"";"";"";"";"";""
"Other";"";"";"Frost Knight's Warhorse";"SKIN_ARMORED_HORSE_FROSTKNIGHT";"[T0] Frost Knight's Warhorse";"";"";"";"";"";"";""
"Other";"";"";"Frost Moose";"SKIN_GIANTSTAG_ICE_MOOSE_TELLAFRIEND";"[T0] Frost Moose";"";"";"";"";"";"";""
"Other";"";"";"Frost Ram";"T6_MOUNT_FROSTRAM_ADC";"[T6] Frost Ram";"";"";"";"";"";"";""
"Other";"";"";"Frost Snowman";"UNIQUE_FURNITUREITEM_ADC_FROST_SNOWMAN";"[T0] Frost Snowman";"";"";"";"";"";"";""
"Other";"";"";"Frostbeast";"SKIN_COUGAR_FROSTMAGE";"[T0] Frostbeast";"";"";"";"";"";"";""
"Other";"";"";"Frostpeak Deadeye";"T7_FISH_FRESHWATER_MOUNTAIN_RARE";"[T7] Frostpeak Deadeye";"";"";"";"";"";"";""
"Other";"";"";"Frostpeak Deadeye Pie";"T7_MEAL_PIE_FISH";"[T7] Frostpeak Deadeye Pie";"";"";"";"";"";"";""
"Other";"";"";"Fruit tree";"PLAYERISLAND_FURNITUREITEM_VEGETATION_TREE_DOMESTIC_B";"[T0] Fruit tree";"";"";"";"";"";"";""
"Other";"";"";"Gallant Horse";"UNIQUE_MOUNT_GIANT_HORSE_ADC";"[T0] Gallant Horse";"";"";"";"";"";"";""
"Other";"";"";"Gatherer's Avatar";"UNIQUE_AVATAR_AJ_GATHERING_01";"[T0] Gatherer's Avatar";"";"";"";"";"";"";""
"Other";"";"";"Gatherer's Avatar Ring";"UNIQUE_AVATARRING_AJ_GATHERING_01";"[T0] Gatherer's Avatar Ring";"";"";"";"";"";"";""
"Other";"";"";"Gathering Potion";"T6_POTION_GATHER";"[T6] Gathering Potion";"";"";"";"";"";"";""
"Other";"";"";"Generalist Trophy Journal (Empty)";"T2_JOURNAL_TROPHY_GENERAL_EMPTY";"[T2] Novice's Generalist Trophy Journal (Empty)";"";"";"";"";"";"";""
"Other";"";"";"Generalist Trophy Journal (Full)";"T2_JOURNAL_TROPHY_GENERAL_FULL";"[T2] Novice's Generalist Trophy Journal (Full)";"";"";"";"";"";"";""
"Other";"";"";"Generalist Trophy Journal (Partially Full)";"T2_JOURNAL_TROPHY_GENERAL";"[T2] Novice's Generalist Trophy Journal (Partially Full)";"";"";"";"";"";"";""
"Other";"";"";"Ghost Hemp";"T8_FIBER";"[T8] Ghost Hemp";"";"";"";"";"";"";""
"Other";"";"";"Ghost Victory Emote Charge";"T1_KILL_EMOTE_GHOST_CHARGES_NONTRADABLE";"[T1] Ghost Victory Emote Charge";"";"";"";"";"";"";""
"Other";"";"";"Ghostwolf";"SKIN_DIREWOLF_WHITE";"[T0] Ghostwolf";"";"";"";"";"";"";""
"Other";"";"";"Ghostwolf Pup";"T8_FARM_DIREWOLF_BABY";"[T8] Ghostwolf Pup";"";"";"";"";"";"";""
"Other";"";"";"Ghoul Yarrow";"T8_YARROW";"[T8] Ghoul Yarrow";"";"";"";"";"";"";""
"Other";"";"";"Ghoul Yarrow Seeds";"T8_FARM_YARROW_SEED";"[T8] Ghoul Yarrow Seeds";"";"";"";"";"";"";""
"Other";"";"";"Giant Stag";"SKIN_GIANTSTAG_WHITE";"[T0] Master's Giant Stag";"";"";"";"";"";"";""
"Other";"";"";"Gigantify Potion";"T5_POTION_REVIVE";"[T5] Gigantify Potion";"";"";"";"";"";"";""
"Other";"";"";"Glass Sphere";"UNIQUE_FURNITUREITEM_ADC_GLASS_SPHERE_A";"[T0] Glass Sphere";"";"";"";"";"";"";""
"Other";"";"";"Globus Cruciger";"TREASURE_CEREMONIAL_RARITY2";"[T0] Globus Cruciger";"";"";"";"";"";"";""
"Other";"";"";"Glorious Arena Display";"UNIQUE_FURNITUREITEM_VANITY_ARENA_BANNER_03";"[T0] Glorious Arena Display";"";"";"";"";"";"";""
"Other";"";"";"Goat";"T4_FARM_GOAT_GROWN";"[T4] Goat";"";"";"";"";"";"";""
"Other";"";"";"Goat Sandwich";"T4_MEAL_SANDWICH";"[T4] Goat Sandwich";"";"";"";"";"";"";""
"Other";"";"";"Goat Stew";"T4_MEAL_STEW";"[T4] Goat Stew";"";"";"";"";"";"";""
"Other";"";"";"Goat's Butter";"T4_BUTTER";"[T4] Goat's Butter";"";"";"";"";"";"";""
"Other";"";"";"Goat's Milk";"T4_MILK";"[T4] Goat's Milk";"";"";"";"";"";"";""
"Other";"";"";"Gold Ancient Ent";"UNIQUE_MOUNT_ENT_GOLD";"[T0] Gold Ancient Ent";"";"";"";"";"";"";""
"Other";"";"";"Gold Avatar - Season 14";"UNIQUE_AVATAR_GVGSEASON_14_GOLD_SINGLE";"[T0] Gold Avatar - Season 14";"";"";"";"";"";"";""
"Other";"";"";"Gold Avatar - Season 15";"UNIQUE_AVATAR_GVGSEASON_15_GOLD_SINGLE";"[T0] Gold Avatar - Season 15";"";"";"";"";"";"";""
"Other";"";"";"Gold Avatar - Season 16";"UNIQUE_AVATAR_GVGSEASON_16_GOLD_SINGLE";"[T0] Gold Avatar - Season 16";"";"";"";"";"";"";""
"Other";"";"";"Gold Avatar - Season 17";"UNIQUE_AVATAR_GVGSEASON_17_GOLD_SINGLE";"[T0] Gold Avatar - Season 17";"";"";"";"";"";"";""
"Other";"";"";"Gold Avatar - Season 18";"UNIQUE_AVATAR_GVGSEASON_18_GOLD_SINGLE";"[T0] Gold Avatar - Season 18";"";"";"";"";"";"";""
"Other";"";"";"Gold Avatar - Season 19";"UNIQUE_AVATAR_GVGSEASON_19_GOLD_SINGLE";"[T0] Gold Avatar - Season 19";"";"";"";"";"";"";""
"Other";"";"";"Gold Avatar - Season 20";"UNIQUE_AVATAR_GVGSEASON_20_GOLD_SINGLE";"[T0] Gold Avatar - Season 20";"";"";"";"";"";"";""
"Other";"";"";"Gold Avatar - Season 21";"UNIQUE_AVATAR_GVGSEASON_21_GOLD_SINGLE";"[T0] Gold Avatar - Season 21";"";"";"";"";"";"";""
"Other";"";"";"Gold Avatar - Season 22";"UNIQUE_AVATAR_GVGSEASON_22_GOLD_SINGLE";"[T0] Gold Avatar - Season 22";"";"";"";"";"";"";""
"Other";"";"";"Gold Avatar - Season 23";"UNIQUE_AVATAR_GVGSEASON_23_GOLD_SINGLE";"[T0] Gold Avatar - Season 23";"";"";"";"";"";"";""
"Other";"";"";"Gold Avatar - Season 24";"UNIQUE_AVATAR_GVGSEASON_24_GOLD_SINGLE";"[T0] Gold Avatar - Season 24";"";"";"";"";"";"";""
"Other";"";"";"Gold Avatar - Season 25";"UNIQUE_AVATAR_GVGSEASON_25_GOLD_SINGLE";"[T0] Gold Avatar - Season 25";"";"";"";"";"";"";""
"Other";"";"";"Gold Avatar - Season 26";"UNIQUE_AVATAR_GVGSEASON_26_GOLD_SINGLE";"[T0] Gold Avatar - Season 26";"";"";"";"";"";"";""
"Other";"";"";"Gold Avatar - Season 27";"UNIQUE_AVATAR_GVGSEASON_27_GOLD_SINGLE";"[T0] Gold Avatar - Season 27";"";"";"";"";"";"";""
"Other";"";"";"Gold Avatar - Season 28";"UNIQUE_AVATAR_GVGSEASON_28_GOLD_SINGLE";"[T0] Gold Avatar - Season 28";"";"";"";"";"";"";""
"Other";"";"";"Gold Avatar - Season 29";"UNIQUE_AVATAR_GVGSEASON_29_GOLD_SINGLE";"[T0] Gold Avatar - Season 29";"";"";"";"";"";"";""
"Other";"";"";"Gold Battle Eagle";"UNIQUE_MOUNT_ARMORED_EAGLE_GOLD";"[T0] Gold Battle Eagle";"";"";"";"";"";"";""
"Other";"";"";"Gold Battle Mount Chest";"UNIQUE_LOOTCHEST_BATTLEMOUNT_GOLD";"[T0] Gold Battle Mount Chest";"";"";"";"";"";"";""
"Other";"";"";"Gold Battle Rhino";"UNIQUE_MOUNT_RHINO_SEASON_GOLD";"[T0] Gold Battle Rhino";"";"";"";"";"";"";""
"Other";"";"";"Gold Behemoth";"UNIQUE_MOUNT_BEHEMOTH_GOLD";"[T0] Gold Behemoth";"";"";"";"";"";"";""
"Other";"";"";"Gold Campaign Chest: Bridgewatch";"UNIQUE_LOOTCHEST_FACTIONCAMPAIGN_REWARD_STEPPE_04";"[T0] Gold Campaign Chest: Bridgewatch";"";"";"";"";"";"";""
"Other";"";"";"Gold Campaign Chest: Caerleon";"UNIQUE_LOOTCHEST_FACTIONCAMPAIGN_REWARD_CAERLEON_04";"[T0] Gold Campaign Chest: Caerleon";"";"";"";"";"";"";""
"Other";"";"";"Gold Campaign Chest: Fort Sterling";"UNIQUE_LOOTCHEST_FACTIONCAMPAIGN_REWARD_MOUNTAIN_04";"[T0] Gold Campaign Chest: Fort Sterling";"";"";"";"";"";"";""
"Other";"";"";"Gold Campaign Chest: Lymhurst";"UNIQUE_LOOTCHEST_FACTIONCAMPAIGN_REWARD_FOREST_04";"[T0] Gold Campaign Chest: Lymhurst";"";"";"";"";"";"";""
"Other";"";"";"Gold Campaign Chest: Martlock";"UNIQUE_LOOTCHEST_FACTIONCAMPAIGN_REWARD_HIGHLAND_04";"[T0] Gold Campaign Chest: Martlock";"";"";"";"";"";"";""
"Other";"";"";"Gold Campaign Chest: Thetford";"UNIQUE_LOOTCHEST_FACTIONCAMPAIGN_REWARD_SWAMP_04";"[T0] Gold Campaign Chest: Thetford";"";"";"";"";"";"";""
"Other";"";"";"Gold Colossus Beetle";"UNIQUE_MOUNT_BEETLE_GOLD";"[T0] Gold Colossus Beetle";"";"";"";"";"";"";""
"Other";"";"";"Gold Founder's Certificate";"UNIQUE_FURNITUREITEM_ASIA_FOUNDER_CERTIFICATE_GOLD";"[T0] Gold Founder's Certificate";"";"";"";"";"";"";""
"Other";"";"";"Gold Gathering Statue";"UNIQUE_FURNITUREITEM_BETAREWARD_GATHERING_GOLD";"[T0] Gold Gathering Statue";"";"";"";"";"";"";""
"Other";"";"";"Gold Goliath Horseeater";"UNIQUE_MOUNT_BATTLESPIDER_GOLD";"[T0] Gold Goliath Horseeater";"";"";"";"";"";"";""
"Other";"";"";"Gold Juggernaut";"UNIQUE_MOUNT_JUGGERNAUT_GOLD";"[T0] Gold Juggernaut";"";"";"";"";"";"";""
"Other";"";"";"Gold Monster Slayer Statue";"UNIQUE_FURNITUREITEM_BETAREWARD_PVE_GOLD";"[T0] Gold Monster Slayer Statue";"";"";"";"";"";"";""
"Other";"";"";"Gold Phalanx Beetle";"UNIQUE_MOUNT_TANKBEETLE_GOLD";"[T0] Gold Phalanx Beetle";"";"";"";"";"";"";""
"Other";"";"";"Gold Roving Bastion";"UNIQUE_MOUNT_BASTION_GOLD";"[T0] Gold Roving Bastion";"";"";"";"";"";"";""
"Other";"";"";"Gold Tower Chariot";"UNIQUE_MOUNT_TOWER_CHARIOT_GOLD";"[T0] Gold Tower Chariot";"";"";"";"";"";"";""
"Other";"";"";"Gold Trader Statue";"UNIQUE_FURNITUREITEM_BETAREWARD_SILVER_GOLD";"[T0] Gold Trader Statue";"";"";"";"";"";"";""
"Other";"";"";"Golden Crown";"TREASURE_CEREMONIAL_RARITY3";"[T0] Golden Crown";"";"";"";"";"";"";""
"Other";"";"";"Golden Frame";"TREASURE_AVALON_RARITY1";"[T0] Golden Frame";"";"";"";"";"";"";""
"Other";"";"";"Golden Gyroscope";"TREASURE_AVALON_RARITY2";"[T0] Golden Gyroscope";"";"";"";"";"";"";""
"Other";"";"";"Golden Sextant";"TREASURE_AVALON_RARITY3";"[T0] Golden Sextant";"";"";"";"";"";"";""
"Other";"";"";"Goldmane Pegasus";"SKIN_HORSE_PEGASUS_TWILIGHT";"[T0] Goldmane Pegasus";"";"";"";"";"";"";""
"Other";"";"";"Goose";"T5_FARM_GOOSE_GROWN";"[T5] Goose";"";"";"";"";"";"";""
"Other";"";"";"Goose Eggs";"T5_EGG";"[T5] Goose Eggs";"";"";"";"";"";"";""
"Other";"";"";"Goose Omelette";"T5_MEAL_OMELETTE";"[T5] Goose Omelette";"";"";"";"";"";"";""
"Other";"";"";"Goose Pie";"T5_MEAL_PIE";"[T5] Goose Pie";"";"";"";"";"";"";""
"Other";"";"";"Gosling";"T5_FARM_GOOSE_BABY";"[T5] Gosling";"";"";"";"";"";"";""
"Other";"";"";"Grand Arena Display";"UNIQUE_FURNITUREITEM_VANITY_ARENA_BANNER_02";"[T0] Grand Arena Display";"";"";"";"";"";"";""
"Other";"";"";"Grand Conqueror's Chest";"UNIQUE_LOOTCHEST_CONQUEROR_WEEKLY_REWARD";"[T0] Grand Conqueror's Chest";"";"";"";"";"";"";""
"Other";"";"";"Grandmaster Animal Skinner Tome";"T7_SKILLBOOK_GATHER_HIDE";"[T7] Grandmaster Animal Skinner Tome";"";"";"";"";"";"";""
"Other";"";"";"Grandmaster Blacksmith Contract";"T7_LABOURER_CONTRACT_WARRIOR";"[T7] Grandmaster Blacksmith Contract";"";"";"";"";"";"";""
"Other";"";"";"Grandmaster Blacksmith's Journal (Empty)";"T7_JOURNAL_WARRIOR_EMPTY";"[T7] Grandmaster Blacksmith's Journal (Empty)";"";"";"";"";"";"";""
"Other";"";"";"Grandmaster Blacksmith's Journal (Full)";"T7_JOURNAL_WARRIOR_FULL";"[T7] Grandmaster Blacksmith's Journal (Full)";"";"";"";"";"";"";""
"Other";"";"";"Grandmaster Blacksmith's Journal (Partially Full)";"T7_JOURNAL_WARRIOR";"[T7] Grandmaster Blacksmith's Journal (Partially Full)";"";"";"";"";"";"";""
"Other";"";"";"Grandmaster Cropper Contract";"T7_LABOURER_CONTRACT_FIBER";"[T7] Grandmaster Cropper Contract";"";"";"";"";"";"";""
"Other";"";"";"Grandmaster Cropper's Journal (Empty)";"T7_JOURNAL_FIBER_EMPTY";"[T7] Grandmaster Cropper's Journal (Empty)";"";"";"";"";"";"";""
"Other";"";"";"Grandmaster Cropper's Journal (Full)";"T7_JOURNAL_FIBER_FULL";"[T7] Grandmaster Cropper's Journal (Full)";"";"";"";"";"";"";""
"Other";"";"";"Grandmaster Cropper's Journal (Partially Full)";"T7_JOURNAL_FIBER";"[T7] Grandmaster Cropper's Journal (Partially Full)";"";"";"";"";"";"";""
"Other";"";"";"Grandmaster Cropper's Trophy Journal (Empty)";"T7_JOURNAL_TROPHY_FIBER_EMPTY";"[T7] Grandmaster Cropper's Trophy Journal (Empty)";"";"";"";"";"";"";""
"Other";"";"";"Grandmaster Cropper's Trophy Journal (Full)";"T7_JOURNAL_TROPHY_FIBER_FULL";"[T7] Grandmaster Cropper's Trophy Journal (Full)";"";"";"";"";"";"";""
"Other";"";"";"Grandmaster Cropper's Trophy Journal (Partially Full)";"T7_JOURNAL_TROPHY_FIBER";"[T7] Grandmaster Cropper's Trophy Journal (Partially Full)";"";"";"";"";"";"";""
"Other";"";"";"Grandmaster Fiber Harvester Tome";"T7_SKILLBOOK_GATHER_FIBER";"[T7] Grandmaster Fiber Harvester Tome";"";"";"";"";"";"";""
"Other";"";"";"Grandmaster Fisherman Contract";"T7_LABOURER_CONTRACT_FISHERMAN";"[T7] Grandmaster Fisherman Contract";"";"";"";"";"";"";""
"Other";"";"";"Grandmaster Fisherman's Journal (Empty)";"T7_JOURNAL_FISHING_EMPTY";"[T7] Grandmaster Fisherman's Journal (Empty)";"";"";"";"";"";"";""
"Other";"";"";"Grandmaster Fisherman's Journal (Full)";"T7_JOURNAL_FISHING_FULL";"[T7] Grandmaster Fisherman's Journal (Full)";"";"";"";"";"";"";""
"Other";"";"";"Grandmaster Fisherman's Journal (Partially Full)";"T7_JOURNAL_FISHING";"[T7] Grandmaster Fisherman's Journal (Partially Full)";"";"";"";"";"";"";""
"Other";"";"";"Grandmaster Fisherman's Trophy Journal (Empty)";"T7_JOURNAL_TROPHY_FISHING_EMPTY";"[T7] Grandmaster Fisherman's Trophy Journal (Empty)";"";"";"";"";"";"";""
"Other";"";"";"Grandmaster Fisherman's Trophy Journal (Full)";"T7_JOURNAL_TROPHY_FISHING_FULL";"[T7] Grandmaster Fisherman's Trophy Journal (Full)";"";"";"";"";"";"";""
"Other";"";"";"Grandmaster Fisherman's Trophy Journal (Partially Full)";"T7_JOURNAL_TROPHY_FISHING";"[T7] Grandmaster Fisherman's Trophy Journal (Partially Full)";"";"";"";"";"";"";""
"Other";"";"";"Grandmaster Fletcher Contract";"T7_LABOURER_CONTRACT_HUNTER";"[T7] Grandmaster Fletcher Contract";"";"";"";"";"";"";""
"Other";"";"";"Grandmaster Fletcher's Journal (Empty)";"T7_JOURNAL_HUNTER_EMPTY";"[T7] Grandmaster Fletcher's Journal (Empty)";"";"";"";"";"";"";""
"Other";"";"";"Grandmaster Fletcher's Journal (Full)";"T7_JOURNAL_HUNTER_FULL";"[T7] Grandmaster Fletcher's Journal (Full)";"";"";"";"";"";"";""
"Other";"";"";"Grandmaster Fletcher's Journal (Partially Full)";"T7_JOURNAL_HUNTER";"[T7] Grandmaster Fletcher's Journal (Partially Full)";"";"";"";"";"";"";""
"Other";"";"";"Grandmaster Gamekeeper Contract";"T7_LABOURER_CONTRACT_HIDE";"[T7] Grandmaster Gamekeeper Contract";"";"";"";"";"";"";""
"Other";"";"";"Grandmaster Gamekeeper's Journal (Empty)";"T7_JOURNAL_HIDE_EMPTY";"[T7] Grandmaster Gamekeeper's Journal (Empty)";"";"";"";"";"";"";""
"Other";"";"";"Grandmaster Gamekeeper's Journal (Full)";"T7_JOURNAL_HIDE_FULL";"[T7] Grandmaster Gamekeeper's Journal (Full)";"";"";"";"";"";"";""
"Other";"";"";"Grandmaster Gamekeeper's Journal (Partially Full)";"T7_JOURNAL_HIDE";"[T7] Grandmaster Gamekeeper's Journal (Partially Full)";"";"";"";"";"";"";""
"Other";"";"";"Grandmaster Gamekeeper's Trophy Journal (Empty)";"T7_JOURNAL_TROPHY_HIDE_EMPTY";"[T7] Grandmaster Gamekeeper's Trophy Journal (Empty)";"";"";"";"";"";"";""
"Other";"";"";"Grandmaster Gamekeeper's Trophy Journal (Full)";"T7_JOURNAL_TROPHY_HIDE_FULL";"[T7] Grandmaster Gamekeeper's Trophy Journal (Full)";"";"";"";"";"";"";""
"Other";"";"";"Grandmaster Gamekeeper's Trophy Journal (Partially Full)";"T7_JOURNAL_TROPHY_HIDE";"[T7] Grandmaster Gamekeeper's Trophy Journal (Partially Full)";"";"";"";"";"";"";""
"Other";"";"";"Grandmaster Imbuer Contract";"T7_LABOURER_CONTRACT_MAGE";"[T7] Grandmaster Imbuer Contract";"";"";"";"";"";"";""
"Other";"";"";"Grandmaster Imbuer's Journal (Empty)";"T7_JOURNAL_MAGE_EMPTY";"[T7] Grandmaster Imbuer's Journal (Empty)";"";"";"";"";"";"";""
"Other";"";"";"Grandmaster Imbuer's Journal (Full)";"T7_JOURNAL_MAGE_FULL";"[T7] Grandmaster Imbuer's Journal (Full)";"";"";"";"";"";"";""
"Other";"";"";"Grandmaster Imbuer's Journal (Partially Full)";"T7_JOURNAL_MAGE";"[T7] Grandmaster Imbuer's Journal (Partially Full)";"";"";"";"";"";"";""
"Other";"";"";"Grandmaster Lumberjack Contract";"T7_LABOURER_CONTRACT_WOOD";"[T7] Grandmaster Lumberjack Contract";"";"";"";"";"";"";""
"Other";"";"";"Grandmaster Lumberjack Tome";"T7_SKILLBOOK_GATHER_WOOD";"[T7] Grandmaster Lumberjack Tome";"";"";"";"";"";"";""
"Other";"";"";"Grandmaster Lumberjack's Journal (Empty)";"T7_JOURNAL_WOOD_EMPTY";"[T7] Grandmaster Lumberjack's Journal (Empty)";"";"";"";"";"";"";""
"Other";"";"";"Grandmaster Lumberjack's Journal (Full)";"T7_JOURNAL_WOOD_FULL";"[T7] Grandmaster Lumberjack's Journal (Full)";"";"";"";"";"";"";""
"Other";"";"";"Grandmaster Lumberjack's Journal (Partially Full)";"T7_JOURNAL_WOOD";"[T7] Grandmaster Lumberjack's Journal (Partially Full)";"";"";"";"";"";"";""
"Other";"";"";"Grandmaster Lumberjack's Trophy Journal (Empty)";"T7_JOURNAL_TROPHY_WOOD_EMPTY";"[T7] Grandmaster Lumberjack's Trophy Journal (Empty)";"";"";"";"";"";"";""
"Other";"";"";"Grandmaster Lumberjack's Trophy Journal (Full)";"T7_JOURNAL_TROPHY_WOOD_FULL";"[T7] Grandmaster Lumberjack's Trophy Journal (Full)";"";"";"";"";"";"";""
"Other";"";"";"Grandmaster Lumberjack's Trophy Journal (Partially Full)";"T7_JOURNAL_TROPHY_WOOD";"[T7] Grandmaster Lumberjack's Trophy Journal (Partially Full)";"";"";"";"";"";"";""
"Other";"";"";"Grandmaster Mercenary Contract";"T7_LABOURER_CONTRACT_MERCENARY";"[T7] Grandmaster Mercenary Contract";"";"";"";"";"";"";""
"Other";"";"";"Grandmaster Mercenary's Journal (Empty)";"T7_JOURNAL_MERCENARY_EMPTY";"[T7] Grandmaster Mercenary's Journal (Empty)";"";"";"";"";"";"";""
"Other";"";"";"Grandmaster Mercenary's Journal (Full)";"T7_JOURNAL_MERCENARY_FULL";"[T7] Grandmaster Mercenary's Journal (Full)";"";"";"";"";"";"";""
"Other";"";"";"Grandmaster Mercenary's Journal (Partially Full)";"T7_JOURNAL_MERCENARY";"[T7] Grandmaster Mercenary's Journal (Partially Full)";"";"";"";"";"";"";""
"Other";"";"";"Grandmaster Mercenary's Trophy";"T7_FURNITUREITEM_TROPHY_MERCENARY";"[T7] Grandmaster Mercenary's Trophy";"";"";"";"";"";"";""
"Other";"";"";"Grandmaster Mercenary's Trophy Journal (Empty)";"T7_JOURNAL_TROPHY_MERCENARY_EMPTY";"[T7] Grandmaster Mercenary's Trophy Journal (Empty)";"";"";"";"";"";"";""
"Other";"";"";"Grandmaster Mercenary's Trophy Journal (Full)";"T7_JOURNAL_TROPHY_MERCENARY_FULL";"[T7] Grandmaster Mercenary's Trophy Journal (Full)";"";"";"";"";"";"";""
"Other";"";"";"Grandmaster Mercenary's Trophy Journal (Partially Full)";"T7_JOURNAL_TROPHY_MERCENARY";"[T7] Grandmaster Mercenary's Trophy Journal (Partially Full)";"";"";"";"";"";"";""
"Other";"";"";"Grandmaster Ore Miner Tome";"T7_SKILLBOOK_GATHER_ORE";"[T7] Grandmaster Ore Miner Tome";"";"";"";"";"";"";""
"Other";"";"";"Grandmaster Prospector Contract";"T7_LABOURER_CONTRACT_ORE";"[T7] Grandmaster Prospector Contract";"";"";"";"";"";"";""
"Other";"";"";"Grandmaster Prospector's Journal (Empty)";"T7_JOURNAL_ORE_EMPTY";"[T7] Grandmaster Prospector's Journal (Empty)";"";"";"";"";"";"";""
"Other";"";"";"Grandmaster Prospector's Journal (Full)";"T7_JOURNAL_ORE_FULL";"[T7] Grandmaster Prospector's Journal (Full)";"";"";"";"";"";"";""
"Other";"";"";"Grandmaster Prospector's Journal (Partially Full)";"T7_JOURNAL_ORE";"[T7] Grandmaster Prospector's Journal (Partially Full)";"";"";"";"";"";"";""
"Other";"";"";"Grandmaster Prospector's Trophy Journal (Empty)";"T7_JOURNAL_TROPHY_ORE_EMPTY";"[T7] Grandmaster Prospector's Trophy Journal (Empty)";"";"";"";"";"";"";""
"Other";"";"";"Grandmaster Prospector's Trophy Journal (Full)";"T7_JOURNAL_TROPHY_ORE_FULL";"[T7] Grandmaster Prospector's Trophy Journal (Full)";"";"";"";"";"";"";""
"Other";"";"";"Grandmaster Prospector's Trophy Journal (Partially Full)";"T7_JOURNAL_TROPHY_ORE";"[T7] Grandmaster Prospector's Trophy Journal (Partially Full)";"";"";"";"";"";"";""
"Other";"";"";"Grandmaster Quarrier Tome";"T7_SKILLBOOK_GATHER_ROCK";"[T7] Grandmaster Quarrier Tome";"";"";"";"";"";"";""
"Other";"";"";"Grandmaster Stonecutter Contract";"T7_LABOURER_CONTRACT_STONE";"[T7] Grandmaster Stonecutter Contract";"";"";"";"";"";"";""
"Other";"";"";"Grandmaster Stonecutter's Journal (Empty)";"T7_JOURNAL_STONE_EMPTY";"[T7] Grandmaster Stonecutter's Journal (Empty)";"";"";"";"";"";"";""
"Other";"";"";"Grandmaster Stonecutter's Journal (Full)";"T7_JOURNAL_STONE_FULL";"[T7] Grandmaster Stonecutter's Journal (Full)";"";"";"";"";"";"";""
"Other";"";"";"Grandmaster Stonecutter's Journal (Partially Full)";"T7_JOURNAL_STONE";"[T7] Grandmaster Stonecutter's Journal (Partially Full)";"";"";"";"";"";"";""
"Other";"";"";"Grandmaster Stonecutter's Trophy Journal (Empty)";"T7_JOURNAL_TROPHY_STONE_EMPTY";"[T7] Grandmaster Stonecutter's Trophy Journal (Empty)";"";"";"";"";"";"";""
"Other";"";"";"Grandmaster Stonecutter's Trophy Journal (Full)";"T7_JOURNAL_TROPHY_STONE_FULL";"[T7] Grandmaster Stonecutter's Trophy Journal (Full)";"";"";"";"";"";"";""
"Other";"";"";"Grandmaster Stonecutter's Trophy Journal (Partially Full)";"T7_JOURNAL_TROPHY_STONE";"[T7] Grandmaster Stonecutter's Trophy Journal (Partially Full)";"";"";"";"";"";"";""
"Other";"";"";"Grandmaster Tinker Contract";"T7_LABOURER_CONTRACT_TOOLMAKER";"[T7] Grandmaster Tinker Contract";"";"";"";"";"";"";""
"Other";"";"";"Grandmaster Tinker's Journal (Empty)";"T7_JOURNAL_TOOLMAKER_EMPTY";"[T7] Grandmaster Tinker's Journal (Empty)";"";"";"";"";"";"";""
"Other";"";"";"Grandmaster Tinker's Journal (Full)";"T7_JOURNAL_TOOLMAKER_FULL";"[T7] Grandmaster Tinker's Journal (Full)";"";"";"";"";"";"";""
"Other";"";"";"Grandmaster Tinker's Journal (Partially Full)";"T7_JOURNAL_TOOLMAKER";"[T7] Grandmaster Tinker's Journal (Partially Full)";"";"";"";"";"";"";""
"Other";"";"";"Granite";"T5_ROCK";"[T5] Granite";"";"";"";"";"";"";""
"Other";"";"";"Granite Block";"T5_STONEBLOCK";"[T5] Granite Block";"";"";"";"";"";"";""
"Other";"";"";"Granite Fragment";"T5_FURNITUREITEM_TROPHY_ROCK";"[T5] Granite Fragment";"";"";"";"";"";"";""
"Other";"";"";"Green Chimera";"SKIN_HORSE_QUESTING_BEAST_GREEN";"[T0] Green Chimera";"";"";"";"";"";"";""
"Other";"";"";"Green Knight's Armored Horse";"SKIN_ARMORED_HORSE_KNIGHT_GREEN";"[T0] Green Knight's Armored Horse";"";"";"";"";"";"";""
"Other";"";"";"Greenmoor Clam";"T3_FISH_FRESHWATER_SWAMP_RARE";"[T3] Greenmoor Clam";"";"";"";"";"";"";""
"Other";"";"";"Greenmoor Clam Soup";"T1_MEAL_SOUP_FISH";"[T1] Greenmoor Clam Soup";"";"";"";"";"";"";""
"Other";"";"";"Greenriver Eel";"T3_FISH_FRESHWATER_FOREST_RARE";"[T3] Greenriver Eel";"";"";"";"";"";"";""
"Other";"";"";"Greenriver Eel Stew";"T4_MEAL_STEW_FISH";"[T4] Greenriver Eel Stew";"";"";"";"";"";"";""
"Other";"";"";"Grilled Fish";"T1_MEAL_GRILLEDFISH";"[T1] Grilled Fish";"";"";"";"";"";"";""
"Other";"";"";"Grim Challenge Chest";"UNIQUE_LOOTCHEST_ADC_NOV2018";"[T0] Grim Challenge Chest";"";"";"";"";"";"";""
"Other";"";"";"Grim Gravestone";"UNIQUE_FURNITUREITEM_ADC_GRIM_HEADSTONE";"[T0] Grim Gravestone";"";"";"";"";"";"";""
"Other";"";"";"Grim Lantern";"UNIQUE_FURNITUREITEM_ADC_GRIM_LANTERN";"[T0] Grim Lantern";"";"";"";"";"";"";""
"Other";"";"";"Grizzly Bear";"UNIQUE_MOUNT_BEAR_KEEPER_ADC";"[T0] Grizzly Bear";"";"";"";"";"";"";""
"Other";"";"";"Guild Avatar";"UNIQUE_AVATAR_AJ_GUILD_01";"[T0] Guild Avatar";"";"";"";"";"";"";""
"Other";"";"";"Guild Avatar Ring";"UNIQUE_AVATARRING_AJ_GUILD_01";"[T0] Guild Avatar Ring";"";"";"";"";"";"";""
"Other";"";"";"Guild Banner on Fabric";"T2_FURNITUREITEM_GUILDBANNER_FABRIC";"[T2] Guild Banner on Fabric";"";"";"";"";"";"";""
"Other";"";"";"Guild Banner on Shield";"T2_FURNITUREITEM_GUILDBANNER_SHIELD";"[T2] Guild Banner on Shield";"";"";"";"";"";"";""
"Other";"";"";"Guild Banner Victory Emote Charge";"T1_KILL_EMOTE_FLAG_CHARGES_NONTRADABLE";"[T1] Guild Banner Victory Emote Charge";"";"";"";"";"";"";""
"Other";"";"";"Guild Season 2nd Place";"SKIN_DIREWOLF_GVGSEASON_2ND_01";"[T0] Guild Season 2nd Place";"";"";"";"";"";"";""
"Other";"";"";"Guild Season 3rd Place";"SKIN_DIREWOLF_GVGSEASON_3RD_01";"[T0] Guild Season 3rd Place";"";"";"";"";"";"";""
"Other";"";"";"Guild Season Winner";"SKIN_DIREWOLF_GVGSEASON_1ST_01";"[T0] Guild Season Winner";"";"";"";"";"";"";""
"Other";"";"";"Halloween Cauldron";"UNIQUE_FURNITUREITEM_ADC_HALLOWEEN_CAULDRON_A";"[T0] Halloween Cauldron";"";"";"";"";"";"";""
"Other";"";"";"Halloween Lantern";"UNIQUE_FURNITUREITEM_ADC_HALLOWEEN_TREE_LANTERN_A";"[T0] Halloween Lantern";"";"";"";"";"";"";""
"Other";"";"";"Halloween Pyre";"UNIQUE_FURNITUREITEM_ADC_HALLOWEEN_SCARECROW_PYRE_A";"[T0] Halloween Pyre";"";"";"";"";"";"";""
"Other";"";"";"Halloween Scarecrow";"UNIQUE_FURNITUREITEM_ADC_HALLOWEEN_SCARECROW_A";"[T0] Halloween Scarecrow";"";"";"";"";"";"";""
"Other";"";"";"Hammer Victory Emote Charge";"T1_KILL_EMOTE_HAMMER_CHARGES_NONTRADABLE";"[T1] Hammer Victory Emote Charge";"";"";"";"";"";"";""
"Other";"";"";"Hardened Leather";"T6_LEATHER";"[T6] Hardened Leather";"";"";"";"";"";"";""
"Other";"";"";"Harvest Challenge Chest";"UNIQUE_LOOTCHEST_ADC_OCT2018_01";"[T0] Harvest Challenge Chest";"";"";"";"";"";"";""
"Other";"";"";"Harvester Backpack";"T4_BACKPACK_GATHERER_FIBER";"[T4] Adept's Harvester Backpack";"";"";"";"";"";"";""
"Other";"";"";"Haystack";"PLAYERISLAND_FURNITUREITEM_FARM_DECO_B";"[T0] Haystack";"";"";"";"";"";"";""
"Other";"";"";"Haystack and cart";"PLAYERISLAND_FURNITUREITEM_FARM_DECO_C";"[T0] Haystack and cart";"";"";"";"";"";"";""
"Other";"";"";"Healing Potion";"T4_POTION_HEAL";"[T4] Healing Potion";"";"";"";"";"";"";""
"Other";"";"";"Heavy Hide";"T5_HIDE";"[T5] Heavy Hide";"";"";"";"";"";"";""
"Other";"";"";"Hell Mare";"SKIN_HORSE_HELL";"[T0] Hell Mare";"";"";"";"";"";"";""
"Other";"";"";"Hellfire Potion";"T6_POTION_LAVA";"[T6] Hellfire Potion";"";"";"";"";"";"";""
"Other";"";"";"Hellgate Ritual (10v10 - Lethal)";"T8_HELLGATE_10V10_LETHAL_1_MAP";"[T8] Elder's Hellgate Ritual (10v10 - Lethal)";"";"";"";"";"";"";""
"Other";"";"";"Hellgate Ritual (10v10 - Nonlethal)";"T5_HELLGATE_10V10_NON_LETHAL_1_MAP";"[T5] Expert's Hellgate Ritual (10v10 - Nonlethal)";"";"";"";"";"";"";""
"Other";"";"";"Hellgate Ritual (2v2 - Lethal)";"T6_HELLGATE_2V2_LETHAL_1_MAP";"[T6] Master's Hellgate Ritual (2v2 - Lethal)";"";"";"";"";"";"";""
"Other";"";"";"Hellgate Ritual (2v2 - Nonlethal)";"T5_HELLGATE_2V2_NON_LETHAL_1_MAP";"[T5] Expert's Hellgate Ritual (2v2 - Nonlethal)";"";"";"";"";"";"";""
"Other";"";"";"Hellgate Ritual (5v5 - Lethal)";"T7_HELLGATE_5V5_LETHAL_1_MAP";"[T7] Grandmaster's Hellgate Ritual (5v5 - Lethal)";"";"";"";"";"";"";""
"Other";"";"";"Hellgate Ritual (5v5 - Nonlethal)";"T5_HELLGATE_5V5_NON_LETHAL_1_MAP";"[T5] Expert's Hellgate Ritual (5v5 - Nonlethal)";"";"";"";"";"";"";""
"Other";"";"";"Hellgate Victory Emote Charge";"T1_KILL_EMOTE_HELLGATE_CHARGES_NONTRADABLE";"[T1] Hellgate Victory Emote Charge";"";"";"";"";"";"";""
"Other";"";"";"Hellspinner";"T5_MOUNT_SPIDER_HELL";"[T5] Hellspinner";"";"";"";"";"";"";""
"Other";"";"";"Hellspinner Baby";"T5_FARM_SPIDER_HELL_BABY";"[T5] Hellspinner Baby";"";"";"";"";"";"";""
"Other";"";"";"Hemp";"T4_FIBER";"[T4] Hemp";"";"";"";"";"";"";""
"Other";"";"";"Hen Eggs";"T3_EGG";"[T3] Hen Eggs";"";"";"";"";"";"";""
"Other";"";"";"Heraldic Jousting Horse";"SKIN_ARMORED_HORSE_JOUSTING_GUILD_AJ";"[T0] Heraldic Jousting Horse";"";"";"";"";"";"";""
"Other";"";"";"Heraldic Warhorse";"SKIN_ARMORED_HORSE_T5_MOUNT_GUILD";"[T0] Expert's Heraldic Warhorse";"";"";"";"";"";"";""
"Other";"";"";"Heretic Animal Cages";"UNIQUE_FURNITUREITEM_HERETIC_ANIMAL_CAGES";"[T0] Heretic Animal Cages";"";"";"";"";"";"";""
"Other";"";"";"Heretic Burning Barrel";"UNIQUE_FURNITUREITEM_HERETIC_BARREL_BURNING_A";"[T0] Heretic Burning Barrel";"";"";"";"";"";"";""
"Other";"";"";"Heretic Cart";"SKIN_OX_CART_HERETIC";"[T0] Heretic Cart";"";"";"";"";"";"";""
"Other";"";"";"Heretic Challenge Chest";"UNIQUE_LOOTCHEST_ADC_SEP2019";"[T0] Heretic Challenge Chest";"";"";"";"";"";"";""
"Other";"";"";"Heretic Chief's Table";"UNIQUE_FURNITUREITEM_HERETIC_PLANNING_TABLE";"[T0] Heretic Chief's Table";"";"";"";"";"";"";""
"Other";"";"";"Heretic Combat Mule";"UNIQUE_MOUNT_HERETIC_MULE_ADC";"[T0] Heretic Combat Mule";"";"";"";"";"";"";""
"Other";"";"";"Heretic Flag";"UNIQUE_FURNITUREITEM_HERETIC_FLAG";"[T0] Heretic Flag";"";"";"";"";"";"";""
"Other";"";"";"Heretic Food Stash";"UNIQUE_FURNITUREITEM_HERETIC_FOOD_PILE";"[T0] Heretic Food Stash";"";"";"";"";"";"";""
"Other";"";"";"Heretic Game Table";"UNIQUE_FURNITUREITEM_HERETIC_GAME_TABLE";"[T0] Heretic Game Table";"";"";"";"";"";"";""
"Other";"";"";"Heretic Junkpile";"UNIQUE_FURNITUREITEM_HERETIC_JUNKPILE";"[T0] Heretic Junkpile";"";"";"";"";"";"";""
"Other";"";"";"Heretic Lantern";"UNIQUE_FURNITUREITEM_HERETIC_LANTERN";"[T0] Heretic Lantern";"";"";"";"";"";"";""
"Other";"";"";"Heretic Palisade";"UNIQUE_FURNITUREITEM_HERETIC_PALLISADE";"[T0] Heretic Palisade";"";"";"";"";"";"";""
"Other";"";"";"Heretic Scarecrow";"UNIQUE_FURNITUREITEM_HERETIC_CONSTRUCT";"[T0] Heretic Scarecrow";"";"";"";"";"";"";""
"Other";"";"";"Heretic Stove";"UNIQUE_FURNITUREITEM_HERETIC_STOVE_A";"[T0] Heretic Stove";"";"";"";"";"";"";""
"Other";"";"";"Heretic Tent";"UNIQUE_FURNITUREITEM_HERETIC_TENT";"[T0] Heretic Tent";"";"";"";"";"";"";""
"Other";"";"";"Heretic Toolboard";"UNIQUE_FURNITUREITEM_HERETICS_TOOL_BOARD_A";"[T0] Heretic Toolboard";"";"";"";"";"";"";""
"Other";"";"";"Heretic Training Dummy";"UNIQUE_FURNITUREITEM_HERETIC_TRAINING_DUMMY";"[T0] Heretic Training Dummy";"";"";"";"";"";"";""
"Other";"";"";"Heretic Warsteed";"SKIN_ARMORED_HORSE_HERETIC_PONY_TELLAFRIEND";"[T0] Heretic Warsteed";"";"";"";"";"";"";""
"Other";"";"";"Heretic Weapon Rack";"UNIQUE_FURNITUREITEM_HERETIC_WEAPON_RACK";"[T0] Heretic Weapon Rack";"";"";"";"";"";"";""
"Other";"";"";"Hideout Construction Kit";"UNIQUE_HIDEOUT";"[T0] Hideout Construction Kit";"";"";"";"";"";"";""
"Other";"";"";"Holy Fetish";"TREASURE_TRIBAL_RARITY3";"[T0] Holy Fetish";"";"";"";"";"";"";""
"Other";"";"";"Homesteader's Avatar";"UNIQUE_AVATAR_AJ_FARMER_01";"[T0] Homesteader's Avatar";"";"";"";"";"";"";""
"Other";"";"";"Homesteader's Avatar Ring";"UNIQUE_AVATARRING_AJ_FARMER_01";"[T0] Homesteader's Avatar Ring";"";"";"";"";"";"";""
"Other";"";"";"Horse";"T3_FARM_HORSE_GROWN";"[T3] Journeyman's Horse";"";"";"";"";"";"";""
"Other";"";"";"Horse Macabre";"SKIN_HORSE_UNDEAD_HALLOWEEN";"[T0] Horse Macabre";"";"";"";"";"";"";""
"Other";"";"";"Horsferatu";"SKIN_HORSE_VAMPIRE_TELLAFRIEND";"[T0] Horsferatu";"";"";"";"";"";"";""
"Other";"";"";"Hunter Challenge Chest";"UNIQUE_LOOTCHEST_ADC_APR2019";"[T0] Hunter Challenge Chest";"";"";"";"";"";"";""
"Other";"";"";"Hunter statue";"PLAYERISLAND_FURNITUREITEM_STONE_STATUE_HUNTER_B";"[T0] Hunter statue";"";"";"";"";"";"";""
"Other";"";"";"Hunting sculpture";"PLAYERISLAND_FURNITUREITEM_STONE_STATUE_HUNTER_A";"[T0] Hunting sculpture";"";"";"";"";"";"";""
"Other";"";"";"Ice Sculpture: Bonecrusher Berserker";"UNIQUE_FURNITUREITEM_ADC_ICESCULPTURE_A";"[T0] Ice Sculpture: Bonecrusher Berserker";"";"";"";"";"";"";""
"Other";"";"";"Ice Sculpture: Cursed Archer";"UNIQUE_FURNITUREITEM_ADC_ICESCULPTURE_B";"[T0] Ice Sculpture: Cursed Archer";"";"";"";"";"";"";""
"Other";"";"";"Ice Sculpture: Obsessed Cultist";"UNIQUE_FURNITUREITEM_ADC_ICESCULPTURE_C";"[T0] Ice Sculpture: Obsessed Cultist";"";"";"";"";"";"";""
"Other";"";"";"Infernal Horseshoes";"T8_MOUNTUPGRADE_HORSE_MORGANA";"[T8] Infernal Horseshoes";"";"";"";"";"";"";""
"Other";"";"";"Infernal Memento";"UNIQUE_FURNITUREITEM_KILLTROPHY_HELL_MEDIUM";"[T0] Infernal Memento";"";"";"";"";"";"";""
"Other";"";"";"Invisibility Potion";"T8_POTION_CLEANSE";"[T8] Invisibility Potion";"";"";"";"";"";"";""
"Other";"";"";"Iron Campaign Chest: Bridgewatch";"UNIQUE_LOOTCHEST_FACTIONCAMPAIGN_REWARD_STEPPE_01";"[T0] Iron Campaign Chest: Bridgewatch";"";"";"";"";"";"";""
"Other";"";"";"Iron Campaign Chest: Caerleon";"UNIQUE_LOOTCHEST_FACTIONCAMPAIGN_REWARD_CAERLEON_01";"[T0] Iron Campaign Chest: Caerleon";"";"";"";"";"";"";""
"Other";"";"";"Iron Campaign Chest: Fort Sterling";"UNIQUE_LOOTCHEST_FACTIONCAMPAIGN_REWARD_MOUNTAIN_01";"[T0] Iron Campaign Chest: Fort Sterling";"";"";"";"";"";"";""
"Other";"";"";"Iron Campaign Chest: Lymhurst";"UNIQUE_LOOTCHEST_FACTIONCAMPAIGN_REWARD_FOREST_01";"[T0] Iron Campaign Chest: Lymhurst";"";"";"";"";"";"";""
"Other";"";"";"Iron Campaign Chest: Martlock";"UNIQUE_LOOTCHEST_FACTIONCAMPAIGN_REWARD_HIGHLAND_01";"[T0] Iron Campaign Chest: Martlock";"";"";"";"";"";"";""
"Other";"";"";"Iron Campaign Chest: Thetford";"UNIQUE_LOOTCHEST_FACTIONCAMPAIGN_REWARD_SWAMP_01";"[T0] Iron Campaign Chest: Thetford";"";"";"";"";"";"";""
"Other";"";"";"Iron Ore";"T4_ORE";"[T4] Iron Ore";"";"";"";"";"";"";""
"Other";"";"";"Iron Ore Sample";"T4_FURNITUREITEM_TROPHY_ORE";"[T4] Iron Ore Sample";"";"";"";"";"";"";""
"Other";"";"";"Ironjaw Hyena";"SKIN_DIREWOLF_HYENA_TELLAFRIEND";"[T0] Ironjaw Hyena";"";"";"";"";"";"";""
"Other";"";"";"Jack o' Donkey";"SKIN_DONKEY_HALLOWEEN";"[T0] Jack o' Donkey";"";"";"";"";"";"";""
"Other";"";"";"Jade Guardian";"SKIN_COUGAR_JADE_GUARDIAN";"[T0] Jade Guardian";"";"";"";"";"";"";""
"Other";"";"";"Jester Horse";"SKIN_HORSE_JESTER_TELLAFRIEND";"[T0] Jester Horse";"";"";"";"";"";"";""
"Other";"";"";"Journeyman Blacksmith Contract";"T3_LABOURER_CONTRACT_WARRIOR";"[T3] Journeyman Blacksmith Contract";"";"";"";"";"";"";""
"Other";"";"";"Journeyman Blacksmith's Journal (Empty)";"T3_JOURNAL_WARRIOR_EMPTY";"[T3] Journeyman Blacksmith's Journal (Empty)";"";"";"";"";"";"";""
"Other";"";"";"Journeyman Blacksmith's Journal (Full)";"T3_JOURNAL_WARRIOR_FULL";"[T3] Journeyman Blacksmith's Journal (Full)";"";"";"";"";"";"";""
"Other";"";"";"Journeyman Blacksmith's Journal (Partially Full)";"T3_JOURNAL_WARRIOR";"[T3] Journeyman Blacksmith's Journal (Partially Full)";"";"";"";"";"";"";""
"Other";"";"";"Journeyman Cropper Contract";"T3_LABOURER_CONTRACT_FIBER";"[T3] Journeyman Cropper Contract";"";"";"";"";"";"";""
"Other";"";"";"Journeyman Cropper's Journal (Empty)";"T3_JOURNAL_FIBER_EMPTY";"[T3] Journeyman Cropper's Journal (Empty)";"";"";"";"";"";"";""
"Other";"";"";"Journeyman Cropper's Journal (Full)";"T3_JOURNAL_FIBER_FULL";"[T3] Journeyman Cropper's Journal (Full)";"";"";"";"";"";"";""
"Other";"";"";"Journeyman Cropper's Journal (Partially Full)";"T3_JOURNAL_FIBER";"[T3] Journeyman Cropper's Journal (Partially Full)";"";"";"";"";"";"";""
"Other";"";"";"Journeyman Cropper's Trophy Journal (Empty)";"T3_JOURNAL_TROPHY_FIBER_EMPTY";"[T3] Journeyman Cropper's Trophy Journal (Empty)";"";"";"";"";"";"";""
"Other";"";"";"Journeyman Cropper's Trophy Journal (Full)";"T3_JOURNAL_TROPHY_FIBER_FULL";"[T3] Journeyman Cropper's Trophy Journal (Full)";"";"";"";"";"";"";""
"Other";"";"";"Journeyman Cropper's Trophy Journal (Partially Full)";"T3_JOURNAL_TROPHY_FIBER";"[T3] Journeyman Cropper's Trophy Journal (Partially Full)";"";"";"";"";"";"";""
"Other";"";"";"Journeyman Fisherman Contract";"T3_LABOURER_CONTRACT_FISHERMAN";"[T3] Journeyman Fisherman Contract";"";"";"";"";"";"";""
"Other";"";"";"Journeyman Fisherman's Journal (Empty)";"T3_JOURNAL_FISHING_EMPTY";"[T3] Journeyman Fisherman's Journal (Empty)";"";"";"";"";"";"";""
"Other";"";"";"Journeyman Fisherman's Journal (Full)";"T3_JOURNAL_FISHING_FULL";"[T3] Journeyman Fisherman's Journal (Full)";"";"";"";"";"";"";""
"Other";"";"";"Journeyman Fisherman's Journal (Partially Full)";"T3_JOURNAL_FISHING";"[T3] Journeyman Fisherman's Journal (Partially Full)";"";"";"";"";"";"";""
"Other";"";"";"Journeyman Fisherman's Trophy Journal (Empty)";"T3_JOURNAL_TROPHY_FISHING_EMPTY";"[T3] Journeyman Fisherman's Trophy Journal (Empty)";"";"";"";"";"";"";""
"Other";"";"";"Journeyman Fisherman's Trophy Journal (Full)";"T3_JOURNAL_TROPHY_FISHING_FULL";"[T3] Journeyman Fisherman's Trophy Journal (Full)";"";"";"";"";"";"";""
"Other";"";"";"Journeyman Fisherman's Trophy Journal (Partially Full)";"T3_JOURNAL_TROPHY_FISHING";"[T3] Journeyman Fisherman's Trophy Journal (Partially Full)";"";"";"";"";"";"";""
"Other";"";"";"Journeyman Fletcher Contract";"T3_LABOURER_CONTRACT_HUNTER";"[T3] Journeyman Fletcher Contract";"";"";"";"";"";"";""
"Other";"";"";"Journeyman Fletcher's Journal (Empty)";"T3_JOURNAL_HUNTER_EMPTY";"[T3] Journeyman Fletcher's Journal (Empty)";"";"";"";"";"";"";""
"Other";"";"";"Journeyman Fletcher's Journal (Full)";"T3_JOURNAL_HUNTER_FULL";"[T3] Journeyman Fletcher's Journal (Full)";"";"";"";"";"";"";""
"Other";"";"";"Journeyman Fletcher's Journal (Partially Full)";"T3_JOURNAL_HUNTER";"[T3] Journeyman Fletcher's Journal (Partially Full)";"";"";"";"";"";"";""
"Other";"";"";"Journeyman Gamekeeper Contract";"T3_LABOURER_CONTRACT_HIDE";"[T3] Journeyman Gamekeeper Contract";"";"";"";"";"";"";""
"Other";"";"";"Journeyman Gamekeeper's Journal (Empty)";"T3_JOURNAL_HIDE_EMPTY";"[T3] Journeyman Gamekeeper's Journal (Empty)";"";"";"";"";"";"";""
"Other";"";"";"Journeyman Gamekeeper's Journal (Full)";"T3_JOURNAL_HIDE_FULL";"[T3] Journeyman Gamekeeper's Journal (Full)";"";"";"";"";"";"";""
"Other";"";"";"Journeyman Gamekeeper's Journal (Partially Full)";"T3_JOURNAL_HIDE";"[T3] Journeyman Gamekeeper's Journal (Partially Full)";"";"";"";"";"";"";""
"Other";"";"";"Journeyman Gamekeeper's Trophy Journal (Empty)";"T3_JOURNAL_TROPHY_HIDE_EMPTY";"[T3] Journeyman Gamekeeper's Trophy Journal (Empty)";"";"";"";"";"";"";""
"Other";"";"";"Journeyman Gamekeeper's Trophy Journal (Full)";"T3_JOURNAL_TROPHY_HIDE_FULL";"[T3] Journeyman Gamekeeper's Trophy Journal (Full)";"";"";"";"";"";"";""
"Other";"";"";"Journeyman Gamekeeper's Trophy Journal (Partially Full)";"T3_JOURNAL_TROPHY_HIDE";"[T3] Journeyman Gamekeeper's Trophy Journal (Partially Full)";"";"";"";"";"";"";""
"Other";"";"";"Journeyman Imbuer Contract";"T3_LABOURER_CONTRACT_MAGE";"[T3] Journeyman Imbuer Contract";"";"";"";"";"";"";""
"Other";"";"";"Journeyman Imbuer's Journal (Empty)";"T3_JOURNAL_MAGE_EMPTY";"[T3] Journeyman Imbuer's Journal (Empty)";"";"";"";"";"";"";""
"Other";"";"";"Journeyman Imbuer's Journal (Full)";"T3_JOURNAL_MAGE_FULL";"[T3] Journeyman Imbuer's Journal (Full)";"";"";"";"";"";"";""
"Other";"";"";"Journeyman Imbuer's Journal (Partially Full)";"T3_JOURNAL_MAGE";"[T3] Journeyman Imbuer's Journal (Partially Full)";"";"";"";"";"";"";""
"Other";"";"";"Journeyman Lumberjack Contract";"T3_LABOURER_CONTRACT_WOOD";"[T3] Journeyman Lumberjack Contract";"";"";"";"";"";"";""
"Other";"";"";"Journeyman Lumberjack's Journal (Empty)";"T3_JOURNAL_WOOD_EMPTY";"[T3] Journeyman Lumberjack's Journal (Empty)";"";"";"";"";"";"";""
"Other";"";"";"Journeyman Lumberjack's Journal (Full)";"T3_JOURNAL_WOOD_FULL";"[T3] Journeyman Lumberjack's Journal (Full)";"";"";"";"";"";"";""
"Other";"";"";"Journeyman Lumberjack's Journal (Partially Full)";"T3_JOURNAL_WOOD";"[T3] Journeyman Lumberjack's Journal (Partially Full)";"";"";"";"";"";"";""
"Other";"";"";"Journeyman Lumberjack's Trophy Journal (Empty)";"T3_JOURNAL_TROPHY_WOOD_EMPTY";"[T3] Journeyman Lumberjack's Trophy Journal (Empty)";"";"";"";"";"";"";""
"Other";"";"";"Journeyman Lumberjack's Trophy Journal (Full)";"T3_JOURNAL_TROPHY_WOOD_FULL";"[T3] Journeyman Lumberjack's Trophy Journal (Full)";"";"";"";"";"";"";""
"Other";"";"";"Journeyman Lumberjack's Trophy Journal (Partially Full)";"T3_JOURNAL_TROPHY_WOOD";"[T3] Journeyman Lumberjack's Trophy Journal (Partially Full)";"";"";"";"";"";"";""
"Other";"";"";"Journeyman Mercenary Contract";"T3_LABOURER_CONTRACT_MERCENARY";"[T3] Journeyman Mercenary Contract";"";"";"";"";"";"";""
"Other";"";"";"Journeyman Mercenary's Journal (Empty)";"T3_JOURNAL_MERCENARY_EMPTY";"[T3] Journeyman Mercenary's Journal (Empty)";"";"";"";"";"";"";""
"Other";"";"";"Journeyman Mercenary's Journal (Full)";"T3_JOURNAL_MERCENARY_FULL";"[T3] Journeyman Mercenary's Journal (Full)";"";"";"";"";"";"";""
"Other";"";"";"Journeyman Mercenary's Journal (Partially Full)";"T3_JOURNAL_MERCENARY";"[T3] Journeyman Mercenary's Journal (Partially Full)";"";"";"";"";"";"";""
"Other";"";"";"Journeyman Mercenary's Trophy";"T3_FURNITUREITEM_TROPHY_MERCENARY";"[T3] Journeyman Mercenary's Trophy";"";"";"";"";"";"";""
"Other";"";"";"Journeyman Mercenary's Trophy Journal (Empty)";"T3_JOURNAL_TROPHY_MERCENARY_EMPTY";"[T3] Journeyman Mercenary's Trophy Journal (Empty)";"";"";"";"";"";"";""
"Other";"";"";"Journeyman Mercenary's Trophy Journal (Full)";"T3_JOURNAL_TROPHY_MERCENARY_FULL";"[T3] Journeyman Mercenary's Trophy Journal (Full)";"";"";"";"";"";"";""
"Other";"";"";"Journeyman Mercenary's Trophy Journal (Partially Full)";"T3_JOURNAL_TROPHY_MERCENARY";"[T3] Journeyman Mercenary's Trophy Journal (Partially Full)";"";"";"";"";"";"";""
"Other";"";"";"Journeyman Prospector Contract";"T3_LABOURER_CONTRACT_ORE";"[T3] Journeyman Prospector Contract";"";"";"";"";"";"";""
"Other";"";"";"Journeyman Prospector's Journal (Empty)";"T3_JOURNAL_ORE_EMPTY";"[T3] Journeyman Prospector's Journal (Empty)";"";"";"";"";"";"";""
"Other";"";"";"Journeyman Prospector's Journal (Full)";"T3_JOURNAL_ORE_FULL";"[T3] Journeyman Prospector's Journal (Full)";"";"";"";"";"";"";""
"Other";"";"";"Journeyman Prospector's Journal (Partially Full)";"T3_JOURNAL_ORE";"[T3] Journeyman Prospector's Journal (Partially Full)";"";"";"";"";"";"";""
"Other";"";"";"Journeyman Prospector's Trophy Journal (Empty)";"T3_JOURNAL_TROPHY_ORE_EMPTY";"[T3] Journeyman Prospector's Trophy Journal (Empty)";"";"";"";"";"";"";""
"Other";"";"";"Journeyman Prospector's Trophy Journal (Full)";"T3_JOURNAL_TROPHY_ORE_FULL";"[T3] Journeyman Prospector's Trophy Journal (Full)";"";"";"";"";"";"";""
"Other";"";"";"Journeyman Prospector's Trophy Journal (Partially Full)";"T3_JOURNAL_TROPHY_ORE";"[T3] Journeyman Prospector's Trophy Journal (Partially Full)";"";"";"";"";"";"";""
"Other";"";"";"Journeyman Stonecutter Contract";"T3_LABOURER_CONTRACT_STONE";"[T3] Journeyman Stonecutter Contract";"";"";"";"";"";"";""
"Other";"";"";"Journeyman Stonecutter's Journal (Empty)";"T3_JOURNAL_STONE_EMPTY";"[T3] Journeyman Stonecutter's Journal (Empty)";"";"";"";"";"";"";""
"Other";"";"";"Journeyman Stonecutter's Journal (Full)";"T3_JOURNAL_STONE_FULL";"[T3] Journeyman Stonecutter's Journal (Full)";"";"";"";"";"";"";""
"Other";"";"";"Journeyman Stonecutter's Journal (Partially Full)";"T3_JOURNAL_STONE";"[T3] Journeyman Stonecutter's Journal (Partially Full)";"";"";"";"";"";"";""
"Other";"";"";"Journeyman Stonecutter's Trophy Journal (Empty)";"T3_JOURNAL_TROPHY_STONE_EMPTY";"[T3] Journeyman Stonecutter's Trophy Journal (Empty)";"";"";"";"";"";"";""
"Other";"";"";"Journeyman Stonecutter's Trophy Journal (Full)";"T3_JOURNAL_TROPHY_STONE_FULL";"[T3] Journeyman Stonecutter's Trophy Journal (Full)";"";"";"";"";"";"";""
"Other";"";"";"Journeyman Stonecutter's Trophy Journal (Partially Full)";"T3_JOURNAL_TROPHY_STONE";"[T3] Journeyman Stonecutter's Trophy Journal (Partially Full)";"";"";"";"";"";"";""
"Other";"";"";"Journeyman Tinker Contract";"T3_LABOURER_CONTRACT_TOOLMAKER";"[T3] Journeyman Tinker Contract";"";"";"";"";"";"";""
"Other";"";"";"Journeyman Tinker's Journal (Empty)";"T3_JOURNAL_TOOLMAKER_EMPTY";"[T3] Journeyman Tinker's Journal (Empty)";"";"";"";"";"";"";""
"Other";"";"";"Journeyman Tinker's Journal (Full)";"T3_JOURNAL_TOOLMAKER_FULL";"[T3] Journeyman Tinker's Journal (Full)";"";"";"";"";"";"";""
"Other";"";"";"Journeyman Tinker's Journal (Partially Full)";"T3_JOURNAL_TOOLMAKER";"[T3] Journeyman Tinker's Journal (Partially Full)";"";"";"";"";"";"";""
"Other";"";"";"Jousting Horse";"SKIN_HORSE_GUILDBANNER";"[T0] Jousting Horse";"";"";"";"";"";"";""
"Other";"";"";"Keeper Altar";"UNIQUE_FURNITUREITEM_KEEPER_ALTAR_A";"[T0] Keeper Altar";"";"";"";"";"";"";""
"Other";"";"";"Keeper Campfire";"UNIQUE_FURNITUREITEM_KEEPER_CAMP_FIRE_A";"[T0] Keeper Campfire";"";"";"";"";"";"";""
"Other";"";"";"Keeper Cauldron";"UNIQUE_FURNITUREITEM_KEEPER_CAULDRON";"[T0] Keeper Cauldron";"";"";"";"";"";"";""
"Other";"";"";"Keeper Ceremonial Candle";"UNIQUE_FURNITUREITEM_KEEPER_CANDLE_A";"[T0] Keeper Ceremonial Candle";"";"";"";"";"";"";""
"Other";"";"";"Keeper Challenge Chest";"UNIQUE_LOOTCHEST_ADC_MAR2019";"[T0] Keeper Challenge Chest";"";"";"";"";"";"";""
"Other";"";"";"Keeper Fire Bowl";"UNIQUE_FURNITUREITEM_KEEPER_FIREBOWL";"[T0] Keeper Fire Bowl";"";"";"";"";"";"";""
"Other";"";"";"Keeper Flag";"UNIQUE_FURNITUREITEM_KEEPER_FLAG_A";"[T0] Keeper Flag";"";"";"";"";"";"";""
"Other";"";"";"Keeper Horse";"SKIN_HORSE_KEEPER";"[T0] Keeper Horse";"";"";"";"";"";"";""
"Other";"";"";"Keeper of Souls Stag";"SKIN_STAG_SOULKEEPER";"[T0] Keeper of Souls Stag";"";"";"";"";"";"";""
"Other";"";"";"Keeper Rock Fireplace";"UNIQUE_FURNITUREITEM_KEEPER_HEATER";"[T0] Keeper Rock Fireplace";"";"";"";"";"";"";""
"Other";"";"";"Keeper Shrine";"UNIQUE_FURNITUREITEM_KEEPER_SHRINE_A";"[T0] Keeper Shrine";"";"";"";"";"";"";""
"Other";"";"";"Keeper Star of Power";"UNIQUE_FURNITUREITEM_KEEPER_STAR_OF_POWER_A";"[T0] Keeper Star of Power";"";"";"";"";"";"";""
"Other";"";"";"Keeper Symbol";"UNIQUE_FURNITUREITEM_KEEPER_SYMBOL_A";"[T0] Keeper Symbol";"";"";"";"";"";"";""
"Other";"";"";"Keeper Symbol of Power";"UNIQUE_FURNITUREITEM_KEEPER_SYMBOL_OF_POWER_A";"[T0] Keeper Symbol of Power";"";"";"";"";"";"";""
"Other";"";"";"Keeper Totem";"QUESTITEM_TOKEN_KEEPER";"[T0] Keeper Totem";"";"";"";"";"";"";""
"Other";"";"";"Kid";"T4_FARM_GOAT_BABY";"[T4] Kid";"";"";"";"";"";"";""
"Other";"";"";"Knight Adventurer's Armored Horse";"SKIN_ARMORED_HORSE_KNIGHT";"[T0] Knight Adventurer's Armored Horse";"";"";"";"";"";"";""
"Other";"";"";"Knight Adventurer's Heraldic Armored Horse";"SKIN_ARMORED_HORSE_KNIGHT_GUILD_COLORED";"[T0] Knight Adventurer's Heraldic Armored Horse";"";"";"";"";"";"";""
"Other";"";"";"Knight Challenge Chest";"UNIQUE_LOOTCHEST_ADC_JUN2019";"[T0] Knight Challenge Chest";"";"";"";"";"";"";""
"Other";"";"";"Knight Statue";"UNIQUE_FURNITUREITEM_KNIGHT_STATUE_A";"[T0] Knight Statue";"";"";"";"";"";"";""
"Other";"";"";"Knight's Vow";"T4_GVGSEASONREWARD_FAMEBUFF";"[T4] Adept's Knight's Vow";"";"";"";"";"";"";""
"Other";"";"";"Lamb";"T6_FARM_SHEEP_BABY";"[T6] Lamb";"";"";"";"";"";"";""
"Other";"";"";"Latrine";"PLAYERISLAND_FURNITUREITEM_FARM_LATRINE_A";"[T0] Latrine";"";"";"";"";"";"";""
"Other";"";"";"Lavish Cloth";"T6_CLOTH";"[T6] Lavish Cloth";"";"";"";"";"";"";""
"Other";"";"";"Ledger of Truths";"T8_FURNITUREITEM_TROPHY_GENERAL";"[T8] Ledger of Truths";"";"";"";"";"";"";""
"Other";"";"";"Legendary Adventurer's Cart";"SKIN_OX_CART_STARTERPACK";"[T0] Legendary Adventurer's Cart";"";"";"";"";"";"";""
"Other";"";"";"Legendary Adventurer's Horse";"SKIN_HORSE_STARTERPACK";"[T0] Legendary Adventurer's Horse";"";"";"";"";"";"";""
"Other";"";"";"Legendary Community Chest";"UNIQUE_LOOTCHEST_COMMUNITY_LEGENDARY";"[T0] Legendary Community Chest";"";"";"";"";"";"";""
"Other";"";"";"Legendary Community Treasure";"UNIQUE_LOOTCHEST_COMMUNITY_EXCLUSIVE_LEGENDARY";"[T0] Legendary Community Treasure";"";"";"";"";"";"";""
"Other";"";"";"Legendary Explorer's Horse";"SKIN_HORSE_FOUNDER_LEGENDARY";"[T0] Legendary Explorer's Horse";"";"";"";"";"";"";""
"Other";"";"";"Legendary Explorer's Ox";"SKIN_OX_FOUNDER_LEGENDARY";"[T0] Legendary Explorer's Ox";"";"";"";"";"";"";""
"Other";"";"";"Legendary Guild Season Winner";"SKIN_DIREWOLF_GVGSEASON_1ST_03";"[T0] Legendary Guild Season Winner";"";"";"";"";"";"";""
"Other";"";"";"Letter of Transfer";"QUESTITEM_TRANSFER_LETTER";"[T0] Letter of Transfer";"";"";"";"";"";"";""
"Other";"";"";"Light Founder's Certificate";"UNIQUE_FURNITUREITEM_LIGHT_FOUNDER_CERTIFICATE";"[T0] Light Founder's Certificate";"";"";"";"";"";"";""
"Other";"";"";"Light Founder's Statue";"UNIQUE_FURNITUREITEM_LIGHT_FOUNDER_STATUE";"[T0] Light Founder's Statue";"";"";"";"";"";"";""
"Other";"";"";"Limestone";"T2_ROCK";"[T2] Limestone";"";"";"";"";"";"";""
"Other";"";"";"Limestone Block";"T2_STONEBLOCK";"[T2] Limestone Block";"";"";"";"";"";"";""
"Other";"";"";"Limestone Fragment";"T2_FURNITUREITEM_TROPHY_ROCK";"[T2] Limestone Fragment";"";"";"";"";"";"";""
"Other";"";"";"Long Hedge";"PLAYERISLAND_FURNITUREITEM_NOBLE_HEDGE_A";"[T0] Long Hedge";"";"";"";"";"";"";""
"Other";"";"";"Lowriver Crab";"T3_FISH_FRESHWATER_STEPPE_RARE";"[T3] Lowriver Crab";"";"";"";"";"";"";""
"Other";"";"";"Lowriver Crab Omelette";"T3_MEAL_OMELETTE_FISH";"[T3] Lowriver Crab Omelette";"";"";"";"";"";"";""
"Other";"";"";"Lumberjack Backpack";"T4_BACKPACK_GATHERER_WOOD";"[T4] Adept's Lumberjack Backpack";"";"";"";"";"";"";""
"Other";"";"";"Lurking Shadow";"SKIN_DIREWOLF_SHADOW_AJ";"[T0] Lurking Shadow";"";"";"";"";"";"";""
"Other";"";"";"Luxurious Stone Bench";"PLAYERISLAND_FURNITUREITEM_NOBLE_BENCH_A";"[T0] Luxurious Stone Bench";"";"";"";"";"";"";""
"Other";"";"";"Luxury Cart";"SKIN_OX_CART_LUXUS_TELLAFRIEND";"[T0] Luxury Cart";"";"";"";"";"";"";""
"Other";"";"";"Lynx";"SKIN_COUGAR_LYNX_TELLAFRIEND";"[T0] Lynx";"";"";"";"";"";"";""
"Other";"";"";"Mage Adventurer's Armored Horse";"SKIN_ARMORED_HORSE_MAGE";"[T0] Mage Adventurer's Armored Horse";"";"";"";"";"";"";""
"Other";"";"";"Mage Adventurer's Heraldic Armored Horse";"SKIN_ARMORED_HORSE_MAGE_GUILD_COLORED";"[T0] Mage Adventurer's Heraldic Armored Horse";"";"";"";"";"";"";""
"Other";"";"";"Mage Statue";"UNIQUE_FURNITUREITEM_ADC_STATUE_MAGE_A";"[T0] Mage Statue";"";"";"";"";"";"";""
"Other";"";"";"Magic Rune Circle";"UNIQUE_FURNITUREITEM_ADC_HEALING_CIRCLE_A";"[T0] Magic Rune Circle";"";"";"";"";"";"";""
"Other";"";"";"Magical Tome";"T3_FURNITUREITEM_TROPHY_GENERAL";"[T3] Magical Tome";"";"";"";"";"";"";""
"Other";"";"";"Magician statue";"PLAYERISLAND_FURNITUREITEM_STONE_STATUE_MAGE_B";"[T0] Magician statue";"";"";"";"";"";"";""
"Other";"";"";"Major Acid Potion";"T7_POTION_ACID";"[T7] Major Acid Potion";"";"";"";"";"";"";""
"Other";"";"";"Major Berserk Potion";"T8_POTION_BERSERK";"[T8] Major Berserk Potion";"";"";"";"";"";"";""
"Other";"";"";"Major Calming Potion";"T7_POTION_MOB_RESET";"[T7] Major Calming Potion";"";"";"";"";"";"";""
"Other";"";"";"Major Cleansing Potion";"T7_POTION_CLEANSE2";"[T7] Major Cleansing Potion";"";"";"";"";"";"";""
"Other";"";"";"Major Energy Potion";"T6_POTION_ENERGY";"[T6] Major Energy Potion";"";"";"";"";"";"";""
"Other";"";"";"Major Gathering Potion";"T8_POTION_GATHER";"[T8] Major Gathering Potion";"";"";"";"";"";"";""
"Other";"";"";"Major Gigantify Potion";"T7_POTION_REVIVE";"[T7] Major Gigantify Potion";"";"";"";"";"";"";""
"Other";"";"";"Major Healing Potion";"T6_POTION_HEAL";"[T6] Major Healing Potion";"";"";"";"";"";"";""
"Other";"";"";"Major Hellfire Potion";"T8_POTION_LAVA";"[T8] Major Hellfire Potion";"";"";"";"";"";"";""
"Other";"";"";"Major Poison Potion";"T8_POTION_COOLDOWN";"[T8] Major Poison Potion";"";"";"";"";"";"";""
"Other";"";"";"Major Resistance Potion";"T7_POTION_STONESKIN";"[T7] Major Resistance Potion";"";"";"";"";"";"";""
"Other";"";"";"Major Sticky Potion";"T7_POTION_SLOWFIELD";"[T7] Major Sticky Potion";"";"";"";"";"";"";""
"Other";"";"";"Major Tornado in a Bottle";"T8_POTION_TORNADO";"[T8] Major Tornado in a Bottle";"";"";"";"";"";"";""
"Other";"";"";"Mammoth Calf";"T8_FARM_MAMMOTH_BABY";"[T8] Mammoth Calf";"";"";"";"";"";"";""
"Other";"";"";"Mammoth Skin: Black Market Palanquin";"UNIQUE_UNLOCK_SKIN_MAMMOTH_WEALTHY_AJ";"[T0] Mammoth Skin: Black Market Palanquin";"";"";"";"";"";"";""
"Other";"";"";"Marble";"T8_ROCK";"[T8] Marble";"";"";"";"";"";"";""
"Other";"";"";"Marble Block";"T8_STONEBLOCK";"[T8] Marble Block";"";"";"";"";"";"";""
"Other";"";"";"Marble Fragment";"T8_FURNITUREITEM_TROPHY_ROCK";"[T8] Marble Fragment";"";"";"";"";"";"";""
"Other";"";"";"Master Animal Skinner Tome";"T6_SKILLBOOK_GATHER_HIDE";"[T6] Master Animal Skinner Tome";"";"";"";"";"";"";""
"Other";"";"";"Master Blacksmith Contract";"T6_LABOURER_CONTRACT_WARRIOR";"[T6] Master Blacksmith Contract";"";"";"";"";"";"";""
"Other";"";"";"Master Blacksmith's Journal (Empty)";"T6_JOURNAL_WARRIOR_EMPTY";"[T6] Master Blacksmith's Journal (Empty)";"";"";"";"";"";"";""
"Other";"";"";"Master Blacksmith's Journal (Full)";"T6_JOURNAL_WARRIOR_FULL";"[T6] Master Blacksmith's Journal (Full)";"";"";"";"";"";"";""
"Other";"";"";"Master Blacksmith's Journal (Partially Full)";"T6_JOURNAL_WARRIOR";"[T6] Master Blacksmith's Journal (Partially Full)";"";"";"";"";"";"";""
"Other";"";"";"Master Cropper Contract";"T6_LABOURER_CONTRACT_FIBER";"[T6] Master Cropper Contract";"";"";"";"";"";"";""
"Other";"";"";"Master Cropper's Journal (Empty)";"T6_JOURNAL_FIBER_EMPTY";"[T6] Master Cropper's Journal (Empty)";"";"";"";"";"";"";""
"Other";"";"";"Master Cropper's Journal (Full)";"T6_JOURNAL_FIBER_FULL";"[T6] Master Cropper's Journal (Full)";"";"";"";"";"";"";""
"Other";"";"";"Master Cropper's Journal (Partially Full)";"T6_JOURNAL_FIBER";"[T6] Master Cropper's Journal (Partially Full)";"";"";"";"";"";"";""
"Other";"";"";"Master Cropper's Trophy Journal (Empty)";"T6_JOURNAL_TROPHY_FIBER_EMPTY";"[T6] Master Cropper's Trophy Journal (Empty)";"";"";"";"";"";"";""
"Other";"";"";"Master Cropper's Trophy Journal (Full)";"T6_JOURNAL_TROPHY_FIBER_FULL";"[T6] Master Cropper's Trophy Journal (Full)";"";"";"";"";"";"";""
"Other";"";"";"Master Cropper's Trophy Journal (Partially Full)";"T6_JOURNAL_TROPHY_FIBER";"[T6] Master Cropper's Trophy Journal (Partially Full)";"";"";"";"";"";"";""
"Other";"";"";"Master Fiber Harvester Tome";"T6_SKILLBOOK_GATHER_FIBER";"[T6] Master Fiber Harvester Tome";"";"";"";"";"";"";""
"Other";"";"";"Master Fisherman Contract";"T6_LABOURER_CONTRACT_FISHERMAN";"[T6] Master Fisherman Contract";"";"";"";"";"";"";""
"Other";"";"";"Master Fisherman's Journal (Empty)";"T6_JOURNAL_FISHING_EMPTY";"[T6] Master Fisherman's Journal (Empty)";"";"";"";"";"";"";""
"Other";"";"";"Master Fisherman's Journal (Full)";"T6_JOURNAL_FISHING_FULL";"[T6] Master Fisherman's Journal (Full)";"";"";"";"";"";"";""
"Other";"";"";"Master Fisherman's Journal (Partially Full)";"T6_JOURNAL_FISHING";"[T6] Master Fisherman's Journal (Partially Full)";"";"";"";"";"";"";""
"Other";"";"";"Master Fisherman's Trophy Journal (Empty)";"T6_JOURNAL_TROPHY_FISHING_EMPTY";"[T6] Master Fisherman's Trophy Journal (Empty)";"";"";"";"";"";"";""
"Other";"";"";"Master Fisherman's Trophy Journal (Full)";"T6_JOURNAL_TROPHY_FISHING_FULL";"[T6] Master Fisherman's Trophy Journal (Full)";"";"";"";"";"";"";""
"Other";"";"";"Master Fisherman's Trophy Journal (Partially Full)";"T6_JOURNAL_TROPHY_FISHING";"[T6] Master Fisherman's Trophy Journal (Partially Full)";"";"";"";"";"";"";""
"Other";"";"";"Master Fletcher Contract";"T6_LABOURER_CONTRACT_HUNTER";"[T6] Master Fletcher Contract";"";"";"";"";"";"";""
"Other";"";"";"Master Fletcher's Journal (Empty)";"T6_JOURNAL_HUNTER_EMPTY";"[T6] Master Fletcher's Journal (Empty)";"";"";"";"";"";"";""
"Other";"";"";"Master Fletcher's Journal (Full)";"T6_JOURNAL_HUNTER_FULL";"[T6] Master Fletcher's Journal (Full)";"";"";"";"";"";"";""
"Other";"";"";"Master Fletcher's Journal (Partially Full)";"T6_JOURNAL_HUNTER";"[T6] Master Fletcher's Journal (Partially Full)";"";"";"";"";"";"";""
"Other";"";"";"Master Gamekeeper Contract";"T6_LABOURER_CONTRACT_HIDE";"[T6] Master Gamekeeper Contract";"";"";"";"";"";"";""
"Other";"";"";"Master Gamekeeper's Journal (Empty)";"T6_JOURNAL_HIDE_EMPTY";"[T6] Master Gamekeeper's Journal (Empty)";"";"";"";"";"";"";""
"Other";"";"";"Master Gamekeeper's Journal (Full)";"T6_JOURNAL_HIDE_FULL";"[T6] Master Gamekeeper's Journal (Full)";"";"";"";"";"";"";""
"Other";"";"";"Master Gamekeeper's Journal (Partially Full)";"T6_JOURNAL_HIDE";"[T6] Master Gamekeeper's Journal (Partially Full)";"";"";"";"";"";"";""
"Other";"";"";"Master Gamekeeper's Trophy Journal (Empty)";"T6_JOURNAL_TROPHY_HIDE_EMPTY";"[T6] Master Gamekeeper's Trophy Journal (Empty)";"";"";"";"";"";"";""
"Other";"";"";"Master Gamekeeper's Trophy Journal (Full)";"T6_JOURNAL_TROPHY_HIDE_FULL";"[T6] Master Gamekeeper's Trophy Journal (Full)";"";"";"";"";"";"";""
"Other";"";"";"Master Gamekeeper's Trophy Journal (Partially Full)";"T6_JOURNAL_TROPHY_HIDE";"[T6] Master Gamekeeper's Trophy Journal (Partially Full)";"";"";"";"";"";"";""
"Other";"";"";"Master Imbuer Contract";"T6_LABOURER_CONTRACT_MAGE";"[T6] Master Imbuer Contract";"";"";"";"";"";"";""
"Other";"";"";"Master Imbuer's Journal (Empty)";"T6_JOURNAL_MAGE_EMPTY";"[T6] Master Imbuer's Journal (Empty)";"";"";"";"";"";"";""
"Other";"";"";"Master Imbuer's Journal (Full)";"T6_JOURNAL_MAGE_FULL";"[T6] Master Imbuer's Journal (Full)";"";"";"";"";"";"";""
"Other";"";"";"Master Imbuer's Journal (Partially Full)";"T6_JOURNAL_MAGE";"[T6] Master Imbuer's Journal (Partially Full)";"";"";"";"";"";"";""
"Other";"";"";"Master Lumberjack Contract";"T6_LABOURER_CONTRACT_WOOD";"[T6] Master Lumberjack Contract";"";"";"";"";"";"";""
"Other";"";"";"Master Lumberjack Tome";"T6_SKILLBOOK_GATHER_WOOD";"[T6] Master Lumberjack Tome";"";"";"";"";"";"";""
"Other";"";"";"Master Lumberjack's Journal (Empty)";"T6_JOURNAL_WOOD_EMPTY";"[T6] Master Lumberjack's Journal (Empty)";"";"";"";"";"";"";""
"Other";"";"";"Master Lumberjack's Journal (Full)";"T6_JOURNAL_WOOD_FULL";"[T6] Master Lumberjack's Journal (Full)";"";"";"";"";"";"";""
"Other";"";"";"Master Lumberjack's Journal (Partially Full)";"T6_JOURNAL_WOOD";"[T6] Master Lumberjack's Journal (Partially Full)";"";"";"";"";"";"";""
"Other";"";"";"Master Lumberjack's Trophy Journal (Empty)";"T6_JOURNAL_TROPHY_WOOD_EMPTY";"[T6] Master Lumberjack's Trophy Journal (Empty)";"";"";"";"";"";"";""
"Other";"";"";"Master Lumberjack's Trophy Journal (Full)";"T6_JOURNAL_TROPHY_WOOD_FULL";"[T6] Master Lumberjack's Trophy Journal (Full)";"";"";"";"";"";"";""
"Other";"";"";"Master Lumberjack's Trophy Journal (Partially Full)";"T6_JOURNAL_TROPHY_WOOD";"[T6] Master Lumberjack's Trophy Journal (Partially Full)";"";"";"";"";"";"";""
"Other";"";"";"Master Mercenary Contract";"T6_LABOURER_CONTRACT_MERCENARY";"[T6] Master Mercenary Contract";"";"";"";"";"";"";""
"Other";"";"";"Master Mercenary's Journal (Empty)";"T6_JOURNAL_MERCENARY_EMPTY";"[T6] Master Mercenary's Journal (Empty)";"";"";"";"";"";"";""
"Other";"";"";"Master Mercenary's Journal (Full)";"T6_JOURNAL_MERCENARY_FULL";"[T6] Master Mercenary's Journal (Full)";"";"";"";"";"";"";""
"Other";"";"";"Master Mercenary's Journal (Partially Full)";"T6_JOURNAL_MERCENARY";"[T6] Master Mercenary's Journal (Partially Full)";"";"";"";"";"";"";""
"Other";"";"";"Master Mercenary's Trophy";"T6_FURNITUREITEM_TROPHY_MERCENARY";"[T6] Master Mercenary's Trophy";"";"";"";"";"";"";""
"Other";"";"";"Master Mercenary's Trophy Journal (Empty)";"T6_JOURNAL_TROPHY_MERCENARY_EMPTY";"[T6] Master Mercenary's Trophy Journal (Empty)";"";"";"";"";"";"";""
"Other";"";"";"Master Mercenary's Trophy Journal (Full)";"T6_JOURNAL_TROPHY_MERCENARY_FULL";"[T6] Master Mercenary's Trophy Journal (Full)";"";"";"";"";"";"";""
"Other";"";"";"Master Mercenary's Trophy Journal (Partially Full)";"T6_JOURNAL_TROPHY_MERCENARY";"[T6] Master Mercenary's Trophy Journal (Partially Full)";"";"";"";"";"";"";""
"Other";"";"";"Master of Fists Horse";"SKIN_HORSE_MONK";"[T0] Master of Fists Horse";"";"";"";"";"";"";""
"Other";"";"";"Master Ore Miner Tome";"T6_SKILLBOOK_GATHER_ORE";"[T6] Master Ore Miner Tome";"";"";"";"";"";"";""
"Other";"";"";"Master Prospector Contract";"T6_LABOURER_CONTRACT_ORE";"[T6] Master Prospector Contract";"";"";"";"";"";"";""
"Other";"";"";"Master Prospector's Journal (Empty)";"T6_JOURNAL_ORE_EMPTY";"[T6] Master Prospector's Journal (Empty)";"";"";"";"";"";"";""
"Other";"";"";"Master Prospector's Journal (Full)";"T6_JOURNAL_ORE_FULL";"[T6] Master Prospector's Journal (Full)";"";"";"";"";"";"";""
"Other";"";"";"Master Prospector's Journal (Partially Full)";"T6_JOURNAL_ORE";"[T6] Master Prospector's Journal (Partially Full)";"";"";"";"";"";"";""
"Other";"";"";"Master Prospector's Trophy Journal (Empty)";"T6_JOURNAL_TROPHY_ORE_EMPTY";"[T6] Master Prospector's Trophy Journal (Empty)";"";"";"";"";"";"";""
"Other";"";"";"Master Prospector's Trophy Journal (Full)";"T6_JOURNAL_TROPHY_ORE_FULL";"[T6] Master Prospector's Trophy Journal (Full)";"";"";"";"";"";"";""
"Other";"";"";"Master Prospector's Trophy Journal (Partially Full)";"T6_JOURNAL_TROPHY_ORE";"[T6] Master Prospector's Trophy Journal (Partially Full)";"";"";"";"";"";"";""
"Other";"";"";"Master Quarrier Tome";"T6_SKILLBOOK_GATHER_ROCK";"[T6] Master Quarrier Tome";"";"";"";"";"";"";""
"Other";"";"";"Master Stonecutter Contract";"T6_LABOURER_CONTRACT_STONE";"[T6] Master Stonecutter Contract";"";"";"";"";"";"";""
"Other";"";"";"Master Stonecutter's Journal (Empty)";"T6_JOURNAL_STONE_EMPTY";"[T6] Master Stonecutter's Journal (Empty)";"";"";"";"";"";"";""
"Other";"";"";"Master Stonecutter's Journal (Full)";"T6_JOURNAL_STONE_FULL";"[T6] Master Stonecutter's Journal (Full)";"";"";"";"";"";"";""
"Other";"";"";"Master Stonecutter's Journal (Partially Full)";"T6_JOURNAL_STONE";"[T6] Master Stonecutter's Journal (Partially Full)";"";"";"";"";"";"";""
"Other";"";"";"Master Stonecutter's Trophy Journal (Empty)";"T6_JOURNAL_TROPHY_STONE_EMPTY";"[T6] Master Stonecutter's Trophy Journal (Empty)";"";"";"";"";"";"";""
"Other";"";"";"Master Stonecutter's Trophy Journal (Full)";"T6_JOURNAL_TROPHY_STONE_FULL";"[T6] Master Stonecutter's Trophy Journal (Full)";"";"";"";"";"";"";""
"Other";"";"";"Master Stonecutter's Trophy Journal (Partially Full)";"T6_JOURNAL_TROPHY_STONE";"[T6] Master Stonecutter's Trophy Journal (Partially Full)";"";"";"";"";"";"";""
"Other";"";"";"Master Tinker Contract";"T6_LABOURER_CONTRACT_TOOLMAKER";"[T6] Master Tinker Contract";"";"";"";"";"";"";""
"Other";"";"";"Master Tinker's Journal (Empty)";"T6_JOURNAL_TOOLMAKER_EMPTY";"[T6] Master Tinker's Journal (Empty)";"";"";"";"";"";"";""
"Other";"";"";"Master Tinker's Journal (Full)";"T6_JOURNAL_TOOLMAKER_FULL";"[T6] Master Tinker's Journal (Full)";"";"";"";"";"";"";""
"Other";"";"";"Master Tinker's Journal (Partially Full)";"T6_JOURNAL_TOOLMAKER";"[T6] Master Tinker's Journal (Partially Full)";"";"";"";"";"";"";""
"Other";"";"";"Mechanical Boar";"SKIN_DIREBOAR_MECHANICAL_AJ";"[T0] Mechanical Boar";"";"";"";"";"";"";""
"Other";"";"";"Medium Hide";"T4_HIDE";"[T4] Medium Hide";"";"";"";"";"";"";""
"Other";"";"";"Memorial of the Fallen";"UNIQUE_FURNITUREITEM_ADC_GRAVE_B";"[T0] Memorial of the Fallen";"";"";"";"";"";"";""
"Other";"";"";"Merchant's Avatar";"UNIQUE_AVATAR_AJ_ECONOMY_01";"[T0] Merchant's Avatar";"";"";"";"";"";"";""
"Other";"";"";"Merchant's Avatar Ring";"UNIQUE_AVATARRING_AJ_ECONOMY_01";"[T0] Merchant's Avatar Ring";"";"";"";"";"";"";""
"Other";"";"";"Meteorite Ore";"T7_ORE";"[T7] Meteorite Ore";"";"";"";"";"";"";""
"Other";"";"";"Meteorite Ore Sample";"T7_FURNITUREITEM_TROPHY_ORE";"[T7] Meteorite Ore Sample";"";"";"";"";"";"";""
"Other";"";"";"Meteorite Steel Bar";"T7_METALBAR";"[T7] Meteorite Steel Bar";"";"";"";"";"";"";""
"Other";"";"";"Midwater Octopus";"T5_FISH_SALTWATER_ALL_RARE";"[T5] Midwater Octopus";"";"";"";"";"";"";""
"Other";"";"";"Midwater Octopus Salad";"T4_MEAL_SALAD_FISH";"[T4] Midwater Octopus Salad";"";"";"";"";"";"";""
"Other";"";"";"Miner Backpack";"T4_BACKPACK_GATHERER_ORE";"[T4] Adept's Miner Backpack";"";"";"";"";"";"";""
"Other";"";"";"Minor Acid Potion";"T3_POTION_ACID";"[T3] Minor Acid Potion";"";"";"";"";"";"";""
"Other";"";"";"Minor Berserk Potion";"T4_POTION_BERSERK";"[T4] Minor Berserk Potion";"";"";"";"";"";"";""
"Other";"";"";"Minor Calming Potion";"T3_POTION_MOB_RESET";"[T3] Minor Calming Potion";"";"";"";"";"";"";""
"Other";"";"";"Minor Cleansing Potion";"T3_POTION_CLEANSE2";"[T3] Minor Cleansing Potion";"";"";"";"";"";"";""
"Other";"";"";"Minor Energy Potion";"T2_POTION_ENERGY";"[T2] Minor Energy Potion";"";"";"";"";"";"";""
"Other";"";"";"Minor Gathering Potion";"T4_POTION_GATHER";"[T4] Minor Gathering Potion";"";"";"";"";"";"";""
"Other";"";"";"Minor Gigantify Potion";"T3_POTION_REVIVE";"[T3] Minor Gigantify Potion";"";"";"";"";"";"";""
"Other";"";"";"Minor Healing Potion";"T2_POTION_HEAL";"[T2] Minor Healing Potion";"";"";"";"";"";"";""
"Other";"";"";"Minor Hellfire Potion";"T4_POTION_LAVA";"[T4] Minor Hellfire Potion";"";"";"";"";"";"";""
"Other";"";"";"Minor Poison Potion";"T4_POTION_COOLDOWN";"[T4] Minor Poison Potion";"";"";"";"";"";"";""
"Other";"";"";"Minor Resistance Potion";"T3_POTION_STONESKIN";"[T3] Minor Resistance Potion";"";"";"";"";"";"";""
"Other";"";"";"Minor Sticky Potion";"T3_POTION_SLOWFIELD";"[T3] Minor Sticky Potion";"";"";"";"";"";"";""
"Other";"";"";"Minor Tornado in a Bottle";"T4_POTION_TORNADO";"[T4] Minor Tornado in a Bottle";"";"";"";"";"";"";""
"Other";"";"";"Mistbison";"SKIN_OX_MIST";"[T0] Mistbison";"";"";"";"";"";"";""
"Other";"";"";"Mistprowler";"SKIN_COUGAR_RANGER";"[T0] Mistprowler";"";"";"";"";"";"";""
"Other";"";"";"Miststalker";"SKIN_COUGAR_MIST";"[T0] Miststalker";"";"";"";"";"";"";""
"Other";"";"";"Mistwolf";"SKIN_DIREWOLF_MIST";"[T0] Mistwolf";"";"";"";"";"";"";""
"Other";"";"";"Mobile Banner Victory Emote Charge";"T1_KILL_EMOTE_FLAG_MOBILE_CHARGES_NONTRADABLE";"[T1] Mobile Banner Victory Emote Charge";"";"";"";"";"";"";""
"Other";"";"";"Modest Arena Display";"UNIQUE_FURNITUREITEM_VANITY_ARENA_BANNER_01";"[T0] Modest Arena Display";"";"";"";"";"";"";""
"Other";"";"";"Moose";"T6_MOUNT_GIANTSTAG_MOOSE";"[T6] Moose";"";"";"";"";"";"";""
"Other";"";"";"Moose Calf";"T6_FARM_GIANTSTAG_MOOSE_BABY";"[T6] Moose Calf";"";"";"";"";"";"";""
"Other";"";"";"Morgana Candle Stand";"UNIQUE_FURNITUREITEM_MORGANA_CANDLESTAND_A";"[T0] Morgana Candle Stand";"";"";"";"";"";"";""
"Other";"";"";"Morgana Carpet";"UNIQUE_FURNITUREITEM_MORGANA_CARPET_A";"[T0] Morgana Carpet";"";"";"";"";"";"";""
"Other";"";"";"Morgana Challenge Chest";"UNIQUE_LOOTCHEST_ADC_MAY2019";"[T0] Morgana Challenge Chest";"";"";"";"";"";"";""
"Other";"";"";"Morgana Cultist Statue";"UNIQUE_FURNITUREITEM_MORGANA_STATUE_A";"[T0] Morgana Cultist Statue";"";"";"";"";"";"";""
"Other";"";"";"Morgana Mare";"SKIN_ARMORED_HORSE_MORGANA";"[T0] Morgana Mare";"";"";"";"";"";"";""
"Other";"";"";"Morgana Mare Saddle";"T5_MOUNTUPGRADE_HORSE_MORGANA";"[T5] Morgana Mare Saddle";"";"";"";"";"";"";""
"Other";"";"";"Morgana Nightmare";"T8_MOUNT_ARMORED_HORSE_MORGANA@1";"[T8] Morgana Nightmare .1";"";"";"";"";"";"";""
"Other";"";"";"Morgana Raven";"UNIQUE_MOUNT_MORGANA_RAVEN_ADC";"[T0] Morgana Raven";"";"";"";"";"";"";""
"Other";"";"";"Morgana Stone Archway";"UNIQUE_FURNITUREITEM_MORGANA_ARCHWAY_A";"[T0] Morgana Stone Archway";"";"";"";"";"";"";""
"Other";"";"";"Morgana's Favor";"QUESTITEM_TOKEN_MORGANA";"[T0] Morgana's Favor";"";"";"";"";"";"";""
"Other";"";"";"Mountain Blindeye";"T5_FISH_FRESHWATER_MOUNTAIN_RARE";"[T5] Mountain Blindeye";"";"";"";"";"";"";""
"Other";"";"";"Mountain Blindeye Pie";"T5_MEAL_PIE_FISH";"[T5] Mountain Blindeye Pie";"";"";"";"";"";"";""
"Other";"";"";"Mountainheart";"T1_FACTION_MOUNTAIN_TOKEN_1";"[T1] Mountainheart";"";"";"";"";"";"";""
"Other";"";"";"Mule";"T2_MOUNT_MULE";"[T2] Novice's Mule";"";"";"";"";"";"";""
"Other";"";"";"Mule Skin: Jack o' Donkey";"UNIQUE_UNLOCK_SKIN_DONKEY_HALLOWEEN";"[T0] Mule Skin: Jack o' Donkey";"";"";"";"";"";"";""
"Other";"";"";"Mule Skin: Recruiter's Donkey";"UNIQUE_UNLOCK_SKIN_DONKEY_UNIQUE_TELLAFRIEND";"[T0] Mule Skin: Recruiter's Donkey";"";"";"";"";"";"";""
"Other";"";"";"Murkwater Clam";"T5_FISH_FRESHWATER_SWAMP_RARE";"[T5] Murkwater Clam";"";"";"";"";"";"";""
"Other";"";"";"Murkwater Clam Soup";"T3_MEAL_SOUP_FISH";"[T3] Murkwater Clam Soup";"";"";"";"";"";"";""
"Other";"";"";"Mutton Sandwich";"T6_MEAL_SANDWICH";"[T6] Mutton Sandwich";"";"";"";"";"";"";""
"Other";"";"";"Mutton Stew";"T6_MEAL_STEW";"[T6] Mutton Stew";"";"";"";"";"";"";""
"Other";"";"";"Mystic Owlet";"T5_FARM_OWL_FW_BRECILIEN_BABY";"[T5] Mystic Owlet";"";"";"";"";"";"";""
"Other";"";"";"Nature stone sigil";"PLAYERISLAND_FURNITUREITEM_STONE_NATURE_EMBLEM_GROUND_B";"[T0] Nature stone sigil";"";"";"";"";"";"";""
"Other";"";"";"Neat Cloth";"T3_CLOTH";"[T3] Neat Cloth";"";"";"";"";"";"";""
"Other";"";"";"Nebulous Memento";"UNIQUE_FURNITUREITEM_KILLTROPHY_MISTS_LARGE";"[T0] Nebulous Memento";"";"";"";"";"";"";""
"Other";"";"";"Necromantic Elixir";"T5_MOUNTUPGRADE_HORSE_CURSE";"[T5] Necromantic Elixir";"";"";"";"";"";"";""
"Other";"";"";"Nightshade Unicorn";"SKIN_HORSE_UNICORN";"[T0] Nightshade Unicorn";"";"";"";"";"";"";""
"Other";"";"";"Noble Community Chest";"UNIQUE_LOOTCHEST_AOCP";"[T0] Noble Community Chest";"";"";"";"";"";"";""
"Other";"";"";"Noble Community Token";"UNIQUE_TOKEN_AOCP";"[T0] Noble Community Token";"";"";"";"";"";"";""
"Other";"";"";"Novice Blacksmith Contract";"T2_LABOURER_CONTRACT_WARRIOR";"[T2] Novice Blacksmith Contract";"";"";"";"";"";"";""
"Other";"";"";"Novice Blacksmith's Journal (Empty)";"T2_JOURNAL_WARRIOR_EMPTY";"[T2] Novice Blacksmith's Journal (Empty)";"";"";"";"";"";"";""
"Other";"";"";"Novice Blacksmith's Journal (Full)";"T2_JOURNAL_WARRIOR_FULL";"[T2] Novice Blacksmith's Journal (Full)";"";"";"";"";"";"";""
"Other";"";"";"Novice Blacksmith's Journal (Partially Full)";"T2_JOURNAL_WARRIOR";"[T2] Novice Blacksmith's Journal (Partially Full)";"";"";"";"";"";"";""
"Other";"";"";"Novice Cropper Contract";"T2_LABOURER_CONTRACT_FIBER";"[T2] Novice Cropper Contract";"";"";"";"";"";"";""
"Other";"";"";"Novice Cropper's Journal (Empty)";"T2_JOURNAL_FIBER_EMPTY";"[T2] Novice Cropper's Journal (Empty)";"";"";"";"";"";"";""
"Other";"";"";"Novice Cropper's Journal (Full)";"T2_JOURNAL_FIBER_FULL";"[T2] Novice Cropper's Journal (Full)";"";"";"";"";"";"";""
"Other";"";"";"Novice Cropper's Journal (Partially Full)";"T2_JOURNAL_FIBER";"[T2] Novice Cropper's Journal (Partially Full)";"";"";"";"";"";"";""
"Other";"";"";"Novice Cropper's Trophy Journal (Empty)";"T2_JOURNAL_TROPHY_FIBER_EMPTY";"[T2] Novice Cropper's Trophy Journal (Empty)";"";"";"";"";"";"";""
"Other";"";"";"Novice Cropper's Trophy Journal (Full)";"T2_JOURNAL_TROPHY_FIBER_FULL";"[T2] Novice Cropper's Trophy Journal (Full)";"";"";"";"";"";"";""
"Other";"";"";"Novice Cropper's Trophy Journal (Partially Full)";"T2_JOURNAL_TROPHY_FIBER";"[T2] Novice Cropper's Trophy Journal (Partially Full)";"";"";"";"";"";"";""
"Other";"";"";"Novice Fisherman Contract";"T2_LABOURER_CONTRACT_FISHERMAN";"[T2] Novice Fisherman Contract";"";"";"";"";"";"";""
"Other";"";"";"Novice Fisherman's Journal (Empty)";"T2_JOURNAL_FISHING_EMPTY";"[T2] Novice Fisherman's Journal (Empty)";"";"";"";"";"";"";""
"Other";"";"";"Novice Fisherman's Journal (Full)";"T2_JOURNAL_FISHING_FULL";"[T2] Novice Fisherman's Journal (Full)";"";"";"";"";"";"";""
"Other";"";"";"Novice Fisherman's Journal (Partially Full)";"T2_JOURNAL_FISHING";"[T2] Novice Fisherman's Journal (Partially Full)";"";"";"";"";"";"";""
"Other";"";"";"Novice Fisherman's Trophy Journal (Empty)";"T2_JOURNAL_TROPHY_FISHING_EMPTY";"[T2] Novice Fisherman's Trophy Journal (Empty)";"";"";"";"";"";"";""
"Other";"";"";"Novice Fisherman's Trophy Journal (Full)";"T2_JOURNAL_TROPHY_FISHING_FULL";"[T2] Novice Fisherman's Trophy Journal (Full)";"";"";"";"";"";"";""
"Other";"";"";"Novice Fisherman's Trophy Journal (Partially Full)";"T2_JOURNAL_TROPHY_FISHING";"[T2] Novice Fisherman's Trophy Journal (Partially Full)";"";"";"";"";"";"";""
"Other";"";"";"Novice Fletcher Contract";"T2_LABOURER_CONTRACT_HUNTER";"[T2] Novice Fletcher Contract";"";"";"";"";"";"";""
"Other";"";"";"Novice Fletcher's Journal (Empty)";"T2_JOURNAL_HUNTER_EMPTY";"[T2] Novice Fletcher's Journal (Empty)";"";"";"";"";"";"";""
"Other";"";"";"Novice Fletcher's Journal (Full)";"T2_JOURNAL_HUNTER_FULL";"[T2] Novice Fletcher's Journal (Full)";"";"";"";"";"";"";""
"Other";"";"";"Novice Fletcher's Journal (Partially Full)";"T2_JOURNAL_HUNTER";"[T2] Novice Fletcher's Journal (Partially Full)";"";"";"";"";"";"";""
"Other";"";"";"Novice Gamekeeper Contract";"T2_LABOURER_CONTRACT_HIDE";"[T2] Novice Gamekeeper Contract";"";"";"";"";"";"";""
"Other";"";"";"Novice Gamekeeper's Journal (Empty)";"T2_JOURNAL_HIDE_EMPTY";"[T2] Novice Gamekeeper's Journal (Empty)";"";"";"";"";"";"";""
"Other";"";"";"Novice Gamekeeper's Journal (Full)";"T2_JOURNAL_HIDE_FULL";"[T2] Novice Gamekeeper's Journal (Full)";"";"";"";"";"";"";""
"Other";"";"";"Novice Gamekeeper's Journal (Partially Full)";"T2_JOURNAL_HIDE";"[T2] Novice Gamekeeper's Journal (Partially Full)";"";"";"";"";"";"";""
"Other";"";"";"Novice Gamekeeper's Trophy Journal (Empty)";"T2_JOURNAL_TROPHY_HIDE_EMPTY";"[T2] Novice Gamekeeper's Trophy Journal (Empty)";"";"";"";"";"";"";""
"Other";"";"";"Novice Gamekeeper's Trophy Journal (Full)";"T2_JOURNAL_TROPHY_HIDE_FULL";"[T2] Novice Gamekeeper's Trophy Journal (Full)";"";"";"";"";"";"";""
"Other";"";"";"Novice Gamekeeper's Trophy Journal (Partially Full)";"T2_JOURNAL_TROPHY_HIDE";"[T2] Novice Gamekeeper's Trophy Journal (Partially Full)";"";"";"";"";"";"";""
"Other";"";"";"Novice Imbuer Contract";"T2_LABOURER_CONTRACT_MAGE";"[T2] Novice Imbuer Contract";"";"";"";"";"";"";""
"Other";"";"";"Novice Imbuer's Journal (Empty)";"T2_JOURNAL_MAGE_EMPTY";"[T2] Novice Imbuer's Journal (Empty)";"";"";"";"";"";"";""
"Other";"";"";"Novice Imbuer's Journal (Full)";"T2_JOURNAL_MAGE_FULL";"[T2] Novice Imbuer's Journal (Full)";"";"";"";"";"";"";""
"Other";"";"";"Novice Imbuer's Journal (Partially Full)";"T2_JOURNAL_MAGE";"[T2] Novice Imbuer's Journal (Partially Full)";"";"";"";"";"";"";""
"Other";"";"";"Novice Lumberjack Contract";"T2_LABOURER_CONTRACT_WOOD";"[T2] Novice Lumberjack Contract";"";"";"";"";"";"";""
"Other";"";"";"Novice Lumberjack's Journal (Empty)";"T2_JOURNAL_WOOD_EMPTY";"[T2] Novice Lumberjack's Journal (Empty)";"";"";"";"";"";"";""
"Other";"";"";"Novice Lumberjack's Journal (Full)";"T2_JOURNAL_WOOD_FULL";"[T2] Novice Lumberjack's Journal (Full)";"";"";"";"";"";"";""
"Other";"";"";"Novice Lumberjack's Journal (Partially Full)";"T2_JOURNAL_WOOD";"[T2] Novice Lumberjack's Journal (Partially Full)";"";"";"";"";"";"";""
"Other";"";"";"Novice Lumberjack's Trophy Journal (Empty)";"T2_JOURNAL_TROPHY_WOOD_EMPTY";"[T2] Novice Lumberjack's Trophy Journal (Empty)";"";"";"";"";"";"";""
"Other";"";"";"Novice Lumberjack's Trophy Journal (Full)";"T2_JOURNAL_TROPHY_WOOD_FULL";"[T2] Novice Lumberjack's Trophy Journal (Full)";"";"";"";"";"";"";""
"Other";"";"";"Novice Lumberjack's Trophy Journal (Partially Full)";"T2_JOURNAL_TROPHY_WOOD";"[T2] Novice Lumberjack's Trophy Journal (Partially Full)";"";"";"";"";"";"";""
"Other";"";"";"Novice Mercenary Contract";"T2_LABOURER_CONTRACT_MERCENARY";"[T2] Novice Mercenary Contract";"";"";"";"";"";"";""
"Other";"";"";"Novice Mercenary's Journal (Empty)";"T2_JOURNAL_MERCENARY_EMPTY";"[T2] Novice Mercenary's Journal (Empty)";"";"";"";"";"";"";""
"Other";"";"";"Novice Mercenary's Journal (Full)";"T2_JOURNAL_MERCENARY_FULL";"[T2] Novice Mercenary's Journal (Full)";"";"";"";"";"";"";""
"Other";"";"";"Novice Mercenary's Journal (Partially Full)";"T2_JOURNAL_MERCENARY";"[T2] Novice Mercenary's Journal (Partially Full)";"";"";"";"";"";"";""
"Other";"";"";"Novice Mercenary's Trophy";"T2_FURNITUREITEM_TROPHY_MERCENARY";"[T2] Novice Mercenary's Trophy";"";"";"";"";"";"";""
"Other";"";"";"Novice Mercenary's Trophy Journal (Empty)";"T2_JOURNAL_TROPHY_MERCENARY_EMPTY";"[T2] Novice Mercenary's Trophy Journal (Empty)";"";"";"";"";"";"";""
"Other";"";"";"Novice Mercenary's Trophy Journal (Full)";"T2_JOURNAL_TROPHY_MERCENARY_FULL";"[T2] Novice Mercenary's Trophy Journal (Full)";"";"";"";"";"";"";""
"Other";"";"";"Novice Mercenary's Trophy Journal (Partially Full)";"T2_JOURNAL_TROPHY_MERCENARY";"[T2] Novice Mercenary's Trophy Journal (Partially Full)";"";"";"";"";"";"";""
"Other";"";"";"Novice Prospector Contract";"T2_LABOURER_CONTRACT_ORE";"[T2] Novice Prospector Contract";"";"";"";"";"";"";""
"Other";"";"";"Novice Prospector's Journal (Empty)";"T2_JOURNAL_ORE_EMPTY";"[T2] Novice Prospector's Journal (Empty)";"";"";"";"";"";"";""
"Other";"";"";"Novice Prospector's Journal (Full)";"T2_JOURNAL_ORE_FULL";"[T2] Novice Prospector's Journal (Full)";"";"";"";"";"";"";""
"Other";"";"";"Novice Prospector's Journal (Partially Full)";"T2_JOURNAL_ORE";"[T2] Novice Prospector's Journal (Partially Full)";"";"";"";"";"";"";""
"Other";"";"";"Novice Prospector's Trophy Journal (Empty)";"T2_JOURNAL_TROPHY_ORE_EMPTY";"[T2] Novice Prospector's Trophy Journal (Empty)";"";"";"";"";"";"";""
"Other";"";"";"Novice Prospector's Trophy Journal (Full)";"T2_JOURNAL_TROPHY_ORE_FULL";"[T2] Novice Prospector's Trophy Journal (Full)";"";"";"";"";"";"";""
"Other";"";"";"Novice Prospector's Trophy Journal (Partially Full)";"T2_JOURNAL_TROPHY_ORE";"[T2] Novice Prospector's Trophy Journal (Partially Full)";"";"";"";"";"";"";""
"Other";"";"";"Novice Stonecutter Contract";"T2_LABOURER_CONTRACT_STONE";"[T2] Novice Stonecutter Contract";"";"";"";"";"";"";""
"Other";"";"";"Novice Stonecutter's Journal (Empty)";"T2_JOURNAL_STONE_EMPTY";"[T2] Novice Stonecutter's Journal (Empty)";"";"";"";"";"";"";""
"Other";"";"";"Novice Stonecutter's Journal (Full)";"T2_JOURNAL_STONE_FULL";"[T2] Novice Stonecutter's Journal (Full)";"";"";"";"";"";"";""
"Other";"";"";"Novice Stonecutter's Journal (Partially Full)";"T2_JOURNAL_STONE";"[T2] Novice Stonecutter's Journal (Partially Full)";"";"";"";"";"";"";""
"Other";"";"";"Novice Stonecutter's Trophy Journal (Empty)";"T2_JOURNAL_TROPHY_STONE_EMPTY";"[T2] Novice Stonecutter's Trophy Journal (Empty)";"";"";"";"";"";"";""
"Other";"";"";"Novice Stonecutter's Trophy Journal (Full)";"T2_JOURNAL_TROPHY_STONE_FULL";"[T2] Novice Stonecutter's Trophy Journal (Full)";"";"";"";"";"";"";""
"Other";"";"";"Novice Stonecutter's Trophy Journal (Partially Full)";"T2_JOURNAL_TROPHY_STONE";"[T2] Novice Stonecutter's Trophy Journal (Partially Full)";"";"";"";"";"";"";""
"Other";"";"";"Novice Tinker Contract";"T2_LABOURER_CONTRACT_TOOLMAKER";"[T2] Novice Tinker Contract";"";"";"";"";"";"";""
"Other";"";"";"Novice Tinker's Journal (Empty)";"T2_JOURNAL_TOOLMAKER_EMPTY";"[T2] Novice Tinker's Journal (Empty)";"";"";"";"";"";"";""
"Other";"";"";"Novice Tinker's Journal (Full)";"T2_JOURNAL_TOOLMAKER_FULL";"[T2] Novice Tinker's Journal (Full)";"";"";"";"";"";"";""
"Other";"";"";"Novice Tinker's Journal (Partially Full)";"T2_JOURNAL_TOOLMAKER";"[T2] Novice Tinker's Journal (Partially Full)";"";"";"";"";"";"";""
"Other";"";"";"Occult Cougar";"SKIN_COUGAR_OCCULT";"[T0] Occult Cougar";"";"";"";"";"";"";""
"Other";"";"";"Occult Octavo";"T7_FURNITUREITEM_TROPHY_GENERAL";"[T7] Occult Octavo";"";"";"";"";"";"";""
"Other";"";"";"Ol' Betsy";"SKIN_OX_BETSY_TELLAFRIEND";"[T0] Ol' Betsy";"";"";"";"";"";"";""
"Other";"";"";"Opulent Cloth";"T7_CLOTH";"[T7] Opulent Cloth";"";"";"";"";"";"";""
"Other";"";"";"Ornamental Scepter";"TREASURE_CEREMONIAL_RARITY1";"[T0] Ornamental Scepter";"";"";"";"";"";"";""
"Other";"";"";"Ornate Cloth";"T5_CLOTH";"[T5] Ornate Cloth";"";"";"";"";"";"";""
"Other";"";"";"Ornate Lantern";"PLAYERISLAND_FURNITUREITEM_NOBLE_STREET_LANTERN_A";"[T0] Ornate Lantern";"";"";"";"";"";"";""
"Other";"";"";"Outlands Map Carpet";"UNIQUE_FURNITUREITEM_OLD_OUTLAND_CARPET";"[T0] Outlands Map Carpet";"";"";"";"";"";"";""
"Other";"";"";"Overgrown Victory Emote Charge";"T1_KILL_EMOTE_OVERGROWN_CHARGES_NONTRADABLE";"[T1] Overgrown Victory Emote Charge";"";"";"";"";"";"";""
"Other";"";"";"Ox";"T3_FARM_OX_GROWN";"[T3] Journeyman's Ox";"";"";"";"";"";"";""
"Other";"";"";"Ox Calf";"T3_FARM_OX_BABY";"[T3] Journeyman's Ox Calf";"";"";"";"";"";"";""
"Other";"";"";"Paladin's Heraldic Warhorse";"SKIN_ARMORED_HORSE_PALADIN_GUILD_COLORED";"[T0] Paladin's Heraldic Warhorse";"";"";"";"";"";"";""
"Other";"";"";"Paladin's Warhorse";"SKIN_ARMORED_HORSE_PALADIN";"[T0] Paladin's Warhorse";"";"";"";"";"";"";""
"Other";"";"";"Panda";"SKIN_DIREBEAR_PANDA_TELLAFRIEND";"[T0] Panda";"";"";"";"";"";"";""
"Other";"";"";"Pegasus";"SKIN_HORSE_PEGASUS_LIGHT";"[T0] Pegasus";"";"";"";"";"";"";""
"Other";"";"";"Pentagram (Disciples of Morgana)";"UNIQUE_FURNITUREITEM_MORGANA_PENTAGRAM@3";"[T0] Pentagram (Disciples of Morgana) .3";"";"";"";"";"";"";""
"Other";"";"";"Perch Trophy";"T3_FURNITUREITEM_TROPHY_FISH";"[T3] Perch Trophy";"";"";"";"";"";"";""
"Other";"";"";"Pest Lizard";"T7_MOUNT_MONITORLIZARD_ADC";"[T7] Pest Lizard";"";"";"";"";"";"";""
"Other";"";"";"Pig";"T7_FARM_PIG_GROWN";"[T7] Pig";"";"";"";"";"";"";""
"Other";"";"";"Piglet";"T7_FARM_PIG_BABY";"[T7] Piglet";"";"";"";"";"";"";""
"Other";"";"";"Pike Trophy";"T4_FURNITUREITEM_TROPHY_FISH";"[T4] Pike Trophy";"";"";"";"";"";"";""
"Other";"";"";"Pile of Tomes";"UNIQUE_LOOTCHEST_SKILLBOOKS_TELLAFRIEND";"[T0] Pile of Tomes";"";"";"";"";"";"";""
"Other";"";"";"Pine Bonsai";"T4_FURNITUREITEM_TROPHY_WOOD";"[T4] Pine Bonsai";"";"";"";"";"";"";""
"Other";"";"";"Pine Logs";"T4_WOOD";"[T4] Pine Logs";"";"";"";"";"";"";""
"Other";"";"";"Pine Planks";"T4_PLANKS";"[T4] Pine Planks";"";"";"";"";"";"";""
"Other";"";"";"PLAYERISLAND_FURNITUREITEM_NOBLE_STONE_PATH_A";"PLAYERISLAND_FURNITUREITEM_NOBLE_STONE_PATH_A";"[T0] PLAYERISLAND_FURNITUREITEM_NOBLE_STONE_PATH_A";"";"";"";"";"";"";""
"Other";"";"";"PLAYERISLAND_FURNITUREITEM_NOBLE_STONE_PATH_PLATFORM_A";"PLAYERISLAND_FURNITUREITEM_NOBLE_STONE_PATH_PLATFORM_A";"[T0] PLAYERISLAND_FURNITUREITEM_NOBLE_STONE_PATH_PLATFORM_A";"";"";"";"";"";"";""
"Other";"";"";"Poison Potion";"T6_POTION_COOLDOWN";"[T6] Poison Potion";"";"";"";"";"";"";""
"Other";"";"";"Pork Omelette";"T7_MEAL_OMELETTE";"[T7] Pork Omelette";"";"";"";"";"";"";""
"Other";"";"";"Pork Pie";"T7_MEAL_PIE";"[T7] Pork Pie";"";"";"";"";"";"";""
"Other";"";"";"Potato Salad";"T6_MEAL_SALAD";"[T6] Potato Salad";"";"";"";"";"";"";""
"Other";"";"";"Potato Schnapps";"T6_ALCOHOL";"[T6] Potato Schnapps";"";"";"";"";"";"";""
"Other";"";"";"Potato Seeds";"T6_FARM_POTATO_SEED";"[T6] Potato Seeds";"";"";"";"";"";"";""
"Other";"";"";"Potatoes";"T6_POTATO";"[T6] Potatoes";"";"";"";"";"";"";""
"Other";"";"";"Premium Common Community Chest";"UNIQUE_LOOTCHEST_COMMUNITY_COMMON_PREMIUM@1";"[T0] Premium Common Community Chest .1";"";"";"";"";"";"";""
"Other";"";"";"Premium Common Community Treasure";"UNIQUE_LOOTCHEST_COMMUNITY_EXCLUSIVE_COMMON_PREMIUM@1";"[T0] Premium Common Community Treasure .1";"";"";"";"";"";"";""
"Other";"";"";"Premium Community Chest";"UNIQUE_LOOTCHEST_COMMUNITY_GENERIC_PREMIUM@1";"[T0] Premium Community Chest .1";"";"";"";"";"";"";""
"Other";"";"";"Premium Epic Community Chest";"UNIQUE_LOOTCHEST_COMMUNITY_EPIC_PREMIUM@1";"[T0] Premium Epic Community Chest .1";"";"";"";"";"";"";""
"Other";"";"";"Premium Epic Community Treasure";"UNIQUE_LOOTCHEST_COMMUNITY_EXCLUSIVE_EPIC_PREMIUM@1";"[T0] Premium Epic Community Treasure .1";"";"";"";"";"";"";""
"Other";"";"";"Premium Legendary Community Chest";"UNIQUE_LOOTCHEST_COMMUNITY_LEGENDARY_PREMIUM@1";"[T0] Premium Legendary Community Chest .1";"";"";"";"";"";"";""
"Other";"";"";"Premium Legendary Community Treasure";"UNIQUE_LOOTCHEST_COMMUNITY_EXCLUSIVE_LEGENDARY_PREMIUM@1";"[T0] Premium Legendary Community Treasure .1";"";"";"";"";"";"";""
"Other";"";"";"Premium Noble Community Chest";"UNIQUE_LOOTCHEST_AOCP_PREMIUM@1";"[T0] Premium Noble Community Chest .1";"";"";"";"";"";"";""
"Other";"";"";"Premium Rare Community Chest";"UNIQUE_LOOTCHEST_COMMUNITY_RARE_PREMIUM@1";"[T0] Premium Rare Community Chest .1";"";"";"";"";"";"";""
"Other";"";"";"Premium Rare Community Treasure";"UNIQUE_LOOTCHEST_COMMUNITY_EXCLUSIVE_RARE_PREMIUM@1";"[T0] Premium Rare Community Treasure .1";"";"";"";"";"";"";""
"Other";"";"";"Premium Victory Pouch (Arena)";"T3_LOOTBAG_ARENA_WIN_PREMIUM_0";"[T3] Premium Victory Pouch (Arena)";"";"";"";"";"";"";""
"Other";"";"";"Premium Victory Pouch (Bronze I)";"T3_LOOTBAG_ARENA_WIN_PREMIUM_3";"[T3] Premium Victory Pouch (Bronze I)";"";"";"";"";"";"";""
"Other";"";"";"Premium Victory Pouch (Bronze II)";"T3_LOOTBAG_ARENA_WIN_PREMIUM_4";"[T3] Premium Victory Pouch (Bronze II)";"";"";"";"";"";"";""
"Other";"";"";"Premium Victory Pouch (Bronze III)";"T3_LOOTBAG_ARENA_WIN_PREMIUM_BRONZE3";"[T3] Premium Victory Pouch (Bronze III)";"";"";"";"";"";"";""
"Other";"";"";"Premium Victory Pouch (Bronze IV)";"T3_LOOTBAG_ARENA_WIN_PREMIUM_BRONZE4";"[T3] Premium Victory Pouch (Bronze IV)";"";"";"";"";"";"";""
"Other";"";"";"Premium Victory Pouch (Crystal)";"T3_LOOTBAG_ARENA_WIN_PREMIUM_9";"[T3] Premium Victory Pouch (Crystal)";"";"";"";"";"";"";""
"Other";"";"";"Premium Victory Pouch (Gold I)";"T3_LOOTBAG_ARENA_WIN_PREMIUM_7";"[T3] Premium Victory Pouch (Gold I)";"";"";"";"";"";"";""
"Other";"";"";"Premium Victory Pouch (Gold II)";"T3_LOOTBAG_ARENA_WIN_PREMIUM_8";"[T3] Premium Victory Pouch (Gold II)";"";"";"";"";"";"";""
"Other";"";"";"Premium Victory Pouch (Gold III)";"T3_LOOTBAG_ARENA_WIN_PREMIUM_GOLD3";"[T3] Premium Victory Pouch (Gold III)";"";"";"";"";"";"";""
"Other";"";"";"Premium Victory Pouch (Gold IV)";"T3_LOOTBAG_ARENA_WIN_PREMIUM_GOLD4";"[T3] Premium Victory Pouch (Gold IV)";"";"";"";"";"";"";""
"Other";"";"";"Premium Victory Pouch (Iron I)";"T3_LOOTBAG_ARENA_WIN_PREMIUM_1";"[T3] Premium Victory Pouch (Iron I)";"";"";"";"";"";"";""
"Other";"";"";"Premium Victory Pouch (Iron II)";"T3_LOOTBAG_ARENA_WIN_PREMIUM_2";"[T3] Premium Victory Pouch (Iron II)";"";"";"";"";"";"";""
"Other";"";"";"Premium Victory Pouch (Iron III)";"T3_LOOTBAG_ARENA_WIN_PREMIUM_IRON3";"[T3] Premium Victory Pouch (Iron III)";"";"";"";"";"";"";""
"Other";"";"";"Premium Victory Pouch (Iron IV)";"T3_LOOTBAG_ARENA_WIN_PREMIUM_IRON4";"[T3] Premium Victory Pouch (Iron IV)";"";"";"";"";"";"";""
"Other";"";"";"Premium Victory Pouch (Silver I)";"T3_LOOTBAG_ARENA_WIN_PREMIUM_5";"[T3] Premium Victory Pouch (Silver I)";"";"";"";"";"";"";""
"Other";"";"";"Premium Victory Pouch (Silver II)";"T3_LOOTBAG_ARENA_WIN_PREMIUM_6";"[T3] Premium Victory Pouch (Silver II)";"";"";"";"";"";"";""
"Other";"";"";"Premium Victory Pouch (Silver III)";"T3_LOOTBAG_ARENA_WIN_PREMIUM_SILVER3";"[T3] Premium Victory Pouch (Silver III)";"";"";"";"";"";"";""
"Other";"";"";"Premium Victory Pouch (Silver IV)";"T3_LOOTBAG_ARENA_WIN_PREMIUM_SILVER4";"[T3] Premium Victory Pouch (Silver IV)";"";"";"";"";"";"";""
"Other";"";"";"Present Box";"UNIQUE_FURNITUREITEM_XMAS_PRESENT";"[T0] Present Box";"";"";"";"";"";"";""
"Other";"";"";"Prisoner Cage (Disciples of Morgana)";"UNIQUE_FURNITUREITEM_MORGANA_PRISON_CELL_C@3";"[T0] Prisoner Cage (Disciples of Morgana) .3";"";"";"";"";"";"";""
"Other";"";"";"Pristine Adamantium Ore";"T8_ORE_LEVEL4@4";"[T8] Pristine Adamantium Ore .4";"";"";"";"";"";"";""
"Other";"";"";"Pristine Adamantium Steel Bar";"T8_METALBAR_LEVEL4@4";"[T8] Pristine Adamantium Steel Bar .4";"";"";"";"";"";"";""
"Other";"";"";"Pristine Amberleaf Cotton";"T6_FIBER_LEVEL4@4";"[T6] Pristine Amberleaf Cotton .4";"";"";"";"";"";"";""
"Other";"";"";"Pristine Ashenbark Logs";"T7_WOOD_LEVEL4@4";"[T7] Pristine Ashenbark Logs .4";"";"";"";"";"";"";""
"Other";"";"";"Pristine Ashenbark Planks";"T7_PLANKS_LEVEL4@4";"[T7] Pristine Ashenbark Planks .4";"";"";"";"";"";"";""
"Other";"";"";"Pristine Baroque Cloth";"T8_CLOTH_LEVEL4@4";"[T8] Pristine Baroque Cloth .4";"";"";"";"";"";"";""
"Other";"";"";"Pristine Bloodoak Logs";"T6_WOOD_LEVEL4@4";"[T6] Pristine Bloodoak Logs .4";"";"";"";"";"";"";""
"Other";"";"";"Pristine Bloodoak Planks";"T6_PLANKS_LEVEL4@4";"[T6] Pristine Bloodoak Planks .4";"";"";"";"";"";"";""
"Other";"";"";"Pristine Cedar Logs";"T5_WOOD_LEVEL4@4";"[T5] Pristine Cedar Logs .4";"";"";"";"";"";"";""
"Other";"";"";"Pristine Cedar Planks";"T5_PLANKS_LEVEL4@4";"[T5] Pristine Cedar Planks .4";"";"";"";"";"";"";""
"Other";"";"";"Pristine Cured Leather";"T5_LEATHER_LEVEL4@4";"[T5] Pristine Cured Leather .4";"";"";"";"";"";"";""
"Other";"";"";"Pristine Fine Cloth";"T4_CLOTH_LEVEL4@4";"[T4] Pristine Fine Cloth .4";"";"";"";"";"";"";""
"Other";"";"";"Pristine Fortified Leather";"T8_LEATHER_LEVEL4@4";"[T8] Pristine Fortified Leather .4";"";"";"";"";"";"";""
"Other";"";"";"Pristine Ghost Hemp";"T8_FIBER_LEVEL4@4";"[T8] Pristine Ghost Hemp .4";"";"";"";"";"";"";""
"Other";"";"";"Pristine Hardened Leather";"T6_LEATHER_LEVEL4@4";"[T6] Pristine Hardened Leather .4";"";"";"";"";"";"";""
"Other";"";"";"Pristine Heavy Hide";"T5_HIDE_LEVEL4@4";"[T5] Pristine Heavy Hide .4";"";"";"";"";"";"";""
"Other";"";"";"Pristine Hemp";"T4_FIBER_LEVEL4@4";"[T4] Pristine Hemp .4";"";"";"";"";"";"";""
"Other";"";"";"Pristine Iron Ore";"T4_ORE_LEVEL4@4";"[T4] Pristine Iron Ore .4";"";"";"";"";"";"";""
"Other";"";"";"Pristine Lavish Cloth";"T6_CLOTH_LEVEL4@4";"[T6] Pristine Lavish Cloth .4";"";"";"";"";"";"";""
"Other";"";"";"Pristine Medium Hide";"T4_HIDE_LEVEL4@4";"[T4] Pristine Medium Hide .4";"";"";"";"";"";"";""
"Other";"";"";"Pristine Meteorite Ore";"T7_ORE_LEVEL4@4";"[T7] Pristine Meteorite Ore .4";"";"";"";"";"";"";""
"Other";"";"";"Pristine Meteorite Steel Bar";"T7_METALBAR_LEVEL4@4";"[T7] Pristine Meteorite Steel Bar .4";"";"";"";"";"";"";""
"Other";"";"";"Pristine Opulent Cloth";"T7_CLOTH_LEVEL4@4";"[T7] Pristine Opulent Cloth .4";"";"";"";"";"";"";""
"Other";"";"";"Pristine Ornate Cloth";"T5_CLOTH_LEVEL4@4";"[T5] Pristine Ornate Cloth .4";"";"";"";"";"";"";""
"Other";"";"";"Pristine Pine Logs";"T4_WOOD_LEVEL4@4";"[T4] Pristine Pine Logs .4";"";"";"";"";"";"";""
"Other";"";"";"Pristine Pine Planks";"T4_PLANKS_LEVEL4@4";"[T4] Pristine Pine Planks .4";"";"";"";"";"";"";""
"Other";"";"";"Pristine Reinforced Leather";"T7_LEATHER_LEVEL4@4";"[T7] Pristine Reinforced Leather .4";"";"";"";"";"";"";""
"Other";"";"";"Pristine Resilient Hide";"T8_HIDE_LEVEL4@4";"[T8] Pristine Resilient Hide .4";"";"";"";"";"";"";""
"Other";"";"";"Pristine Robust Hide";"T6_HIDE_LEVEL4@4";"[T6] Pristine Robust Hide .4";"";"";"";"";"";"";""
"Other";"";"";"Pristine Runite Ore";"T6_ORE_LEVEL4@4";"[T6] Pristine Runite Ore .4";"";"";"";"";"";"";""
"Other";"";"";"Pristine Runite Steel Bar";"T6_METALBAR_LEVEL4@4";"[T6] Pristine Runite Steel Bar .4";"";"";"";"";"";"";""
"Other";"";"";"Pristine Skyflower";"T5_FIBER_LEVEL4@4";"[T5] Pristine Skyflower .4";"";"";"";"";"";"";""
"Other";"";"";"Pristine Steel Bar";"T4_METALBAR_LEVEL4@4";"[T4] Pristine Steel Bar .4";"";"";"";"";"";"";""
"Other";"";"";"Pristine Sunflax";"T7_FIBER_LEVEL4@4";"[T7] Pristine Sunflax .4";"";"";"";"";"";"";""
"Other";"";"";"Pristine Thick Hide";"T7_HIDE_LEVEL4@4";"[T7] Pristine Thick Hide .4";"";"";"";"";"";"";""
"Other";"";"";"Pristine Titanium Ore";"T5_ORE_LEVEL4@4";"[T5] Pristine Titanium Ore .4";"";"";"";"";"";"";""
"Other";"";"";"Pristine Titanium Steel Bar";"T5_METALBAR_LEVEL4@4";"[T5] Pristine Titanium Steel Bar .4";"";"";"";"";"";"";""
"Other";"";"";"Pristine Whitewood Logs";"T8_WOOD_LEVEL4@4";"[T8] Pristine Whitewood Logs .4";"";"";"";"";"";"";""
"Other";"";"";"Pristine Whitewood Planks";"T8_PLANKS_LEVEL4@4";"[T8] Pristine Whitewood Planks .4";"";"";"";"";"";"";""
"Other";"";"";"Pristine Worked Leather";"T4_LEATHER_LEVEL4@4";"[T4] Pristine Worked Leather .4";"";"";"";"";"";"";""
"Other";"";"";"Pumpkin";"T8_PUMPKIN";"[T8] Pumpkin";"";"";"";"";"";"";""
"Other";"";"";"Pumpkin Moonshine";"T8_ALCOHOL";"[T8] Pumpkin Moonshine";"";"";"";"";"";"";""
"Other";"";"";"Pumpkin Pip";"QUESTITEM_TOKEN_EVENT_HALLOWEEN_2017";"[T0] Pumpkin Pip";"";"";"";"";"";"";""
"Other";"";"";"Pumpkin Seeds";"T8_FARM_PUMPKIN_SEED";"[T8] Pumpkin Seeds";"";"";"";"";"";"";""
"Other";"";"";"Pure Arcane Extract";"T1_ALCHEMY_EXTRACT_LEVEL3";"[T1] Pure Arcane Extract";"";"";"";"";"";"";""
"Other";"";"";"Puremist Snapper";"T7_FISH_FRESHWATER_AVALON_RARE";"[T7] Puremist Snapper";"";"";"";"";"";"";""
"Other";"";"";"PvE Avatar";"UNIQUE_AVATAR_AJ_PVE_01";"[T0] PvE Avatar";"";"";"";"";"";"";""
"Other";"";"";"PvE Avatar Ring";"UNIQUE_AVATARRING_AJ_PVE_01";"[T0] PvE Avatar Ring";"";"";"";"";"";"";""
"Other";"";"";"PvP Avatar";"UNIQUE_AVATAR_AJ_PVP_01";"[T0] PvP Avatar";"";"";"";"";"";"";""
"Other";"";"";"PvP Avatar Ring";"UNIQUE_AVATARRING_AJ_PVP_01";"[T0] PvP Avatar Ring";"";"";"";"";"";"";""
"Other";"";"";"Pyramid Hedge";"PLAYERISLAND_FURNITUREITEM_NOBLE_HEDGE_PYRAMID_A";"[T0] Pyramid Hedge";"";"";"";"";"";"";""
"Other";"";"";"Quarrier Backpack";"T4_BACKPACK_GATHERER_ROCK";"[T4] Adept's Quarrier Backpack";"";"";"";"";"";"";""
"Other";"";"";"QUESTITEM_CARAVAN_TRADEPACK_CAERLEON_HEAVY";"QUESTITEM_CARAVAN_TRADEPACK_CAERLEON_HEAVY";"[T0] QUESTITEM_CARAVAN_TRADEPACK_CAERLEON_HEAVY";"";"";"";"";"";"";""
"Other";"";"";"QUESTITEM_CARAVAN_TRADEPACK_CAERLEON_LIGHT";"QUESTITEM_CARAVAN_TRADEPACK_CAERLEON_LIGHT";"[T0] QUESTITEM_CARAVAN_TRADEPACK_CAERLEON_LIGHT";"";"";"";"";"";"";""
"Other";"";"";"QUESTITEM_CARAVAN_TRADEPACK_CAERLEON_MEDIUM";"QUESTITEM_CARAVAN_TRADEPACK_CAERLEON_MEDIUM";"[T0] QUESTITEM_CARAVAN_TRADEPACK_CAERLEON_MEDIUM";"";"";"";"";"";"";""
"Other";"";"";"QUESTITEM_CARAVAN_TRADEPACK_FOREST_HEAVY";"QUESTITEM_CARAVAN_TRADEPACK_FOREST_HEAVY";"[T0] QUESTITEM_CARAVAN_TRADEPACK_FOREST_HEAVY";"";"";"";"";"";"";""
"Other";"";"";"QUESTITEM_CARAVAN_TRADEPACK_FOREST_LIGHT";"QUESTITEM_CARAVAN_TRADEPACK_FOREST_LIGHT";"[T0] QUESTITEM_CARAVAN_TRADEPACK_FOREST_LIGHT";"";"";"";"";"";"";""
"Other";"";"";"QUESTITEM_CARAVAN_TRADEPACK_FOREST_MEDIUM";"QUESTITEM_CARAVAN_TRADEPACK_FOREST_MEDIUM";"[T0] QUESTITEM_CARAVAN_TRADEPACK_FOREST_MEDIUM";"";"";"";"";"";"";""
"Other";"";"";"QUESTITEM_CARAVAN_TRADEPACK_HIGHLAND_HEAVY";"QUESTITEM_CARAVAN_TRADEPACK_HIGHLAND_HEAVY";"[T0] QUESTITEM_CARAVAN_TRADEPACK_HIGHLAND_HEAVY";"";"";"";"";"";"";""
"Other";"";"";"QUESTITEM_CARAVAN_TRADEPACK_HIGHLAND_LIGHT";"QUESTITEM_CARAVAN_TRADEPACK_HIGHLAND_LIGHT";"[T0] QUESTITEM_CARAVAN_TRADEPACK_HIGHLAND_LIGHT";"";"";"";"";"";"";""
"Other";"";"";"QUESTITEM_CARAVAN_TRADEPACK_HIGHLAND_MEDIUM";"QUESTITEM_CARAVAN_TRADEPACK_HIGHLAND_MEDIUM";"[T0] QUESTITEM_CARAVAN_TRADEPACK_HIGHLAND_MEDIUM";"";"";"";"";"";"";""
"Other";"";"";"QUESTITEM_CARAVAN_TRADEPACK_MOUNTAIN_HEAVY";"QUESTITEM_CARAVAN_TRADEPACK_MOUNTAIN_HEAVY";"[T0] QUESTITEM_CARAVAN_TRADEPACK_MOUNTAIN_HEAVY";"";"";"";"";"";"";""
"Other";"";"";"QUESTITEM_CARAVAN_TRADEPACK_MOUNTAIN_LIGHT";"QUESTITEM_CARAVAN_TRADEPACK_MOUNTAIN_LIGHT";"[T0] QUESTITEM_CARAVAN_TRADEPACK_MOUNTAIN_LIGHT";"";"";"";"";"";"";""
"Other";"";"";"QUESTITEM_CARAVAN_TRADEPACK_MOUNTAIN_MEDIUM";"QUESTITEM_CARAVAN_TRADEPACK_MOUNTAIN_MEDIUM";"[T0] QUESTITEM_CARAVAN_TRADEPACK_MOUNTAIN_MEDIUM";"";"";"";"";"";"";""
"Other";"";"";"QUESTITEM_CARAVAN_TRADEPACK_STEPPE_HEAVY";"QUESTITEM_CARAVAN_TRADEPACK_STEPPE_HEAVY";"[T0] QUESTITEM_CARAVAN_TRADEPACK_STEPPE_HEAVY";"";"";"";"";"";"";""
"Other";"";"";"QUESTITEM_CARAVAN_TRADEPACK_STEPPE_LIGHT";"QUESTITEM_CARAVAN_TRADEPACK_STEPPE_LIGHT";"[T0] QUESTITEM_CARAVAN_TRADEPACK_STEPPE_LIGHT";"";"";"";"";"";"";""
"Other";"";"";"QUESTITEM_CARAVAN_TRADEPACK_STEPPE_MEDIUM";"QUESTITEM_CARAVAN_TRADEPACK_STEPPE_MEDIUM";"[T0] QUESTITEM_CARAVAN_TRADEPACK_STEPPE_MEDIUM";"";"";"";"";"";"";""
"Other";"";"";"QUESTITEM_CARAVAN_TRADEPACK_SWAMP_HEAVY";"QUESTITEM_CARAVAN_TRADEPACK_SWAMP_HEAVY";"[T0] QUESTITEM_CARAVAN_TRADEPACK_SWAMP_HEAVY";"";"";"";"";"";"";""
"Other";"";"";"QUESTITEM_CARAVAN_TRADEPACK_SWAMP_LIGHT";"QUESTITEM_CARAVAN_TRADEPACK_SWAMP_LIGHT";"[T0] QUESTITEM_CARAVAN_TRADEPACK_SWAMP_LIGHT";"";"";"";"";"";"";""
"Other";"";"";"QUESTITEM_CARAVAN_TRADEPACK_SWAMP_MEDIUM";"QUESTITEM_CARAVAN_TRADEPACK_SWAMP_MEDIUM";"[T0] QUESTITEM_CARAVAN_TRADEPACK_SWAMP_MEDIUM";"";"";"";"";"";"";""
"Other";"";"";"QUESTITEM_EXP_TOKEN_D1_T6_EXP_HRD_HERETIC_FISHYBUSINESS";"QUESTITEM_EXP_TOKEN_D1_T6_EXP_HRD_HERETIC_FISHYBUSINESS";"[T0] QUESTITEM_EXP_TOKEN_D1_T6_EXP_HRD_HERETIC_FISHYBUSINESS";"";"";"";"";"";"";""
"Other";"";"";"QUESTITEM_EXP_TOKEN_D1_T6_EXP_HRD_HERETIC_FISTFULOFSILVER";"QUESTITEM_EXP_TOKEN_D1_T6_EXP_HRD_HERETIC_FISTFULOFSILVER";"[T0] QUESTITEM_EXP_TOKEN_D1_T6_EXP_HRD_HERETIC_FISTFULOFSILVER";"";"";"";"";"";"";""
"Other";"";"";"QUESTITEM_EXP_TOKEN_D1_T6_EXP_HRD_HERETIC_LUMBERCAMP";"QUESTITEM_EXP_TOKEN_D1_T6_EXP_HRD_HERETIC_LUMBERCAMP";"[T0] QUESTITEM_EXP_TOKEN_D1_T6_EXP_HRD_HERETIC_LUMBERCAMP";"";"";"";"";"";"";""
"Other";"";"";"QUESTITEM_EXP_TOKEN_D1_T6_EXP_HRD_KEEPER_MUSHROOM";"QUESTITEM_EXP_TOKEN_D1_T6_EXP_HRD_KEEPER_MUSHROOM";"[T0] QUESTITEM_EXP_TOKEN_D1_T6_EXP_HRD_KEEPER_MUSHROOM";"";"";"";"";"";"";""
"Other";"";"";"QUESTITEM_EXP_TOKEN_D1_T6_EXP_HRD_KEEPER_STONEWARS";"QUESTITEM_EXP_TOKEN_D1_T6_EXP_HRD_KEEPER_STONEWARS";"[T0] QUESTITEM_EXP_TOKEN_D1_T6_EXP_HRD_KEEPER_STONEWARS";"";"";"";"";"";"";""
"Other";"";"";"QUESTITEM_EXP_TOKEN_D1_T6_EXP_HRD_MORGANA_TORTURER";"QUESTITEM_EXP_TOKEN_D1_T6_EXP_HRD_MORGANA_TORTURER";"[T0] QUESTITEM_EXP_TOKEN_D1_T6_EXP_HRD_MORGANA_TORTURER";"";"";"";"";"";"";""
"Other";"";"";"QUESTITEM_EXP_TOKEN_D1_T6_EXP_HRD_MORGANA_TRHEESISTERS";"QUESTITEM_EXP_TOKEN_D1_T6_EXP_HRD_MORGANA_TRHEESISTERS";"[T0] QUESTITEM_EXP_TOKEN_D1_T6_EXP_HRD_MORGANA_TRHEESISTERS";"";"";"";"";"";"";""
"Other";"";"";"QUESTITEM_EXP_TOKEN_D1_T6_EXP_HRD_UNDEAD_ETERNALBATTLE";"QUESTITEM_EXP_TOKEN_D1_T6_EXP_HRD_UNDEAD_ETERNALBATTLE";"[T0] QUESTITEM_EXP_TOKEN_D1_T6_EXP_HRD_UNDEAD_ETERNALBATTLE";"";"";"";"";"";"";""
"Other";"";"";"QUESTITEM_EXP_TOKEN_D1_T6_EXP_HRD_UNDEAD_RECRUITMENT";"QUESTITEM_EXP_TOKEN_D1_T6_EXP_HRD_UNDEAD_RECRUITMENT";"[T0] QUESTITEM_EXP_TOKEN_D1_T6_EXP_HRD_UNDEAD_RECRUITMENT";"";"";"";"";"";"";""
"Other";"";"";"QUESTITEM_EXP_TOKEN_D1_T6_EXP_HRD_UNDEAD_SEWERSCRYPT";"QUESTITEM_EXP_TOKEN_D1_T6_EXP_HRD_UNDEAD_SEWERSCRYPT";"[T0] QUESTITEM_EXP_TOKEN_D1_T6_EXP_HRD_UNDEAD_SEWERSCRYPT";"";"";"";"";"";"";""
"Other";"";"";"QUESTITEM_EXP_TOKEN_D1_T6_EXP_HRD_WINTER_EVENT";"QUESTITEM_EXP_TOKEN_D1_T6_EXP_HRD_WINTER_EVENT";"[T0] QUESTITEM_EXP_TOKEN_D1_T6_EXP_HRD_WINTER_EVENT";"";"";"";"";"";"";""
"Other";"";"";"QUESTITEM_EXP_TOKEN_D10_T6_EXP_HRD_HERETIC_FISHYBUSINESS";"QUESTITEM_EXP_TOKEN_D10_T6_EXP_HRD_HERETIC_FISHYBUSINESS";"[T0] QUESTITEM_EXP_TOKEN_D10_T6_EXP_HRD_HERETIC_FISHYBUSINESS";"";"";"";"";"";"";""
"Other";"";"";"QUESTITEM_EXP_TOKEN_D10_T6_EXP_HRD_HERETIC_FISTFULOFSILVER";"QUESTITEM_EXP_TOKEN_D10_T6_EXP_HRD_HERETIC_FISTFULOFSILVER";"[T0] QUESTITEM_EXP_TOKEN_D10_T6_EXP_HRD_HERETIC_FISTFULOFSILVER";"";"";"";"";"";"";""
"Other";"";"";"QUESTITEM_EXP_TOKEN_D10_T6_EXP_HRD_HERETIC_LUMBERCAMP";"QUESTITEM_EXP_TOKEN_D10_T6_EXP_HRD_HERETIC_LUMBERCAMP";"[T0] QUESTITEM_EXP_TOKEN_D10_T6_EXP_HRD_HERETIC_LUMBERCAMP";"";"";"";"";"";"";""
"Other";"";"";"QUESTITEM_EXP_TOKEN_D10_T6_EXP_HRD_KEEPER_MUSHROOM";"QUESTITEM_EXP_TOKEN_D10_T6_EXP_HRD_KEEPER_MUSHROOM";"[T0] QUESTITEM_EXP_TOKEN_D10_T6_EXP_HRD_KEEPER_MUSHROOM";"";"";"";"";"";"";""
"Other";"";"";"QUESTITEM_EXP_TOKEN_D10_T6_EXP_HRD_KEEPER_STONEWARS";"QUESTITEM_EXP_TOKEN_D10_T6_EXP_HRD_KEEPER_STONEWARS";"[T0] QUESTITEM_EXP_TOKEN_D10_T6_EXP_HRD_KEEPER_STONEWARS";"";"";"";"";"";"";""
"Other";"";"";"QUESTITEM_EXP_TOKEN_D10_T6_EXP_HRD_MORGANA_TORTURER";"QUESTITEM_EXP_TOKEN_D10_T6_EXP_HRD_MORGANA_TORTURER";"[T0] QUESTITEM_EXP_TOKEN_D10_T6_EXP_HRD_MORGANA_TORTURER";"";"";"";"";"";"";""
"Other";"";"";"QUESTITEM_EXP_TOKEN_D10_T6_EXP_HRD_MORGANA_TRHEESISTERS";"QUESTITEM_EXP_TOKEN_D10_T6_EXP_HRD_MORGANA_TRHEESISTERS";"[T0] QUESTITEM_EXP_TOKEN_D10_T6_EXP_HRD_MORGANA_TRHEESISTERS";"";"";"";"";"";"";""
"Other";"";"";"QUESTITEM_EXP_TOKEN_D10_T6_EXP_HRD_UNDEAD_ETERNALBATTLE";"QUESTITEM_EXP_TOKEN_D10_T6_EXP_HRD_UNDEAD_ETERNALBATTLE";"[T0] QUESTITEM_EXP_TOKEN_D10_T6_EXP_HRD_UNDEAD_ETERNALBATTLE";"";"";"";"";"";"";""
"Other";"";"";"QUESTITEM_EXP_TOKEN_D10_T6_EXP_HRD_UNDEAD_RECRUITMENT";"QUESTITEM_EXP_TOKEN_D10_T6_EXP_HRD_UNDEAD_RECRUITMENT";"[T0] QUESTITEM_EXP_TOKEN_D10_T6_EXP_HRD_UNDEAD_RECRUITMENT";"";"";"";"";"";"";""
"Other";"";"";"QUESTITEM_EXP_TOKEN_D10_T6_EXP_HRD_UNDEAD_SEWERSCRYPT";"QUESTITEM_EXP_TOKEN_D10_T6_EXP_HRD_UNDEAD_SEWERSCRYPT";"[T0] QUESTITEM_EXP_TOKEN_D10_T6_EXP_HRD_UNDEAD_SEWERSCRYPT";"";"";"";"";"";"";""
"Other";"";"";"QUESTITEM_EXP_TOKEN_D11_T6_EXP_HRD_HERETIC_FISHYBUSINESS";"QUESTITEM_EXP_TOKEN_D11_T6_EXP_HRD_HERETIC_FISHYBUSINESS";"[T0] QUESTITEM_EXP_TOKEN_D11_T6_EXP_HRD_HERETIC_FISHYBUSINESS";"";"";"";"";"";"";""
"Other";"";"";"QUESTITEM_EXP_TOKEN_D11_T6_EXP_HRD_HERETIC_FISTFULOFSILVER";"QUESTITEM_EXP_TOKEN_D11_T6_EXP_HRD_HERETIC_FISTFULOFSILVER";"[T0] QUESTITEM_EXP_TOKEN_D11_T6_EXP_HRD_HERETIC_FISTFULOFSILVER";"";"";"";"";"";"";""
"Other";"";"";"QUESTITEM_EXP_TOKEN_D11_T6_EXP_HRD_HERETIC_LUMBERCAMP";"QUESTITEM_EXP_TOKEN_D11_T6_EXP_HRD_HERETIC_LUMBERCAMP";"[T0] QUESTITEM_EXP_TOKEN_D11_T6_EXP_HRD_HERETIC_LUMBERCAMP";"";"";"";"";"";"";""
"Other";"";"";"QUESTITEM_EXP_TOKEN_D11_T6_EXP_HRD_KEEPER_MUSHROOM";"QUESTITEM_EXP_TOKEN_D11_T6_EXP_HRD_KEEPER_MUSHROOM";"[T0] QUESTITEM_EXP_TOKEN_D11_T6_EXP_HRD_KEEPER_MUSHROOM";"";"";"";"";"";"";""
"Other";"";"";"QUESTITEM_EXP_TOKEN_D11_T6_EXP_HRD_KEEPER_STONEWARS";"QUESTITEM_EXP_TOKEN_D11_T6_EXP_HRD_KEEPER_STONEWARS";"[T0] QUESTITEM_EXP_TOKEN_D11_T6_EXP_HRD_KEEPER_STONEWARS";"";"";"";"";"";"";""
"Other";"";"";"QUESTITEM_EXP_TOKEN_D11_T6_EXP_HRD_MORGANA_TORTURER";"QUESTITEM_EXP_TOKEN_D11_T6_EXP_HRD_MORGANA_TORTURER";"[T0] QUESTITEM_EXP_TOKEN_D11_T6_EXP_HRD_MORGANA_TORTURER";"";"";"";"";"";"";""
"Other";"";"";"QUESTITEM_EXP_TOKEN_D11_T6_EXP_HRD_MORGANA_TRHEESISTERS";"QUESTITEM_EXP_TOKEN_D11_T6_EXP_HRD_MORGANA_TRHEESISTERS";"[T0] QUESTITEM_EXP_TOKEN_D11_T6_EXP_HRD_MORGANA_TRHEESISTERS";"";"";"";"";"";"";""
"Other";"";"";"QUESTITEM_EXP_TOKEN_D11_T6_EXP_HRD_UNDEAD_ETERNALBATTLE";"QUESTITEM_EXP_TOKEN_D11_T6_EXP_HRD_UNDEAD_ETERNALBATTLE";"[T0] QUESTITEM_EXP_TOKEN_D11_T6_EXP_HRD_UNDEAD_ETERNALBATTLE";"";"";"";"";"";"";""
"Other";"";"";"QUESTITEM_EXP_TOKEN_D11_T6_EXP_HRD_UNDEAD_RECRUITMENT";"QUESTITEM_EXP_TOKEN_D11_T6_EXP_HRD_UNDEAD_RECRUITMENT";"[T0] QUESTITEM_EXP_TOKEN_D11_T6_EXP_HRD_UNDEAD_RECRUITMENT";"";"";"";"";"";"";""
"Other";"";"";"QUESTITEM_EXP_TOKEN_D11_T6_EXP_HRD_UNDEAD_SEWERSCRYPT";"QUESTITEM_EXP_TOKEN_D11_T6_EXP_HRD_UNDEAD_SEWERSCRYPT";"[T0] QUESTITEM_EXP_TOKEN_D11_T6_EXP_HRD_UNDEAD_SEWERSCRYPT";"";"";"";"";"";"";""
"Other";"";"";"QUESTITEM_EXP_TOKEN_D12_T6_EXP_HRD_HERETIC_FISHYBUSINESS";"QUESTITEM_EXP_TOKEN_D12_T6_EXP_HRD_HERETIC_FISHYBUSINESS";"[T0] QUESTITEM_EXP_TOKEN_D12_T6_EXP_HRD_HERETIC_FISHYBUSINESS";"";"";"";"";"";"";""
"Other";"";"";"QUESTITEM_EXP_TOKEN_D12_T6_EXP_HRD_HERETIC_FISTFULOFSILVER";"QUESTITEM_EXP_TOKEN_D12_T6_EXP_HRD_HERETIC_FISTFULOFSILVER";"[T0] QUESTITEM_EXP_TOKEN_D12_T6_EXP_HRD_HERETIC_FISTFULOFSILVER";"";"";"";"";"";"";""
"Other";"";"";"QUESTITEM_EXP_TOKEN_D12_T6_EXP_HRD_HERETIC_LUMBERCAMP";"QUESTITEM_EXP_TOKEN_D12_T6_EXP_HRD_HERETIC_LUMBERCAMP";"[T0] QUESTITEM_EXP_TOKEN_D12_T6_EXP_HRD_HERETIC_LUMBERCAMP";"";"";"";"";"";"";""
"Other";"";"";"QUESTITEM_EXP_TOKEN_D12_T6_EXP_HRD_KEEPER_MUSHROOM";"QUESTITEM_EXP_TOKEN_D12_T6_EXP_HRD_KEEPER_MUSHROOM";"[T0] QUESTITEM_EXP_TOKEN_D12_T6_EXP_HRD_KEEPER_MUSHROOM";"";"";"";"";"";"";""
"Other";"";"";"QUESTITEM_EXP_TOKEN_D12_T6_EXP_HRD_KEEPER_STONEWARS";"QUESTITEM_EXP_TOKEN_D12_T6_EXP_HRD_KEEPER_STONEWARS";"[T0] QUESTITEM_EXP_TOKEN_D12_T6_EXP_HRD_KEEPER_STONEWARS";"";"";"";"";"";"";""
"Other";"";"";"QUESTITEM_EXP_TOKEN_D12_T6_EXP_HRD_MORGANA_TORTURER";"QUESTITEM_EXP_TOKEN_D12_T6_EXP_HRD_MORGANA_TORTURER";"[T0] QUESTITEM_EXP_TOKEN_D12_T6_EXP_HRD_MORGANA_TORTURER";"";"";"";"";"";"";""
"Other";"";"";"QUESTITEM_EXP_TOKEN_D12_T6_EXP_HRD_MORGANA_TRHEESISTERS";"QUESTITEM_EXP_TOKEN_D12_T6_EXP_HRD_MORGANA_TRHEESISTERS";"[T0] QUESTITEM_EXP_TOKEN_D12_T6_EXP_HRD_MORGANA_TRHEESISTERS";"";"";"";"";"";"";""
"Other";"";"";"QUESTITEM_EXP_TOKEN_D12_T6_EXP_HRD_UNDEAD_ETERNALBATTLE";"QUESTITEM_EXP_TOKEN_D12_T6_EXP_HRD_UNDEAD_ETERNALBATTLE";"[T0] QUESTITEM_EXP_TOKEN_D12_T6_EXP_HRD_UNDEAD_ETERNALBATTLE";"";"";"";"";"";"";""
"Other";"";"";"QUESTITEM_EXP_TOKEN_D12_T6_EXP_HRD_UNDEAD_RECRUITMENT";"QUESTITEM_EXP_TOKEN_D12_T6_EXP_HRD_UNDEAD_RECRUITMENT";"[T0] QUESTITEM_EXP_TOKEN_D12_T6_EXP_HRD_UNDEAD_RECRUITMENT";"";"";"";"";"";"";""
"Other";"";"";"QUESTITEM_EXP_TOKEN_D12_T6_EXP_HRD_UNDEAD_SEWERSCRYPT";"QUESTITEM_EXP_TOKEN_D12_T6_EXP_HRD_UNDEAD_SEWERSCRYPT";"[T0] QUESTITEM_EXP_TOKEN_D12_T6_EXP_HRD_UNDEAD_SEWERSCRYPT";"";"";"";"";"";"";""
"Other";"";"";"QUESTITEM_EXP_TOKEN_D13_T6_EXP_HRD_HERETIC_FISHYBUSINESS";"QUESTITEM_EXP_TOKEN_D13_T6_EXP_HRD_HERETIC_FISHYBUSINESS";"[T0] QUESTITEM_EXP_TOKEN_D13_T6_EXP_HRD_HERETIC_FISHYBUSINESS";"";"";"";"";"";"";""
"Other";"";"";"QUESTITEM_EXP_TOKEN_D13_T6_EXP_HRD_HERETIC_FISTFULOFSILVER";"QUESTITEM_EXP_TOKEN_D13_T6_EXP_HRD_HERETIC_FISTFULOFSILVER";"[T0] QUESTITEM_EXP_TOKEN_D13_T6_EXP_HRD_HERETIC_FISTFULOFSILVER";"";"";"";"";"";"";""
"Other";"";"";"QUESTITEM_EXP_TOKEN_D13_T6_EXP_HRD_HERETIC_LUMBERCAMP";"QUESTITEM_EXP_TOKEN_D13_T6_EXP_HRD_HERETIC_LUMBERCAMP";"[T0] QUESTITEM_EXP_TOKEN_D13_T6_EXP_HRD_HERETIC_LUMBERCAMP";"";"";"";"";"";"";""
"Other";"";"";"QUESTITEM_EXP_TOKEN_D13_T6_EXP_HRD_KEEPER_MUSHROOM";"QUESTITEM_EXP_TOKEN_D13_T6_EXP_HRD_KEEPER_MUSHROOM";"[T0] QUESTITEM_EXP_TOKEN_D13_T6_EXP_HRD_KEEPER_MUSHROOM";"";"";"";"";"";"";""
"Other";"";"";"QUESTITEM_EXP_TOKEN_D13_T6_EXP_HRD_KEEPER_STONEWARS";"QUESTITEM_EXP_TOKEN_D13_T6_EXP_HRD_KEEPER_STONEWARS";"[T0] QUESTITEM_EXP_TOKEN_D13_T6_EXP_HRD_KEEPER_STONEWARS";"";"";"";"";"";"";""
"Other";"";"";"QUESTITEM_EXP_TOKEN_D13_T6_EXP_HRD_MORGANA_TORTURER";"QUESTITEM_EXP_TOKEN_D13_T6_EXP_HRD_MORGANA_TORTURER";"[T0] QUESTITEM_EXP_TOKEN_D13_T6_EXP_HRD_MORGANA_TORTURER";"";"";"";"";"";"";""
"Other";"";"";"QUESTITEM_EXP_TOKEN_D13_T6_EXP_HRD_MORGANA_TRHEESISTERS";"QUESTITEM_EXP_TOKEN_D13_T6_EXP_HRD_MORGANA_TRHEESISTERS";"[T0] QUESTITEM_EXP_TOKEN_D13_T6_EXP_HRD_MORGANA_TRHEESISTERS";"";"";"";"";"";"";""
"Other";"";"";"QUESTITEM_EXP_TOKEN_D13_T6_EXP_HRD_UNDEAD_ETERNALBATTLE";"QUESTITEM_EXP_TOKEN_D13_T6_EXP_HRD_UNDEAD_ETERNALBATTLE";"[T0] QUESTITEM_EXP_TOKEN_D13_T6_EXP_HRD_UNDEAD_ETERNALBATTLE";"";"";"";"";"";"";""
"Other";"";"";"QUESTITEM_EXP_TOKEN_D13_T6_EXP_HRD_UNDEAD_RECRUITMENT";"QUESTITEM_EXP_TOKEN_D13_T6_EXP_HRD_UNDEAD_RECRUITMENT";"[T0] QUESTITEM_EXP_TOKEN_D13_T6_EXP_HRD_UNDEAD_RECRUITMENT";"";"";"";"";"";"";""
"Other";"";"";"QUESTITEM_EXP_TOKEN_D13_T6_EXP_HRD_UNDEAD_SEWERSCRYPT";"QUESTITEM_EXP_TOKEN_D13_T6_EXP_HRD_UNDEAD_SEWERSCRYPT";"[T0] QUESTITEM_EXP_TOKEN_D13_T6_EXP_HRD_UNDEAD_SEWERSCRYPT";"";"";"";"";"";"";""
"Other";"";"";"QUESTITEM_EXP_TOKEN_D14_T6_EXP_HRD_HERETIC_FISHYBUSINESS";"QUESTITEM_EXP_TOKEN_D14_T6_EXP_HRD_HERETIC_FISHYBUSINESS";"[T0] QUESTITEM_EXP_TOKEN_D14_T6_EXP_HRD_HERETIC_FISHYBUSINESS";"";"";"";"";"";"";""
"Other";"";"";"QUESTITEM_EXP_TOKEN_D14_T6_EXP_HRD_HERETIC_FISTFULOFSILVER";"QUESTITEM_EXP_TOKEN_D14_T6_EXP_HRD_HERETIC_FISTFULOFSILVER";"[T0] QUESTITEM_EXP_TOKEN_D14_T6_EXP_HRD_HERETIC_FISTFULOFSILVER";"";"";"";"";"";"";""
"Other";"";"";"QUESTITEM_EXP_TOKEN_D14_T6_EXP_HRD_HERETIC_LUMBERCAMP";"QUESTITEM_EXP_TOKEN_D14_T6_EXP_HRD_HERETIC_LUMBERCAMP";"[T0] QUESTITEM_EXP_TOKEN_D14_T6_EXP_HRD_HERETIC_LUMBERCAMP";"";"";"";"";"";"";""
"Other";"";"";"QUESTITEM_EXP_TOKEN_D14_T6_EXP_HRD_KEEPER_MUSHROOM";"QUESTITEM_EXP_TOKEN_D14_T6_EXP_HRD_KEEPER_MUSHROOM";"[T0] QUESTITEM_EXP_TOKEN_D14_T6_EXP_HRD_KEEPER_MUSHROOM";"";"";"";"";"";"";""
"Other";"";"";"QUESTITEM_EXP_TOKEN_D14_T6_EXP_HRD_KEEPER_STONEWARS";"QUESTITEM_EXP_TOKEN_D14_T6_EXP_HRD_KEEPER_STONEWARS";"[T0] QUESTITEM_EXP_TOKEN_D14_T6_EXP_HRD_KEEPER_STONEWARS";"";"";"";"";"";"";""
"Other";"";"";"QUESTITEM_EXP_TOKEN_D14_T6_EXP_HRD_MORGANA_TORTURER";"QUESTITEM_EXP_TOKEN_D14_T6_EXP_HRD_MORGANA_TORTURER";"[T0] QUESTITEM_EXP_TOKEN_D14_T6_EXP_HRD_MORGANA_TORTURER";"";"";"";"";"";"";""
"Other";"";"";"QUESTITEM_EXP_TOKEN_D14_T6_EXP_HRD_MORGANA_TRHEESISTERS";"QUESTITEM_EXP_TOKEN_D14_T6_EXP_HRD_MORGANA_TRHEESISTERS";"[T0] QUESTITEM_EXP_TOKEN_D14_T6_EXP_HRD_MORGANA_TRHEESISTERS";"";"";"";"";"";"";""
"Other";"";"";"QUESTITEM_EXP_TOKEN_D14_T6_EXP_HRD_UNDEAD_ETERNALBATTLE";"QUESTITEM_EXP_TOKEN_D14_T6_EXP_HRD_UNDEAD_ETERNALBATTLE";"[T0] QUESTITEM_EXP_TOKEN_D14_T6_EXP_HRD_UNDEAD_ETERNALBATTLE";"";"";"";"";"";"";""
"Other";"";"";"QUESTITEM_EXP_TOKEN_D14_T6_EXP_HRD_UNDEAD_RECRUITMENT";"QUESTITEM_EXP_TOKEN_D14_T6_EXP_HRD_UNDEAD_RECRUITMENT";"[T0] QUESTITEM_EXP_TOKEN_D14_T6_EXP_HRD_UNDEAD_RECRUITMENT";"";"";"";"";"";"";""
"Other";"";"";"QUESTITEM_EXP_TOKEN_D14_T6_EXP_HRD_UNDEAD_SEWERSCRYPT";"QUESTITEM_EXP_TOKEN_D14_T6_EXP_HRD_UNDEAD_SEWERSCRYPT";"[T0] QUESTITEM_EXP_TOKEN_D14_T6_EXP_HRD_UNDEAD_SEWERSCRYPT";"";"";"";"";"";"";""
"Other";"";"";"QUESTITEM_EXP_TOKEN_D15_T6_EXP_HRD_HERETIC_FISHYBUSINESS";"QUESTITEM_EXP_TOKEN_D15_T6_EXP_HRD_HERETIC_FISHYBUSINESS";"[T0] QUESTITEM_EXP_TOKEN_D15_T6_EXP_HRD_HERETIC_FISHYBUSINESS";"";"";"";"";"";"";""
"Other";"";"";"QUESTITEM_EXP_TOKEN_D15_T6_EXP_HRD_HERETIC_FISTFULOFSILVER";"QUESTITEM_EXP_TOKEN_D15_T6_EXP_HRD_HERETIC_FISTFULOFSILVER";"[T0] QUESTITEM_EXP_TOKEN_D15_T6_EXP_HRD_HERETIC_FISTFULOFSILVER";"";"";"";"";"";"";""
"Other";"";"";"QUESTITEM_EXP_TOKEN_D15_T6_EXP_HRD_HERETIC_LUMBERCAMP";"QUESTITEM_EXP_TOKEN_D15_T6_EXP_HRD_HERETIC_LUMBERCAMP";"[T0] QUESTITEM_EXP_TOKEN_D15_T6_EXP_HRD_HERETIC_LUMBERCAMP";"";"";"";"";"";"";""
"Other";"";"";"QUESTITEM_EXP_TOKEN_D15_T6_EXP_HRD_KEEPER_MUSHROOM";"QUESTITEM_EXP_TOKEN_D15_T6_EXP_HRD_KEEPER_MUSHROOM";"[T0] QUESTITEM_EXP_TOKEN_D15_T6_EXP_HRD_KEEPER_MUSHROOM";"";"";"";"";"";"";""
"Other";"";"";"QUESTITEM_EXP_TOKEN_D15_T6_EXP_HRD_KEEPER_STONEWARS";"QUESTITEM_EXP_TOKEN_D15_T6_EXP_HRD_KEEPER_STONEWARS";"[T0] QUESTITEM_EXP_TOKEN_D15_T6_EXP_HRD_KEEPER_STONEWARS";"";"";"";"";"";"";""
"Other";"";"";"QUESTITEM_EXP_TOKEN_D15_T6_EXP_HRD_MORGANA_TORTURER";"QUESTITEM_EXP_TOKEN_D15_T6_EXP_HRD_MORGANA_TORTURER";"[T0] QUESTITEM_EXP_TOKEN_D15_T6_EXP_HRD_MORGANA_TORTURER";"";"";"";"";"";"";""
"Other";"";"";"QUESTITEM_EXP_TOKEN_D15_T6_EXP_HRD_MORGANA_TRHEESISTERS";"QUESTITEM_EXP_TOKEN_D15_T6_EXP_HRD_MORGANA_TRHEESISTERS";"[T0] QUESTITEM_EXP_TOKEN_D15_T6_EXP_HRD_MORGANA_TRHEESISTERS";"";"";"";"";"";"";""
"Other";"";"";"QUESTITEM_EXP_TOKEN_D15_T6_EXP_HRD_UNDEAD_ETERNALBATTLE";"QUESTITEM_EXP_TOKEN_D15_T6_EXP_HRD_UNDEAD_ETERNALBATTLE";"[T0] QUESTITEM_EXP_TOKEN_D15_T6_EXP_HRD_UNDEAD_ETERNALBATTLE";"";"";"";"";"";"";""
"Other";"";"";"QUESTITEM_EXP_TOKEN_D15_T6_EXP_HRD_UNDEAD_RECRUITMENT";"QUESTITEM_EXP_TOKEN_D15_T6_EXP_HRD_UNDEAD_RECRUITMENT";"[T0] QUESTITEM_EXP_TOKEN_D15_T6_EXP_HRD_UNDEAD_RECRUITMENT";"";"";"";"";"";"";""
"Other";"";"";"QUESTITEM_EXP_TOKEN_D15_T6_EXP_HRD_UNDEAD_SEWERSCRYPT";"QUESTITEM_EXP_TOKEN_D15_T6_EXP_HRD_UNDEAD_SEWERSCRYPT";"[T0] QUESTITEM_EXP_TOKEN_D15_T6_EXP_HRD_UNDEAD_SEWERSCRYPT";"";"";"";"";"";"";""
"Other";"";"";"QUESTITEM_EXP_TOKEN_D16_T6_EXP_HRD_HERETIC_FISHYBUSINESS";"QUESTITEM_EXP_TOKEN_D16_T6_EXP_HRD_HERETIC_FISHYBUSINESS";"[T0] QUESTITEM_EXP_TOKEN_D16_T6_EXP_HRD_HERETIC_FISHYBUSINESS";"";"";"";"";"";"";""
"Other";"";"";"QUESTITEM_EXP_TOKEN_D16_T6_EXP_HRD_HERETIC_FISTFULOFSILVER";"QUESTITEM_EXP_TOKEN_D16_T6_EXP_HRD_HERETIC_FISTFULOFSILVER";"[T0] QUESTITEM_EXP_TOKEN_D16_T6_EXP_HRD_HERETIC_FISTFULOFSILVER";"";"";"";"";"";"";""
"Other";"";"";"QUESTITEM_EXP_TOKEN_D16_T6_EXP_HRD_HERETIC_LUMBERCAMP";"QUESTITEM_EXP_TOKEN_D16_T6_EXP_HRD_HERETIC_LUMBERCAMP";"[T0] QUESTITEM_EXP_TOKEN_D16_T6_EXP_HRD_HERETIC_LUMBERCAMP";"";"";"";"";"";"";""
"Other";"";"";"QUESTITEM_EXP_TOKEN_D16_T6_EXP_HRD_KEEPER_MUSHROOM";"QUESTITEM_EXP_TOKEN_D16_T6_EXP_HRD_KEEPER_MUSHROOM";"[T0] QUESTITEM_EXP_TOKEN_D16_T6_EXP_HRD_KEEPER_MUSHROOM";"";"";"";"";"";"";""
"Other";"";"";"QUESTITEM_EXP_TOKEN_D16_T6_EXP_HRD_KEEPER_STONEWARS";"QUESTITEM_EXP_TOKEN_D16_T6_EXP_HRD_KEEPER_STONEWARS";"[T0] QUESTITEM_EXP_TOKEN_D16_T6_EXP_HRD_KEEPER_STONEWARS";"";"";"";"";"";"";""
"Other";"";"";"QUESTITEM_EXP_TOKEN_D16_T6_EXP_HRD_MORGANA_TORTURER";"QUESTITEM_EXP_TOKEN_D16_T6_EXP_HRD_MORGANA_TORTURER";"[T0] QUESTITEM_EXP_TOKEN_D16_T6_EXP_HRD_MORGANA_TORTURER";"";"";"";"";"";"";""
"Other";"";"";"QUESTITEM_EXP_TOKEN_D16_T6_EXP_HRD_MORGANA_TRHEESISTERS";"QUESTITEM_EXP_TOKEN_D16_T6_EXP_HRD_MORGANA_TRHEESISTERS";"[T0] QUESTITEM_EXP_TOKEN_D16_T6_EXP_HRD_MORGANA_TRHEESISTERS";"";"";"";"";"";"";""
"Other";"";"";"QUESTITEM_EXP_TOKEN_D16_T6_EXP_HRD_UNDEAD_ETERNALBATTLE";"QUESTITEM_EXP_TOKEN_D16_T6_EXP_HRD_UNDEAD_ETERNALBATTLE";"[T0] QUESTITEM_EXP_TOKEN_D16_T6_EXP_HRD_UNDEAD_ETERNALBATTLE";"";"";"";"";"";"";""
"Other";"";"";"QUESTITEM_EXP_TOKEN_D16_T6_EXP_HRD_UNDEAD_RECRUITMENT";"QUESTITEM_EXP_TOKEN_D16_T6_EXP_HRD_UNDEAD_RECRUITMENT";"[T0] QUESTITEM_EXP_TOKEN_D16_T6_EXP_HRD_UNDEAD_RECRUITMENT";"";"";"";"";"";"";""
"Other";"";"";"QUESTITEM_EXP_TOKEN_D16_T6_EXP_HRD_UNDEAD_SEWERSCRYPT";"QUESTITEM_EXP_TOKEN_D16_T6_EXP_HRD_UNDEAD_SEWERSCRYPT";"[T0] QUESTITEM_EXP_TOKEN_D16_T6_EXP_HRD_UNDEAD_SEWERSCRYPT";"";"";"";"";"";"";""
"Other";"";"";"QUESTITEM_EXP_TOKEN_D17_T6_EXP_HRD_HERETIC_FISHYBUSINESS";"QUESTITEM_EXP_TOKEN_D17_T6_EXP_HRD_HERETIC_FISHYBUSINESS";"[T0] QUESTITEM_EXP_TOKEN_D17_T6_EXP_HRD_HERETIC_FISHYBUSINESS";"";"";"";"";"";"";""
"Other";"";"";"QUESTITEM_EXP_TOKEN_D17_T6_EXP_HRD_HERETIC_FISTFULOFSILVER";"QUESTITEM_EXP_TOKEN_D17_T6_EXP_HRD_HERETIC_FISTFULOFSILVER";"[T0] QUESTITEM_EXP_TOKEN_D17_T6_EXP_HRD_HERETIC_FISTFULOFSILVER";"";"";"";"";"";"";""
"Other";"";"";"QUESTITEM_EXP_TOKEN_D17_T6_EXP_HRD_HERETIC_LUMBERCAMP";"QUESTITEM_EXP_TOKEN_D17_T6_EXP_HRD_HERETIC_LUMBERCAMP";"[T0] QUESTITEM_EXP_TOKEN_D17_T6_EXP_HRD_HERETIC_LUMBERCAMP";"";"";"";"";"";"";""
"Other";"";"";"QUESTITEM_EXP_TOKEN_D17_T6_EXP_HRD_KEEPER_MUSHROOM";"QUESTITEM_EXP_TOKEN_D17_T6_EXP_HRD_KEEPER_MUSHROOM";"[T0] QUESTITEM_EXP_TOKEN_D17_T6_EXP_HRD_KEEPER_MUSHROOM";"";"";"";"";"";"";""
"Other";"";"";"QUESTITEM_EXP_TOKEN_D17_T6_EXP_HRD_KEEPER_STONEWARS";"QUESTITEM_EXP_TOKEN_D17_T6_EXP_HRD_KEEPER_STONEWARS";"[T0] QUESTITEM_EXP_TOKEN_D17_T6_EXP_HRD_KEEPER_STONEWARS";"";"";"";"";"";"";""
"Other";"";"";"QUESTITEM_EXP_TOKEN_D17_T6_EXP_HRD_MORGANA_TORTURER";"QUESTITEM_EXP_TOKEN_D17_T6_EXP_HRD_MORGANA_TORTURER";"[T0] QUESTITEM_EXP_TOKEN_D17_T6_EXP_HRD_MORGANA_TORTURER";"";"";"";"";"";"";""
"Other";"";"";"QUESTITEM_EXP_TOKEN_D17_T6_EXP_HRD_MORGANA_TRHEESISTERS";"QUESTITEM_EXP_TOKEN_D17_T6_EXP_HRD_MORGANA_TRHEESISTERS";"[T0] QUESTITEM_EXP_TOKEN_D17_T6_EXP_HRD_MORGANA_TRHEESISTERS";"";"";"";"";"";"";""
"Other";"";"";"QUESTITEM_EXP_TOKEN_D17_T6_EXP_HRD_UNDEAD_ETERNALBATTLE";"QUESTITEM_EXP_TOKEN_D17_T6_EXP_HRD_UNDEAD_ETERNALBATTLE";"[T0] QUESTITEM_EXP_TOKEN_D17_T6_EXP_HRD_UNDEAD_ETERNALBATTLE";"";"";"";"";"";"";""
"Other";"";"";"QUESTITEM_EXP_TOKEN_D17_T6_EXP_HRD_UNDEAD_RECRUITMENT";"QUESTITEM_EXP_TOKEN_D17_T6_EXP_HRD_UNDEAD_RECRUITMENT";"[T0] QUESTITEM_EXP_TOKEN_D17_T6_EXP_HRD_UNDEAD_RECRUITMENT";"";"";"";"";"";"";""
"Other";"";"";"QUESTITEM_EXP_TOKEN_D17_T6_EXP_HRD_UNDEAD_SEWERSCRYPT";"QUESTITEM_EXP_TOKEN_D17_T6_EXP_HRD_UNDEAD_SEWERSCRYPT";"[T0] QUESTITEM_EXP_TOKEN_D17_T6_EXP_HRD_UNDEAD_SEWERSCRYPT";"";"";"";"";"";"";""
"Other";"";"";"QUESTITEM_EXP_TOKEN_D18_T6_EXP_HRD_HERETIC_FISHYBUSINESS";"QUESTITEM_EXP_TOKEN_D18_T6_EXP_HRD_HERETIC_FISHYBUSINESS";"[T0] QUESTITEM_EXP_TOKEN_D18_T6_EXP_HRD_HERETIC_FISHYBUSINESS";"";"";"";"";"";"";""
"Other";"";"";"QUESTITEM_EXP_TOKEN_D18_T6_EXP_HRD_HERETIC_FISTFULOFSILVER";"QUESTITEM_EXP_TOKEN_D18_T6_EXP_HRD_HERETIC_FISTFULOFSILVER";"[T0] QUESTITEM_EXP_TOKEN_D18_T6_EXP_HRD_HERETIC_FISTFULOFSILVER";"";"";"";"";"";"";""
"Other";"";"";"QUESTITEM_EXP_TOKEN_D18_T6_EXP_HRD_HERETIC_LUMBERCAMP";"QUESTITEM_EXP_TOKEN_D18_T6_EXP_HRD_HERETIC_LUMBERCAMP";"[T0] QUESTITEM_EXP_TOKEN_D18_T6_EXP_HRD_HERETIC_LUMBERCAMP";"";"";"";"";"";"";""
"Other";"";"";"QUESTITEM_EXP_TOKEN_D18_T6_EXP_HRD_KEEPER_MUSHROOM";"QUESTITEM_EXP_TOKEN_D18_T6_EXP_HRD_KEEPER_MUSHROOM";"[T0] QUESTITEM_EXP_TOKEN_D18_T6_EXP_HRD_KEEPER_MUSHROOM";"";"";"";"";"";"";""
"Other";"";"";"QUESTITEM_EXP_TOKEN_D18_T6_EXP_HRD_KEEPER_STONEWARS";"QUESTITEM_EXP_TOKEN_D18_T6_EXP_HRD_KEEPER_STONEWARS";"[T0] QUESTITEM_EXP_TOKEN_D18_T6_EXP_HRD_KEEPER_STONEWARS";"";"";"";"";"";"";""
"Other";"";"";"QUESTITEM_EXP_TOKEN_D18_T6_EXP_HRD_MORGANA_TORTURER";"QUESTITEM_EXP_TOKEN_D18_T6_EXP_HRD_MORGANA_TORTURER";"[T0] QUESTITEM_EXP_TOKEN_D18_T6_EXP_HRD_MORGANA_TORTURER";"";"";"";"";"";"";""
"Other";"";"";"QUESTITEM_EXP_TOKEN_D18_T6_EXP_HRD_MORGANA_TRHEESISTERS";"QUESTITEM_EXP_TOKEN_D18_T6_EXP_HRD_MORGANA_TRHEESISTERS";"[T0] QUESTITEM_EXP_TOKEN_D18_T6_EXP_HRD_MORGANA_TRHEESISTERS";"";"";"";"";"";"";""
"Other";"";"";"QUESTITEM_EXP_TOKEN_D18_T6_EXP_HRD_UNDEAD_ETERNALBATTLE";"QUESTITEM_EXP_TOKEN_D18_T6_EXP_HRD_UNDEAD_ETERNALBATTLE";"[T0] QUESTITEM_EXP_TOKEN_D18_T6_EXP_HRD_UNDEAD_ETERNALBATTLE";"";"";"";"";"";"";""
"Other";"";"";"QUESTITEM_EXP_TOKEN_D18_T6_EXP_HRD_UNDEAD_RECRUITMENT";"QUESTITEM_EXP_TOKEN_D18_T6_EXP_HRD_UNDEAD_RECRUITMENT";"[T0] QUESTITEM_EXP_TOKEN_D18_T6_EXP_HRD_UNDEAD_RECRUITMENT";"";"";"";"";"";"";""
"Other";"";"";"QUESTITEM_EXP_TOKEN_D18_T6_EXP_HRD_UNDEAD_SEWERSCRYPT";"QUESTITEM_EXP_TOKEN_D18_T6_EXP_HRD_UNDEAD_SEWERSCRYPT";"[T0] QUESTITEM_EXP_TOKEN_D18_T6_EXP_HRD_UNDEAD_SEWERSCRYPT";"";"";"";"";"";"";""
"Other";"";"";"QUESTITEM_EXP_TOKEN_D2_T6_EXP_HRD_HERETIC_FISHYBUSINESS";"QUESTITEM_EXP_TOKEN_D2_T6_EXP_HRD_HERETIC_FISHYBUSINESS";"[T0] QUESTITEM_EXP_TOKEN_D2_T6_EXP_HRD_HERETIC_FISHYBUSINESS";"";"";"";"";"";"";""
"Other";"";"";"QUESTITEM_EXP_TOKEN_D2_T6_EXP_HRD_HERETIC_FISTFULOFSILVER";"QUESTITEM_EXP_TOKEN_D2_T6_EXP_HRD_HERETIC_FISTFULOFSILVER";"[T0] QUESTITEM_EXP_TOKEN_D2_T6_EXP_HRD_HERETIC_FISTFULOFSILVER";"";"";"";"";"";"";""
"Other";"";"";"QUESTITEM_EXP_TOKEN_D2_T6_EXP_HRD_HERETIC_LUMBERCAMP";"QUESTITEM_EXP_TOKEN_D2_T6_EXP_HRD_HERETIC_LUMBERCAMP";"[T0] QUESTITEM_EXP_TOKEN_D2_T6_EXP_HRD_HERETIC_LUMBERCAMP";"";"";"";"";"";"";""
"Other";"";"";"QUESTITEM_EXP_TOKEN_D2_T6_EXP_HRD_KEEPER_MUSHROOM";"QUESTITEM_EXP_TOKEN_D2_T6_EXP_HRD_KEEPER_MUSHROOM";"[T0] QUESTITEM_EXP_TOKEN_D2_T6_EXP_HRD_KEEPER_MUSHROOM";"";"";"";"";"";"";""
"Other";"";"";"QUESTITEM_EXP_TOKEN_D2_T6_EXP_HRD_KEEPER_STONEWARS";"QUESTITEM_EXP_TOKEN_D2_T6_EXP_HRD_KEEPER_STONEWARS";"[T0] QUESTITEM_EXP_TOKEN_D2_T6_EXP_HRD_KEEPER_STONEWARS";"";"";"";"";"";"";""
"Other";"";"";"QUESTITEM_EXP_TOKEN_D2_T6_EXP_HRD_MORGANA_TORTURER";"QUESTITEM_EXP_TOKEN_D2_T6_EXP_HRD_MORGANA_TORTURER";"[T0] QUESTITEM_EXP_TOKEN_D2_T6_EXP_HRD_MORGANA_TORTURER";"";"";"";"";"";"";""
"Other";"";"";"QUESTITEM_EXP_TOKEN_D2_T6_EXP_HRD_MORGANA_TRHEESISTERS";"QUESTITEM_EXP_TOKEN_D2_T6_EXP_HRD_MORGANA_TRHEESISTERS";"[T0] QUESTITEM_EXP_TOKEN_D2_T6_EXP_HRD_MORGANA_TRHEESISTERS";"";"";"";"";"";"";""
"Other";"";"";"QUESTITEM_EXP_TOKEN_D2_T6_EXP_HRD_UNDEAD_ETERNALBATTLE";"QUESTITEM_EXP_TOKEN_D2_T6_EXP_HRD_UNDEAD_ETERNALBATTLE";"[T0] QUESTITEM_EXP_TOKEN_D2_T6_EXP_HRD_UNDEAD_ETERNALBATTLE";"";"";"";"";"";"";""
"Other";"";"";"QUESTITEM_EXP_TOKEN_D2_T6_EXP_HRD_UNDEAD_RECRUITMENT";"QUESTITEM_EXP_TOKEN_D2_T6_EXP_HRD_UNDEAD_RECRUITMENT";"[T0] QUESTITEM_EXP_TOKEN_D2_T6_EXP_HRD_UNDEAD_RECRUITMENT";"";"";"";"";"";"";""
"Other";"";"";"QUESTITEM_EXP_TOKEN_D2_T6_EXP_HRD_UNDEAD_SEWERSCRYPT";"QUESTITEM_EXP_TOKEN_D2_T6_EXP_HRD_UNDEAD_SEWERSCRYPT";"[T0] QUESTITEM_EXP_TOKEN_D2_T6_EXP_HRD_UNDEAD_SEWERSCRYPT";"";"";"";"";"";"";""
"Other";"";"";"QUESTITEM_EXP_TOKEN_D3_T6_EXP_HRD_HERETIC_FISHYBUSINESS";"QUESTITEM_EXP_TOKEN_D3_T6_EXP_HRD_HERETIC_FISHYBUSINESS";"[T0] QUESTITEM_EXP_TOKEN_D3_T6_EXP_HRD_HERETIC_FISHYBUSINESS";"";"";"";"";"";"";""
"Other";"";"";"QUESTITEM_EXP_TOKEN_D3_T6_EXP_HRD_HERETIC_FISTFULOFSILVER";"QUESTITEM_EXP_TOKEN_D3_T6_EXP_HRD_HERETIC_FISTFULOFSILVER";"[T0] QUESTITEM_EXP_TOKEN_D3_T6_EXP_HRD_HERETIC_FISTFULOFSILVER";"";"";"";"";"";"";""
"Other";"";"";"QUESTITEM_EXP_TOKEN_D3_T6_EXP_HRD_HERETIC_LUMBERCAMP";"QUESTITEM_EXP_TOKEN_D3_T6_EXP_HRD_HERETIC_LUMBERCAMP";"[T0] QUESTITEM_EXP_TOKEN_D3_T6_EXP_HRD_HERETIC_LUMBERCAMP";"";"";"";"";"";"";""
"Other";"";"";"QUESTITEM_EXP_TOKEN_D3_T6_EXP_HRD_KEEPER_MUSHROOM";"QUESTITEM_EXP_TOKEN_D3_T6_EXP_HRD_KEEPER_MUSHROOM";"[T0] QUESTITEM_EXP_TOKEN_D3_T6_EXP_HRD_KEEPER_MUSHROOM";"";"";"";"";"";"";""
"Other";"";"";"QUESTITEM_EXP_TOKEN_D3_T6_EXP_HRD_KEEPER_STONEWARS";"QUESTITEM_EXP_TOKEN_D3_T6_EXP_HRD_KEEPER_STONEWARS";"[T0] QUESTITEM_EXP_TOKEN_D3_T6_EXP_HRD_KEEPER_STONEWARS";"";"";"";"";"";"";""
"Other";"";"";"QUESTITEM_EXP_TOKEN_D3_T6_EXP_HRD_MORGANA_TORTURER";"QUESTITEM_EXP_TOKEN_D3_T6_EXP_HRD_MORGANA_TORTURER";"[T0] QUESTITEM_EXP_TOKEN_D3_T6_EXP_HRD_MORGANA_TORTURER";"";"";"";"";"";"";""
"Other";"";"";"QUESTITEM_EXP_TOKEN_D3_T6_EXP_HRD_MORGANA_TRHEESISTERS";"QUESTITEM_EXP_TOKEN_D3_T6_EXP_HRD_MORGANA_TRHEESISTERS";"[T0] QUESTITEM_EXP_TOKEN_D3_T6_EXP_HRD_MORGANA_TRHEESISTERS";"";"";"";"";"";"";""
"Other";"";"";"QUESTITEM_EXP_TOKEN_D3_T6_EXP_HRD_UNDEAD_ETERNALBATTLE";"QUESTITEM_EXP_TOKEN_D3_T6_EXP_HRD_UNDEAD_ETERNALBATTLE";"[T0] QUESTITEM_EXP_TOKEN_D3_T6_EXP_HRD_UNDEAD_ETERNALBATTLE";"";"";"";"";"";"";""
"Other";"";"";"QUESTITEM_EXP_TOKEN_D3_T6_EXP_HRD_UNDEAD_RECRUITMENT";"QUESTITEM_EXP_TOKEN_D3_T6_EXP_HRD_UNDEAD_RECRUITMENT";"[T0] QUESTITEM_EXP_TOKEN_D3_T6_EXP_HRD_UNDEAD_RECRUITMENT";"";"";"";"";"";"";""
"Other";"";"";"QUESTITEM_EXP_TOKEN_D3_T6_EXP_HRD_UNDEAD_SEWERSCRYPT";"QUESTITEM_EXP_TOKEN_D3_T6_EXP_HRD_UNDEAD_SEWERSCRYPT";"[T0] QUESTITEM_EXP_TOKEN_D3_T6_EXP_HRD_UNDEAD_SEWERSCRYPT";"";"";"";"";"";"";""
"Other";"";"";"QUESTITEM_EXP_TOKEN_D4_T6_EXP_HRD_HERETIC_FISHYBUSINESS";"QUESTITEM_EXP_TOKEN_D4_T6_EXP_HRD_HERETIC_FISHYBUSINESS";"[T0] QUESTITEM_EXP_TOKEN_D4_T6_EXP_HRD_HERETIC_FISHYBUSINESS";"";"";"";"";"";"";""
"Other";"";"";"QUESTITEM_EXP_TOKEN_D4_T6_EXP_HRD_HERETIC_FISTFULOFSILVER";"QUESTITEM_EXP_TOKEN_D4_T6_EXP_HRD_HERETIC_FISTFULOFSILVER";"[T0] QUESTITEM_EXP_TOKEN_D4_T6_EXP_HRD_HERETIC_FISTFULOFSILVER";"";"";"";"";"";"";""
"Other";"";"";"QUESTITEM_EXP_TOKEN_D4_T6_EXP_HRD_HERETIC_LUMBERCAMP";"QUESTITEM_EXP_TOKEN_D4_T6_EXP_HRD_HERETIC_LUMBERCAMP";"[T0] QUESTITEM_EXP_TOKEN_D4_T6_EXP_HRD_HERETIC_LUMBERCAMP";"";"";"";"";"";"";""
"Other";"";"";"QUESTITEM_EXP_TOKEN_D4_T6_EXP_HRD_KEEPER_MUSHROOM";"QUESTITEM_EXP_TOKEN_D4_T6_EXP_HRD_KEEPER_MUSHROOM";"[T0] QUESTITEM_EXP_TOKEN_D4_T6_EXP_HRD_KEEPER_MUSHROOM";"";"";"";"";"";"";""
"Other";"";"";"QUESTITEM_EXP_TOKEN_D4_T6_EXP_HRD_KEEPER_STONEWARS";"QUESTITEM_EXP_TOKEN_D4_T6_EXP_HRD_KEEPER_STONEWARS";"[T0] QUESTITEM_EXP_TOKEN_D4_T6_EXP_HRD_KEEPER_STONEWARS";"";"";"";"";"";"";""
"Other";"";"";"QUESTITEM_EXP_TOKEN_D4_T6_EXP_HRD_MORGANA_TORTURER";"QUESTITEM_EXP_TOKEN_D4_T6_EXP_HRD_MORGANA_TORTURER";"[T0] QUESTITEM_EXP_TOKEN_D4_T6_EXP_HRD_MORGANA_TORTURER";"";"";"";"";"";"";""
"Other";"";"";"QUESTITEM_EXP_TOKEN_D4_T6_EXP_HRD_MORGANA_TRHEESISTERS";"QUESTITEM_EXP_TOKEN_D4_T6_EXP_HRD_MORGANA_TRHEESISTERS";"[T0] QUESTITEM_EXP_TOKEN_D4_T6_EXP_HRD_MORGANA_TRHEESISTERS";"";"";"";"";"";"";""
"Other";"";"";"QUESTITEM_EXP_TOKEN_D4_T6_EXP_HRD_UNDEAD_ETERNALBATTLE";"QUESTITEM_EXP_TOKEN_D4_T6_EXP_HRD_UNDEAD_ETERNALBATTLE";"[T0] QUESTITEM_EXP_TOKEN_D4_T6_EXP_HRD_UNDEAD_ETERNALBATTLE";"";"";"";"";"";"";""
"Other";"";"";"QUESTITEM_EXP_TOKEN_D4_T6_EXP_HRD_UNDEAD_RECRUITMENT";"QUESTITEM_EXP_TOKEN_D4_T6_EXP_HRD_UNDEAD_RECRUITMENT";"[T0] QUESTITEM_EXP_TOKEN_D4_T6_EXP_HRD_UNDEAD_RECRUITMENT";"";"";"";"";"";"";""
"Other";"";"";"QUESTITEM_EXP_TOKEN_D4_T6_EXP_HRD_UNDEAD_SEWERSCRYPT";"QUESTITEM_EXP_TOKEN_D4_T6_EXP_HRD_UNDEAD_SEWERSCRYPT";"[T0] QUESTITEM_EXP_TOKEN_D4_T6_EXP_HRD_UNDEAD_SEWERSCRYPT";"";"";"";"";"";"";""
"Other";"";"";"QUESTITEM_EXP_TOKEN_D5_T6_EXP_HRD_HERETIC_FISHYBUSINESS";"QUESTITEM_EXP_TOKEN_D5_T6_EXP_HRD_HERETIC_FISHYBUSINESS";"[T0] QUESTITEM_EXP_TOKEN_D5_T6_EXP_HRD_HERETIC_FISHYBUSINESS";"";"";"";"";"";"";""
"Other";"";"";"QUESTITEM_EXP_TOKEN_D5_T6_EXP_HRD_HERETIC_FISTFULOFSILVER";"QUESTITEM_EXP_TOKEN_D5_T6_EXP_HRD_HERETIC_FISTFULOFSILVER";"[T0] QUESTITEM_EXP_TOKEN_D5_T6_EXP_HRD_HERETIC_FISTFULOFSILVER";"";"";"";"";"";"";""
"Other";"";"";"QUESTITEM_EXP_TOKEN_D5_T6_EXP_HRD_HERETIC_LUMBERCAMP";"QUESTITEM_EXP_TOKEN_D5_T6_EXP_HRD_HERETIC_LUMBERCAMP";"[T0] QUESTITEM_EXP_TOKEN_D5_T6_EXP_HRD_HERETIC_LUMBERCAMP";"";"";"";"";"";"";""
"Other";"";"";"QUESTITEM_EXP_TOKEN_D5_T6_EXP_HRD_KEEPER_MUSHROOM";"QUESTITEM_EXP_TOKEN_D5_T6_EXP_HRD_KEEPER_MUSHROOM";"[T0] QUESTITEM_EXP_TOKEN_D5_T6_EXP_HRD_KEEPER_MUSHROOM";"";"";"";"";"";"";""
"Other";"";"";"QUESTITEM_EXP_TOKEN_D5_T6_EXP_HRD_KEEPER_STONEWARS";"QUESTITEM_EXP_TOKEN_D5_T6_EXP_HRD_KEEPER_STONEWARS";"[T0] QUESTITEM_EXP_TOKEN_D5_T6_EXP_HRD_KEEPER_STONEWARS";"";"";"";"";"";"";""
"Other";"";"";"QUESTITEM_EXP_TOKEN_D5_T6_EXP_HRD_MORGANA_TORTURER";"QUESTITEM_EXP_TOKEN_D5_T6_EXP_HRD_MORGANA_TORTURER";"[T0] QUESTITEM_EXP_TOKEN_D5_T6_EXP_HRD_MORGANA_TORTURER";"";"";"";"";"";"";""
"Other";"";"";"QUESTITEM_EXP_TOKEN_D5_T6_EXP_HRD_MORGANA_TRHEESISTERS";"QUESTITEM_EXP_TOKEN_D5_T6_EXP_HRD_MORGANA_TRHEESISTERS";"[T0] QUESTITEM_EXP_TOKEN_D5_T6_EXP_HRD_MORGANA_TRHEESISTERS";"";"";"";"";"";"";""
"Other";"";"";"QUESTITEM_EXP_TOKEN_D5_T6_EXP_HRD_UNDEAD_ETERNALBATTLE";"QUESTITEM_EXP_TOKEN_D5_T6_EXP_HRD_UNDEAD_ETERNALBATTLE";"[T0] QUESTITEM_EXP_TOKEN_D5_T6_EXP_HRD_UNDEAD_ETERNALBATTLE";"";"";"";"";"";"";""
"Other";"";"";"QUESTITEM_EXP_TOKEN_D5_T6_EXP_HRD_UNDEAD_RECRUITMENT";"QUESTITEM_EXP_TOKEN_D5_T6_EXP_HRD_UNDEAD_RECRUITMENT";"[T0] QUESTITEM_EXP_TOKEN_D5_T6_EXP_HRD_UNDEAD_RECRUITMENT";"";"";"";"";"";"";""
"Other";"";"";"QUESTITEM_EXP_TOKEN_D5_T6_EXP_HRD_UNDEAD_SEWERSCRYPT";"QUESTITEM_EXP_TOKEN_D5_T6_EXP_HRD_UNDEAD_SEWERSCRYPT";"[T0] QUESTITEM_EXP_TOKEN_D5_T6_EXP_HRD_UNDEAD_SEWERSCRYPT";"";"";"";"";"";"";""
"Other";"";"";"QUESTITEM_EXP_TOKEN_D6_T6_EXP_HRD_HERETIC_FISHYBUSINESS";"QUESTITEM_EXP_TOKEN_D6_T6_EXP_HRD_HERETIC_FISHYBUSINESS";"[T0] QUESTITEM_EXP_TOKEN_D6_T6_EXP_HRD_HERETIC_FISHYBUSINESS";"";"";"";"";"";"";""
"Other";"";"";"QUESTITEM_EXP_TOKEN_D6_T6_EXP_HRD_HERETIC_FISTFULOFSILVER";"QUESTITEM_EXP_TOKEN_D6_T6_EXP_HRD_HERETIC_FISTFULOFSILVER";"[T0] QUESTITEM_EXP_TOKEN_D6_T6_EXP_HRD_HERETIC_FISTFULOFSILVER";"";"";"";"";"";"";""
"Other";"";"";"QUESTITEM_EXP_TOKEN_D6_T6_EXP_HRD_HERETIC_LUMBERCAMP";"QUESTITEM_EXP_TOKEN_D6_T6_EXP_HRD_HERETIC_LUMBERCAMP";"[T0] QUESTITEM_EXP_TOKEN_D6_T6_EXP_HRD_HERETIC_LUMBERCAMP";"";"";"";"";"";"";""
"Other";"";"";"QUESTITEM_EXP_TOKEN_D6_T6_EXP_HRD_KEEPER_MUSHROOM";"QUESTITEM_EXP_TOKEN_D6_T6_EXP_HRD_KEEPER_MUSHROOM";"[T0] QUESTITEM_EXP_TOKEN_D6_T6_EXP_HRD_KEEPER_MUSHROOM";"";"";"";"";"";"";""
"Other";"";"";"QUESTITEM_EXP_TOKEN_D6_T6_EXP_HRD_KEEPER_STONEWARS";"QUESTITEM_EXP_TOKEN_D6_T6_EXP_HRD_KEEPER_STONEWARS";"[T0] QUESTITEM_EXP_TOKEN_D6_T6_EXP_HRD_KEEPER_STONEWARS";"";"";"";"";"";"";""
"Other";"";"";"QUESTITEM_EXP_TOKEN_D6_T6_EXP_HRD_MORGANA_TORTURER";"QUESTITEM_EXP_TOKEN_D6_T6_EXP_HRD_MORGANA_TORTURER";"[T0] QUESTITEM_EXP_TOKEN_D6_T6_EXP_HRD_MORGANA_TORTURER";"";"";"";"";"";"";""
"Other";"";"";"QUESTITEM_EXP_TOKEN_D6_T6_EXP_HRD_MORGANA_TRHEESISTERS";"QUESTITEM_EXP_TOKEN_D6_T6_EXP_HRD_MORGANA_TRHEESISTERS";"[T0] QUESTITEM_EXP_TOKEN_D6_T6_EXP_HRD_MORGANA_TRHEESISTERS";"";"";"";"";"";"";""
"Other";"";"";"QUESTITEM_EXP_TOKEN_D6_T6_EXP_HRD_UNDEAD_ETERNALBATTLE";"QUESTITEM_EXP_TOKEN_D6_T6_EXP_HRD_UNDEAD_ETERNALBATTLE";"[T0] QUESTITEM_EXP_TOKEN_D6_T6_EXP_HRD_UNDEAD_ETERNALBATTLE";"";"";"";"";"";"";""
"Other";"";"";"QUESTITEM_EXP_TOKEN_D6_T6_EXP_HRD_UNDEAD_RECRUITMENT";"QUESTITEM_EXP_TOKEN_D6_T6_EXP_HRD_UNDEAD_RECRUITMENT";"[T0] QUESTITEM_EXP_TOKEN_D6_T6_EXP_HRD_UNDEAD_RECRUITMENT";"";"";"";"";"";"";""
"Other";"";"";"QUESTITEM_EXP_TOKEN_D6_T6_EXP_HRD_UNDEAD_SEWERSCRYPT";"QUESTITEM_EXP_TOKEN_D6_T6_EXP_HRD_UNDEAD_SEWERSCRYPT";"[T0] QUESTITEM_EXP_TOKEN_D6_T6_EXP_HRD_UNDEAD_SEWERSCRYPT";"";"";"";"";"";"";""
"Other";"";"";"QUESTITEM_EXP_TOKEN_D7_T6_EXP_HRD_HERETIC_FISHYBUSINESS";"QUESTITEM_EXP_TOKEN_D7_T6_EXP_HRD_HERETIC_FISHYBUSINESS";"[T0] QUESTITEM_EXP_TOKEN_D7_T6_EXP_HRD_HERETIC_FISHYBUSINESS";"";"";"";"";"";"";""
"Other";"";"";"QUESTITEM_EXP_TOKEN_D7_T6_EXP_HRD_HERETIC_FISTFULOFSILVER";"QUESTITEM_EXP_TOKEN_D7_T6_EXP_HRD_HERETIC_FISTFULOFSILVER";"[T0] QUESTITEM_EXP_TOKEN_D7_T6_EXP_HRD_HERETIC_FISTFULOFSILVER";"";"";"";"";"";"";""
"Other";"";"";"QUESTITEM_EXP_TOKEN_D7_T6_EXP_HRD_HERETIC_LUMBERCAMP";"QUESTITEM_EXP_TOKEN_D7_T6_EXP_HRD_HERETIC_LUMBERCAMP";"[T0] QUESTITEM_EXP_TOKEN_D7_T6_EXP_HRD_HERETIC_LUMBERCAMP";"";"";"";"";"";"";""
"Other";"";"";"QUESTITEM_EXP_TOKEN_D7_T6_EXP_HRD_KEEPER_MUSHROOM";"QUESTITEM_EXP_TOKEN_D7_T6_EXP_HRD_KEEPER_MUSHROOM";"[T0] QUESTITEM_EXP_TOKEN_D7_T6_EXP_HRD_KEEPER_MUSHROOM";"";"";"";"";"";"";""
"Other";"";"";"QUESTITEM_EXP_TOKEN_D7_T6_EXP_HRD_KEEPER_STONEWARS";"QUESTITEM_EXP_TOKEN_D7_T6_EXP_HRD_KEEPER_STONEWARS";"[T0] QUESTITEM_EXP_TOKEN_D7_T6_EXP_HRD_KEEPER_STONEWARS";"";"";"";"";"";"";""
"Other";"";"";"QUESTITEM_EXP_TOKEN_D7_T6_EXP_HRD_MORGANA_TORTURER";"QUESTITEM_EXP_TOKEN_D7_T6_EXP_HRD_MORGANA_TORTURER";"[T0] QUESTITEM_EXP_TOKEN_D7_T6_EXP_HRD_MORGANA_TORTURER";"";"";"";"";"";"";""
"Other";"";"";"QUESTITEM_EXP_TOKEN_D7_T6_EXP_HRD_MORGANA_TRHEESISTERS";"QUESTITEM_EXP_TOKEN_D7_T6_EXP_HRD_MORGANA_TRHEESISTERS";"[T0] QUESTITEM_EXP_TOKEN_D7_T6_EXP_HRD_MORGANA_TRHEESISTERS";"";"";"";"";"";"";""
"Other";"";"";"QUESTITEM_EXP_TOKEN_D7_T6_EXP_HRD_UNDEAD_ETERNALBATTLE";"QUESTITEM_EXP_TOKEN_D7_T6_EXP_HRD_UNDEAD_ETERNALBATTLE";"[T0] QUESTITEM_EXP_TOKEN_D7_T6_EXP_HRD_UNDEAD_ETERNALBATTLE";"";"";"";"";"";"";""
"Other";"";"";"QUESTITEM_EXP_TOKEN_D7_T6_EXP_HRD_UNDEAD_RECRUITMENT";"QUESTITEM_EXP_TOKEN_D7_T6_EXP_HRD_UNDEAD_RECRUITMENT";"[T0] QUESTITEM_EXP_TOKEN_D7_T6_EXP_HRD_UNDEAD_RECRUITMENT";"";"";"";"";"";"";""
"Other";"";"";"QUESTITEM_EXP_TOKEN_D7_T6_EXP_HRD_UNDEAD_SEWERSCRYPT";"QUESTITEM_EXP_TOKEN_D7_T6_EXP_HRD_UNDEAD_SEWERSCRYPT";"[T0] QUESTITEM_EXP_TOKEN_D7_T6_EXP_HRD_UNDEAD_SEWERSCRYPT";"";"";"";"";"";"";""
"Other";"";"";"QUESTITEM_EXP_TOKEN_D8_T6_EXP_HRD_HERETIC_FISHYBUSINESS";"QUESTITEM_EXP_TOKEN_D8_T6_EXP_HRD_HERETIC_FISHYBUSINESS";"[T0] QUESTITEM_EXP_TOKEN_D8_T6_EXP_HRD_HERETIC_FISHYBUSINESS";"";"";"";"";"";"";""
"Other";"";"";"QUESTITEM_EXP_TOKEN_D8_T6_EXP_HRD_HERETIC_FISTFULOFSILVER";"QUESTITEM_EXP_TOKEN_D8_T6_EXP_HRD_HERETIC_FISTFULOFSILVER";"[T0] QUESTITEM_EXP_TOKEN_D8_T6_EXP_HRD_HERETIC_FISTFULOFSILVER";"";"";"";"";"";"";""
"Other";"";"";"QUESTITEM_EXP_TOKEN_D8_T6_EXP_HRD_HERETIC_LUMBERCAMP";"QUESTITEM_EXP_TOKEN_D8_T6_EXP_HRD_HERETIC_LUMBERCAMP";"[T0] QUESTITEM_EXP_TOKEN_D8_T6_EXP_HRD_HERETIC_LUMBERCAMP";"";"";"";"";"";"";""
"Other";"";"";"QUESTITEM_EXP_TOKEN_D8_T6_EXP_HRD_KEEPER_MUSHROOM";"QUESTITEM_EXP_TOKEN_D8_T6_EXP_HRD_KEEPER_MUSHROOM";"[T0] QUESTITEM_EXP_TOKEN_D8_T6_EXP_HRD_KEEPER_MUSHROOM";"";"";"";"";"";"";""
"Other";"";"";"QUESTITEM_EXP_TOKEN_D8_T6_EXP_HRD_KEEPER_STONEWARS";"QUESTITEM_EXP_TOKEN_D8_T6_EXP_HRD_KEEPER_STONEWARS";"[T0] QUESTITEM_EXP_TOKEN_D8_T6_EXP_HRD_KEEPER_STONEWARS";"";"";"";"";"";"";""
"Other";"";"";"QUESTITEM_EXP_TOKEN_D8_T6_EXP_HRD_MORGANA_TORTURER";"QUESTITEM_EXP_TOKEN_D8_T6_EXP_HRD_MORGANA_TORTURER";"[T0] QUESTITEM_EXP_TOKEN_D8_T6_EXP_HRD_MORGANA_TORTURER";"";"";"";"";"";"";""
"Other";"";"";"QUESTITEM_EXP_TOKEN_D8_T6_EXP_HRD_MORGANA_TRHEESISTERS";"QUESTITEM_EXP_TOKEN_D8_T6_EXP_HRD_MORGANA_TRHEESISTERS";"[T0] QUESTITEM_EXP_TOKEN_D8_T6_EXP_HRD_MORGANA_TRHEESISTERS";"";"";"";"";"";"";""
"Other";"";"";"QUESTITEM_EXP_TOKEN_D8_T6_EXP_HRD_UNDEAD_ETERNALBATTLE";"QUESTITEM_EXP_TOKEN_D8_T6_EXP_HRD_UNDEAD_ETERNALBATTLE";"[T0] QUESTITEM_EXP_TOKEN_D8_T6_EXP_HRD_UNDEAD_ETERNALBATTLE";"";"";"";"";"";"";""
"Other";"";"";"QUESTITEM_EXP_TOKEN_D8_T6_EXP_HRD_UNDEAD_RECRUITMENT";"QUESTITEM_EXP_TOKEN_D8_T6_EXP_HRD_UNDEAD_RECRUITMENT";"[T0] QUESTITEM_EXP_TOKEN_D8_T6_EXP_HRD_UNDEAD_RECRUITMENT";"";"";"";"";"";"";""
"Other";"";"";"QUESTITEM_EXP_TOKEN_D8_T6_EXP_HRD_UNDEAD_SEWERSCRYPT";"QUESTITEM_EXP_TOKEN_D8_T6_EXP_HRD_UNDEAD_SEWERSCRYPT";"[T0] QUESTITEM_EXP_TOKEN_D8_T6_EXP_HRD_UNDEAD_SEWERSCRYPT";"";"";"";"";"";"";""
"Other";"";"";"QUESTITEM_EXP_TOKEN_D9_T6_EXP_HRD_HERETIC_FISHYBUSINESS";"QUESTITEM_EXP_TOKEN_D9_T6_EXP_HRD_HERETIC_FISHYBUSINESS";"[T0] QUESTITEM_EXP_TOKEN_D9_T6_EXP_HRD_HERETIC_FISHYBUSINESS";"";"";"";"";"";"";""
"Other";"";"";"QUESTITEM_EXP_TOKEN_D9_T6_EXP_HRD_HERETIC_FISTFULOFSILVER";"QUESTITEM_EXP_TOKEN_D9_T6_EXP_HRD_HERETIC_FISTFULOFSILVER";"[T0] QUESTITEM_EXP_TOKEN_D9_T6_EXP_HRD_HERETIC_FISTFULOFSILVER";"";"";"";"";"";"";""
"Other";"";"";"QUESTITEM_EXP_TOKEN_D9_T6_EXP_HRD_HERETIC_LUMBERCAMP";"QUESTITEM_EXP_TOKEN_D9_T6_EXP_HRD_HERETIC_LUMBERCAMP";"[T0] QUESTITEM_EXP_TOKEN_D9_T6_EXP_HRD_HERETIC_LUMBERCAMP";"";"";"";"";"";"";""
"Other";"";"";"QUESTITEM_EXP_TOKEN_D9_T6_EXP_HRD_KEEPER_MUSHROOM";"QUESTITEM_EXP_TOKEN_D9_T6_EXP_HRD_KEEPER_MUSHROOM";"[T0] QUESTITEM_EXP_TOKEN_D9_T6_EXP_HRD_KEEPER_MUSHROOM";"";"";"";"";"";"";""
"Other";"";"";"QUESTITEM_EXP_TOKEN_D9_T6_EXP_HRD_KEEPER_STONEWARS";"QUESTITEM_EXP_TOKEN_D9_T6_EXP_HRD_KEEPER_STONEWARS";"[T0] QUESTITEM_EXP_TOKEN_D9_T6_EXP_HRD_KEEPER_STONEWARS";"";"";"";"";"";"";""
"Other";"";"";"QUESTITEM_EXP_TOKEN_D9_T6_EXP_HRD_MORGANA_TORTURER";"QUESTITEM_EXP_TOKEN_D9_T6_EXP_HRD_MORGANA_TORTURER";"[T0] QUESTITEM_EXP_TOKEN_D9_T6_EXP_HRD_MORGANA_TORTURER";"";"";"";"";"";"";""
"Other";"";"";"QUESTITEM_EXP_TOKEN_D9_T6_EXP_HRD_MORGANA_TRHEESISTERS";"QUESTITEM_EXP_TOKEN_D9_T6_EXP_HRD_MORGANA_TRHEESISTERS";"[T0] QUESTITEM_EXP_TOKEN_D9_T6_EXP_HRD_MORGANA_TRHEESISTERS";"";"";"";"";"";"";""
"Other";"";"";"QUESTITEM_EXP_TOKEN_D9_T6_EXP_HRD_UNDEAD_ETERNALBATTLE";"QUESTITEM_EXP_TOKEN_D9_T6_EXP_HRD_UNDEAD_ETERNALBATTLE";"[T0] QUESTITEM_EXP_TOKEN_D9_T6_EXP_HRD_UNDEAD_ETERNALBATTLE";"";"";"";"";"";"";""
"Other";"";"";"QUESTITEM_EXP_TOKEN_D9_T6_EXP_HRD_UNDEAD_RECRUITMENT";"QUESTITEM_EXP_TOKEN_D9_T6_EXP_HRD_UNDEAD_RECRUITMENT";"[T0] QUESTITEM_EXP_TOKEN_D9_T6_EXP_HRD_UNDEAD_RECRUITMENT";"";"";"";"";"";"";""
"Other";"";"";"QUESTITEM_EXP_TOKEN_D9_T6_EXP_HRD_UNDEAD_SEWERSCRYPT";"QUESTITEM_EXP_TOKEN_D9_T6_EXP_HRD_UNDEAD_SEWERSCRYPT";"[T0] QUESTITEM_EXP_TOKEN_D9_T6_EXP_HRD_UNDEAD_SEWERSCRYPT";"";"";"";"";"";"";""
"Other";"";"";"QUESTITEM_TOKEN_ARENA_CRYSTAL";"QUESTITEM_TOKEN_ARENA_CRYSTAL";"[T0] QUESTITEM_TOKEN_ARENA_CRYSTAL";"";"";"";"";"";"";""
"Other";"";"";"QUESTITEM_TUTORIAL_HERETIC_PLANS";"QUESTITEM_TUTORIAL_HERETIC_PLANS";"[T0] QUESTITEM_TUTORIAL_HERETIC_PLANS";"";"";"";"";"";"";""
"Other";"";"";"Rageclaw";"T8_MOUNT_COUGAR_KEEPER@1";"[T8] Rageclaw .1";"";"";"";"";"";"";""
"Other";"";"";"Rare Adamantium Ore";"T8_ORE_LEVEL2@2";"[T8] Rare Adamantium Ore .2";"";"";"";"";"";"";""
"Other";"";"";"Rare Adamantium Steel Bar";"T8_METALBAR_LEVEL2@2";"[T8] Rare Adamantium Steel Bar .2";"";"";"";"";"";"";""
"Other";"";"";"Rare Adept's Dungeon Map (Group)";"T4_RANDOM_DUNGEON_TOKEN_3@2";"[T4] Rare Adept's Dungeon Map (Group) .2";"";"";"";"";"";"";""
"Other";"";"";"Rare Adept's Dungeon Map (Solo)";"T4_RANDOM_DUNGEON_SOLO_TOKEN_3@2";"[T4] Rare Adept's Dungeon Map (Solo) .2";"";"";"";"";"";"";""
"Other";"";"";"Rare Amberleaf Cotton";"T6_FIBER_LEVEL2@2";"[T6] Rare Amberleaf Cotton .2";"";"";"";"";"";"";""
"Other";"";"";"Rare Animal Remains";"T1_ALCHEMY_COMMON";"[T1] Rare Animal Remains";"";"";"";"";"";"";""
"Other";"";"";"Rare Ashenbark Logs";"T7_WOOD_LEVEL2@2";"[T7] Rare Ashenbark Logs .2";"";"";"";"";"";"";""
"Other";"";"";"Rare Ashenbark Planks";"T7_PLANKS_LEVEL2@2";"[T7] Rare Ashenbark Planks .2";"";"";"";"";"";"";""
"Other";"";"";"Rare Baroque Cloth";"T8_CLOTH_LEVEL2@2";"[T8] Rare Baroque Cloth .2";"";"";"";"";"";"";""
"Other";"";"";"Rare Basalt";"T7_ROCK_LEVEL2@2";"[T7] Rare Basalt .2";"";"";"";"";"";"";""
"Other";"";"";"Rare Bloodoak Logs";"T6_WOOD_LEVEL2@2";"[T6] Rare Bloodoak Logs .2";"";"";"";"";"";"";""
"Other";"";"";"Rare Bloodoak Planks";"T6_PLANKS_LEVEL2@2";"[T6] Rare Bloodoak Planks .2";"";"";"";"";"";"";""
"Other";"";"";"Rare Cedar Logs";"T5_WOOD_LEVEL2@2";"[T5] Rare Cedar Logs .2";"";"";"";"";"";"";""
"Other";"";"";"Rare Cedar Planks";"T5_PLANKS_LEVEL2@2";"[T5] Rare Cedar Planks .2";"";"";"";"";"";"";""
"Other";"";"";"Rare Community Chest";"UNIQUE_LOOTCHEST_COMMUNITY_RARE";"[T0] Rare Community Chest";"";"";"";"";"";"";""
"Other";"";"";"Rare Community Treasure";"UNIQUE_LOOTCHEST_COMMUNITY_EXCLUSIVE_RARE";"[T0] Rare Community Treasure";"";"";"";"";"";"";""
"Other";"";"";"Rare Cured Leather";"T5_LEATHER_LEVEL2@2";"[T5] Rare Cured Leather .2";"";"";"";"";"";"";""
"Other";"";"";"Rare Elder's Dungeon Map (Group)";"T8_RANDOM_DUNGEON_TOKEN_3@2";"[T8] Rare Elder's Dungeon Map (Group) .2";"";"";"";"";"";"";""
"Other";"";"";"Rare Elder's Dungeon Map (Large Group)";"T8_RANDOM_DUNGEON_ELITE_TOKEN_3@2";"[T8] Rare Elder's Dungeon Map (Large Group) .2";"";"";"";"";"";"";""
"Other";"";"";"Rare Elder's Dungeon Map (Solo)";"T8_RANDOM_DUNGEON_SOLO_TOKEN_3@2";"[T8] Rare Elder's Dungeon Map (Solo) .2";"";"";"";"";"";"";""
"Other";"";"";"Rare Expert's Dungeon Map (Group)";"T5_RANDOM_DUNGEON_TOKEN_3@2";"[T5] Rare Expert's Dungeon Map (Group) .2";"";"";"";"";"";"";""
"Other";"";"";"Rare Expert's Dungeon Map (Solo)";"T5_RANDOM_DUNGEON_SOLO_TOKEN_3@2";"[T5] Rare Expert's Dungeon Map (Solo) .2";"";"";"";"";"";"";""
"Other";"";"";"Rare Fine Cloth";"T4_CLOTH_LEVEL2@2";"[T4] Rare Fine Cloth .2";"";"";"";"";"";"";""
"Other";"";"";"Rare Fortified Leather";"T8_LEATHER_LEVEL2@2";"[T8] Rare Fortified Leather .2";"";"";"";"";"";"";""
"Other";"";"";"Rare Ghost Hemp";"T8_FIBER_LEVEL2@2";"[T8] Rare Ghost Hemp .2";"";"";"";"";"";"";""
"Other";"";"";"Rare Grandmaster's Dungeon Map (Group)";"T7_RANDOM_DUNGEON_TOKEN_3@2";"[T7] Rare Grandmaster's Dungeon Map (Group) .2";"";"";"";"";"";"";""
"Other";"";"";"Rare Grandmaster's Dungeon Map (Large Group)";"T7_RANDOM_DUNGEON_ELITE_TOKEN_3@2";"[T7] Rare Grandmaster's Dungeon Map (Large Group) .2";"";"";"";"";"";"";""
"Other";"";"";"Rare Grandmaster's Dungeon Map (Solo)";"T7_RANDOM_DUNGEON_SOLO_TOKEN_3@2";"[T7] Rare Grandmaster's Dungeon Map (Solo) .2";"";"";"";"";"";"";""
"Other";"";"";"Rare Granite";"T5_ROCK_LEVEL2@2";"[T5] Rare Granite .2";"";"";"";"";"";"";""
"Other";"";"";"Rare Hardened Leather";"T6_LEATHER_LEVEL2@2";"[T6] Rare Hardened Leather .2";"";"";"";"";"";"";""
"Other";"";"";"Rare Heavy Hide";"T5_HIDE_LEVEL2@2";"[T5] Rare Heavy Hide .2";"";"";"";"";"";"";""
"Other";"";"";"Rare Hemp";"T4_FIBER_LEVEL2@2";"[T4] Rare Hemp .2";"";"";"";"";"";"";""
"Other";"";"";"Rare Iron Ore";"T4_ORE_LEVEL2@2";"[T4] Rare Iron Ore .2";"";"";"";"";"";"";""
"Other";"";"";"Rare Lavish Cloth";"T6_CLOTH_LEVEL2@2";"[T6] Rare Lavish Cloth .2";"";"";"";"";"";"";""
"Other";"";"";"Rare Marble";"T8_ROCK_LEVEL2@2";"[T8] Rare Marble .2";"";"";"";"";"";"";""
"Other";"";"";"Rare Master's Dungeon Map (Group)";"T6_RANDOM_DUNGEON_TOKEN_3@2";"[T6] Rare Master's Dungeon Map (Group) .2";"";"";"";"";"";"";""
"Other";"";"";"Rare Master's Dungeon Map (Large Group)";"T6_RANDOM_DUNGEON_ELITE_TOKEN_3@2";"[T6] Rare Master's Dungeon Map (Large Group) .2";"";"";"";"";"";"";""
"Other";"";"";"Rare Master's Dungeon Map (Solo)";"T6_RANDOM_DUNGEON_SOLO_TOKEN_3@2";"[T6] Rare Master's Dungeon Map (Solo) .2";"";"";"";"";"";"";""
"Other";"";"";"Rare Medium Hide";"T4_HIDE_LEVEL2@2";"[T4] Rare Medium Hide .2";"";"";"";"";"";"";""
"Other";"";"";"Rare Meteorite Ore";"T7_ORE_LEVEL2@2";"[T7] Rare Meteorite Ore .2";"";"";"";"";"";"";""
"Other";"";"";"Rare Meteorite Steel Bar";"T7_METALBAR_LEVEL2@2";"[T7] Rare Meteorite Steel Bar .2";"";"";"";"";"";"";""
"Other";"";"";"Rare Opulent Cloth";"T7_CLOTH_LEVEL2@2";"[T7] Rare Opulent Cloth .2";"";"";"";"";"";"";""
"Other";"";"";"Rare Ornate Cloth";"T5_CLOTH_LEVEL2@2";"[T5] Rare Ornate Cloth .2";"";"";"";"";"";"";""
"Other";"";"";"Rare Pine Logs";"T4_WOOD_LEVEL2@2";"[T4] Rare Pine Logs .2";"";"";"";"";"";"";""
"Other";"";"";"Rare Pine Planks";"T4_PLANKS_LEVEL2@2";"[T4] Rare Pine Planks .2";"";"";"";"";"";"";""
"Other";"";"";"Rare Reinforced Leather";"T7_LEATHER_LEVEL2@2";"[T7] Rare Reinforced Leather .2";"";"";"";"";"";"";""
"Other";"";"";"Rare Resilient Hide";"T8_HIDE_LEVEL2@2";"[T8] Rare Resilient Hide .2";"";"";"";"";"";"";""
"Other";"";"";"Rare Robust Hide";"T6_HIDE_LEVEL2@2";"[T6] Rare Robust Hide .2";"";"";"";"";"";"";""
"Other";"";"";"Rare Runite Ore";"T6_ORE_LEVEL2@2";"[T6] Rare Runite Ore .2";"";"";"";"";"";"";""
"Other";"";"";"Rare Runite Steel Bar";"T6_METALBAR_LEVEL2@2";"[T6] Rare Runite Steel Bar .2";"";"";"";"";"";"";""
"Other";"";"";"Rare Skyflower";"T5_FIBER_LEVEL2@2";"[T5] Rare Skyflower .2";"";"";"";"";"";"";""
"Other";"";"";"Rare Slate";"T6_ROCK_LEVEL2@2";"[T6] Rare Slate .2";"";"";"";"";"";"";""
"Other";"";"";"Rare Steel Bar";"T4_METALBAR_LEVEL2@2";"[T4] Rare Steel Bar .2";"";"";"";"";"";"";""
"Other";"";"";"Rare Sunflax";"T7_FIBER_LEVEL2@2";"[T7] Rare Sunflax .2";"";"";"";"";"";"";""
"Other";"";"";"Rare Thick Hide";"T7_HIDE_LEVEL2@2";"[T7] Rare Thick Hide .2";"";"";"";"";"";"";""
"Other";"";"";"Rare Titanium Ore";"T5_ORE_LEVEL2@2";"[T5] Rare Titanium Ore .2";"";"";"";"";"";"";""
"Other";"";"";"Rare Titanium Steel Bar";"T5_METALBAR_LEVEL2@2";"[T5] Rare Titanium Steel Bar .2";"";"";"";"";"";"";""
"Other";"";"";"Rare Travertine";"T4_ROCK_LEVEL2@2";"[T4] Rare Travertine .2";"";"";"";"";"";"";""
"Other";"";"";"Rare Whitewood Logs";"T8_WOOD_LEVEL2@2";"[T8] Rare Whitewood Logs .2";"";"";"";"";"";"";""
"Other";"";"";"Rare Whitewood Planks";"T8_PLANKS_LEVEL2@2";"[T8] Rare Whitewood Planks .2";"";"";"";"";"";"";""
"Other";"";"";"Rare Worked Leather";"T4_LEATHER_LEVEL2@2";"[T4] Rare Worked Leather .2";"";"";"";"";"";"";""
"Other";"";"";"Raven Standard (Disciples of Morgana)";"UNIQUE_FURNITUREITEM_MORGANA_STANDARD_A";"[T0] Raven Standard (Disciples of Morgana)";"";"";"";"";"";"";""
"Other";"";"";"Raven Standard Flambeau (Disciples of Morgana)";"UNIQUE_FURNITUREITEM_MORGANA_TORCH_C@1";"[T0] Raven Standard Flambeau (Disciples of Morgana) .1";"";"";"";"";"";"";""
"Other";"";"";"Raven Standard Shrine (Disciples of Morgana)";"UNIQUE_FURNITUREITEM_MORGANA_SACRIFICE_ALTAR_A";"[T0] Raven Standard Shrine (Disciples of Morgana)";"";"";"";"";"";"";""
"Other";"";"";"Raw Beef";"T8_MEAT";"[T8] Raw Beef";"";"";"";"";"";"";""
"Other";"";"";"Raw Chicken";"T3_MEAT";"[T3] Raw Chicken";"";"";"";"";"";"";""
"Other";"";"";"Raw Goat";"T4_MEAT";"[T4] Raw Goat";"";"";"";"";"";"";""
"Other";"";"";"Raw Goose";"T5_MEAT";"[T5] Raw Goose";"";"";"";"";"";"";""
"Other";"";"";"Raw Mutton";"T6_MEAT";"[T6] Raw Mutton";"";"";"";"";"";"";""
"Other";"";"";"Raw Pork";"T7_MEAT";"[T7] Raw Pork";"";"";"";"";"";"";""
"Other";"";"";"Reaver's Armored Horse";"SKIN_ARMORED_HORSE_MARAUDER";"[T0] Reaver's Armored Horse";"";"";"";"";"";"";""
"Other";"";"";"Recruiter's Barrel-crate";"UNIQUE_FURNITUREITEM_TELLAFRIEND_CHEST_BARREL@1";"[T0] Recruiter's Barrel-crate .1";"";"";"";"";"";"";""
"Other";"";"";"Recruiter's Bighorn Ram";"SKIN_OX_TRANSPORT_RAM_TELLAFRIEND";"[T0] Recruiter's Bighorn Ram";"";"";"";"";"";"";""
"Other";"";"";"Recruiter's Chest";"UNIQUE_FURNITUREITEM_TELLAFRIEND_CHEST_B@1";"[T0] Recruiter's Chest .1";"";"";"";"";"";"";""
"Other";"";"";"Recruiter's Companion Crate";"UNIQUE_FURNITUREITEM_TELLAFRIEND_CHEST_COMPANION@1";"[T0] Recruiter's Companion Crate .1";"";"";"";"";"";"";""
"Other";"";"";"Recruiter's Crate";"UNIQUE_FURNITUREITEM_TELLAFRIEND_CHEST_A@1";"[T0] Recruiter's Crate .1";"";"";"";"";"";"";""
"Other";"";"";"Recruiter's Deer Statue";"UNIQUE_FURNITUREITEM_TELLAFRIEND_DEER_STATUE";"[T0] Recruiter's Deer Statue";"";"";"";"";"";"";""
"Other";"";"";"Recruiter's Dire Fox";"SKIN_DIREWOLF_DIREFOX_TELLAFRIEND";"[T0] Recruiter's Dire Fox";"";"";"";"";"";"";""
"Other";"";"";"Recruiter's Donkey";"SKIN_DONKEY_UNIQUE_TELLAFRIEND";"[T0] Recruiter's Donkey";"";"";"";"";"";"";""
"Other";"";"";"Recruiter's Giant Frog";"UNIQUE_MOUNT_GIANTTOAD_02_TELLAFRIEND";"[T0] Recruiter's Giant Frog";"";"";"";"";"";"";""
"Other";"";"";"Recruiter's Giant Stag";"SKIN_GIANTSTAG_TELLAFRIEND";"[T0] Recruiter's Giant Stag";"";"";"";"";"";"";""
"Other";"";"";"Recruiter's Grey Wolf";"SKIN_DIREWOLF_GREY_TELLAFRIEND";"[T0] Recruiter's Grey Wolf";"";"";"";"";"";"";""
"Other";"";"";"Recruiter's Guild Banner";"UNIQUE_FURNITUREITEM_TELLAFRIEND_BANNER_A";"[T0] Recruiter's Guild Banner";"";"";"";"";"";"";""
"Other";"";"";"Recruiter's Horse";"SKIN_HORSE_TELLAFRIEND";"[T0] Recruiter's Horse";"";"";"";"";"";"";""
"Other";"";"";"Recruiter's Hunter Statue";"UNIQUE_FURNITUREITEM_TELLAFRIEND_HUNTER_STATUE";"[T0] Recruiter's Hunter Statue";"";"";"";"";"";"";""
"Other";"";"";"Recruiter's Husky Sled";"SKIN_DIREWOLF_HUSKYSLEIGH_TELLAFRIEND";"[T0] Recruiter's Husky Sled";"";"";"";"";"";"";""
"Other";"";"";"Recruiter's Impala";"SKIN_GIANTSTAG_IMPALA_TELLAFRIEND";"[T0] Recruiter's Impala";"";"";"";"";"";"";""
"Other";"";"";"Recruiter's Jaguar";"SKIN_COUGAR_JAGUAR_TELLAFRIEND";"[T0] Recruiter's Jaguar";"";"";"";"";"";"";""
"Other";"";"";"Recruiter's Merlyn Cube";"UNIQUE_FURNITUREITEM_TELLAFRIEND_CHEST_MERLINCUBE@1";"[T0] Recruiter's Merlyn Cube .1";"";"";"";"";"";"";""
"Other";"";"";"Recruiter's Moabird";"UNIQUE_MOUNT_MOABIRD_TELLAFRIEND";"[T0] Recruiter's Moabird";"";"";"";"";"";"";""
"Other";"";"";"Recruiter's Pig";"SKIN_DIREBOAR_PIG_TELLAFRIEND";"[T0] Recruiter's Pig";"";"";"";"";"";"";""
"Other";"";"";"Recruiter's Pile of Tomes";"UNIQUE_LOOTCHEST_FIRSTREFERRAL";"[T0] Recruiter's Pile of Tomes";"";"";"";"";"";"";""
"Other";"";"";"Recruiter's Pony";"SKIN_HORSE_PONY_TELLAFRIEND";"[T0] Recruiter's Pony";"";"";"";"";"";"";""
"Other";"";"";"Recruiter's Ram";"UNIQUE_MOUNT_RAM_TELLAFRIEND";"[T0] Recruiter's Ram";"";"";"";"";"";"";""
"Other";"";"";"Recruiter's Rottweiler";"SKIN_DIREWOLF_BLOODHOUND_TELLAFRIEND";"[T0] Recruiter's Rottweiler";"";"";"";"";"";"";""
"Other";"";"";"Recruiter's Saddled Bat";"UNIQUE_MOUNT_BAT_TELLAFRIEND";"[T0] Recruiter's Saddled Bat";"";"";"";"";"";"";""
"Other";"";"";"Recruiter's Saint Bernard";"SKIN_DIREWOLF_BERNARD_TELLAFRIEND";"[T0] Recruiter's Saint Bernard";"";"";"";"";"";"";""
"Other";"";"";"Recruiter's Sand Salamander";"SKIN_LIZARD_SAND_SALAMANDER_TELLAFRIEND";"[T0] Recruiter's Sand Salamander";"";"";"";"";"";"";""
"Other";"";"";"Recruiter's Sarcophagus Chest";"UNIQUE_FURNITUREITEM_TELLAFRIEND_CHEST_SARCOPHAGUS";"[T0] Recruiter's Sarcophagus Chest";"";"";"";"";"";"";""
"Other";"";"";"Recruiter's Storage-Barrel";"UNIQUE_FURNITUREITEM_TELLAFRIEND_CHEST_BARREL_B@1";"[T0] Recruiter's Storage-Barrel .1";"";"";"";"";"";"";""
"Other";"";"";"Recruiter's Tiger";"SKIN_COUGAR_TIGER_TELLAFRIEND";"[T0] Recruiter's Tiger";"";"";"";"";"";"";""
"Other";"";"";"Recruiter's Toad";"UNIQUE_MOUNT_GIANTTOAD_TELLAFRIEND";"[T0] Recruiter's Toad";"";"";"";"";"";"";""
"Other";"";"";"Recruiter's White Tiger";"SKIN_COUGAR_TIGER_WHITE_TELLAFRIEND";"[T0] Recruiter's White Tiger";"";"";"";"";"";"";""
"Other";"";"";"Recruiter's Wooden Chest";"UNIQUE_FURNITUREITEM_TELLAFRIEND_CHEST_C@1";"[T0] Recruiter's Wooden Chest .1";"";"";"";"";"";"";""
"Other";"";"";"Recruiter's Yak";"SKIN_OX_YAK_TELLAFRIEND";"[T0] Recruiter's Yak";"";"";"";"";"";"";""
"Other";"";"";"Redspring Eel";"T5_FISH_FRESHWATER_FOREST_RARE";"[T5] Redspring Eel";"";"";"";"";"";"";""
"Other";"";"";"Redspring Eel Stew";"T6_MEAL_STEW_FISH";"[T6] Redspring Eel Stew";"";"";"";"";"";"";""
"Other";"";"";"Refined Arcane Extract";"T1_ALCHEMY_EXTRACT_LEVEL2";"[T1] Refined Arcane Extract";"";"";"";"";"";"";""
"Other";"";"";"Regal Carpet";"UNIQUE_FURNITUREITEM_KNIGHT_CARPET_A";"[T0] Regal Carpet";"";"";"";"";"";"";""
"Other";"";"";"Reinforced Brazier (Disciples of Morgana)";"UNIQUE_FURNITUREITEM_MORGANA_FIREBOWL_C@1";"[T0] Reinforced Brazier (Disciples of Morgana) .1";"";"";"";"";"";"";""
"Other";"";"";"Reinforced Leather";"T7_LEATHER";"[T7] Reinforced Leather";"";"";"";"";"";"";""
"Other";"";"";"Relic";"T4_RELIC";"[T4] Adept's Relic";"";"";"";"";"";"";""
"Other";"";"";"Repair Kit";"T4_FURNITUREITEM_REPAIRKIT";"[T4] Adept's Repair Kit";"";"";"";"";"";"";""
"Other";"";"";"Resilient Hide";"T8_HIDE";"[T8] Resilient Hide";"";"";"";"";"";"";""
"Other";"";"";"Resistance Potion";"T5_POTION_STONESKIN";"[T5] Resistance Potion";"";"";"";"";"";"";""
"Other";"";"";"Riding Horse";"T3_MOUNT_HORSE";"[T3] Journeyman's Riding Horse";"";"";"";"";"";"";""
"Other";"";"";"Riding Horse Skin: Amethyst Unicorn";"UNIQUE_UNLOCK_SKIN_HORSE_UNICORN_AMETHYST";"[T0] Riding Horse Skin: Amethyst Unicorn";"";"";"";"";"";"";""
"Other";"";"";"Riding Horse Skin: Bonehorse";"UNIQUE_UNLOCK_SKIN_HORSE_UNDEAD";"[T0] Riding Horse Skin: Bonehorse";"";"";"";"";"";"";""
"Other";"";"";"Riding Horse Skin: Brown Mare";"UNIQUE_UNLOCK_SKIN_HORSE_BROWN_NON_TRADABLE";"[T0] Riding Horse Skin: Brown Mare";"";"";"";"";"";"";""
"Other";"";"";"Riding Horse Skin: Chimera";"UNIQUE_UNLOCK_SKIN_HORSE_QUESTING_BEAST";"[T0] Riding Horse Skin: Chimera";"";"";"";"";"";"";""
"Other";"";"";"Riding Horse Skin: Eighth-Year Stallion";"UNIQUE_UNLOCK_SKIN_HORSE_ANNIVERSARY_2025";"[T0] Riding Horse Skin: Eighth-Year Stallion";"";"";"";"";"";"";""
"Other";"";"";"Riding Horse Skin: Fifth-Year Stallion";"UNIQUE_UNLOCK_SKIN_HORSE_ANNIVERSARY_2022";"[T0] Riding Horse Skin: Fifth-Year Stallion";"";"";"";"";"";"";""
"Other";"";"";"Riding Horse Skin: Green Chimera";"UNIQUE_UNLOCK_SKIN_HORSE_QUESTING_BEAST_GREEN";"[T0] Riding Horse Skin: Green Chimera";"";"";"";"";"";"";""
"Other";"";"";"Riding Horse Skin: Horse Macabre";"UNIQUE_UNLOCK_SKIN_HORSE_UNDEAD_HALLOWEEN";"[T0] Riding Horse Skin: Horse Macabre";"";"";"";"";"";"";""
"Other";"";"";"Riding Horse Skin: Horsferatu";"UNIQUE_UNLOCK_SKIN_HORSE_VAMPIRE_TELLAFRIEND";"[T0] Riding Horse Skin: Horsferatu";"";"";"";"";"";"";""
"Other";"";"";"Riding Horse Skin: Jester Horse";"UNIQUE_UNLOCK_SKIN_HORSE_JESTER_TELLAFRIEND";"[T0] Riding Horse Skin: Jester Horse";"";"";"";"";"";"";""
"Other";"";"";"Riding Horse Skin: Jousting Horse";"UNIQUE_UNLOCK_SKIN_HORSE_GUILDBANNER";"[T0] Riding Horse Skin: Jousting Horse";"";"";"";"";"";"";""
"Other";"";"";"Riding Horse Skin: Keeper Horse";"UNIQUE_UNLOCK_SKIN_HORSE_KEEPER_NON_TRADABLE";"[T0] Riding Horse Skin: Keeper Horse";"";"";"";"";"";"";""
"Other";"";"";"Riding Horse Skin: Legendary Adventurer";"UNIQUE_UNLOCK_SKIN_HORSE_STARTERPACK";"[T0] Riding Horse Skin: Legendary Adventurer";"";"";"";"";"";"";""
"Other";"";"";"Riding Horse Skin: Legendary Explorer";"UNIQUE_UNLOCK_SKIN_HORSE_FOUNDER_LEGENDARY";"[T0] Riding Horse Skin: Legendary Explorer";"";"";"";"";"";"";""
"Other";"";"";"Riding Horse Skin: Nightshade Unicorn";"UNIQUE_UNLOCK_SKIN_HORSE_UNICORN_NON_TRADABLE";"[T0] Riding Horse Skin: Nightshade Unicorn";"";"";"";"";"";"";""
"Other";"";"";"Riding Horse Skin: Pegasus";"UNIQUE_UNLOCK_SKIN_HORSE_PEGASUS_LIGHT";"[T0] Riding Horse Skin: Pegasus";"";"";"";"";"";"";""
"Other";"";"";"Riding Horse Skin: Recruiter";"UNIQUE_UNLOCK_SKIN_HORSE_TELLAFRIEND";"[T0] Riding Horse Skin: Recruiter";"";"";"";"";"";"";""
"Other";"";"";"Riding Horse Skin: Recruiter's Pony";"UNIQUE_UNLOCK_SKIN_HORSE_PONY_TELLAFRIEND";"[T0] Riding Horse Skin: Recruiter's Pony";"";"";"";"";"";"";""
"Other";"";"";"Riding Horse Skin: Sailor's Horse";"UNIQUE_UNLOCK_SKIN_HORSE_FOUNDER_ASIA_SILVER";"[T0] Riding Horse Skin: Sailor's Horse";"";"";"";"";"";"";""
"Other";"";"";"Riding Horse Skin: Sea Captain's Horse";"UNIQUE_UNLOCK_SKIN_HORSE_FOUNDER_ASIA_CRYSTAL";"[T0] Riding Horse Skin: Sea Captain's Horse";"";"";"";"";"";"";""
"Other";"";"";"Riding Horse Skin: Seafarer's Horse";"UNIQUE_UNLOCK_SKIN_HORSE_FOUNDER_ASIA_GOLD";"[T0] Riding Horse Skin: Seafarer's Horse";"";"";"";"";"";"";""
"Other";"";"";"Riding Horse Skin: Seventh-Year Stallion";"UNIQUE_UNLOCK_SKIN_HORSE_ANNIVERSARY_2024";"[T0] Riding Horse Skin: Seventh-Year Stallion";"";"";"";"";"";"";""
"Other";"";"";"Riding Horse Skin: Shadow Pegasus";"UNIQUE_UNLOCK_SKIN_HORSE_PEGASUS_DARK";"[T0] Riding Horse Skin: Shadow Pegasus";"";"";"";"";"";"";""
"Other";"";"";"Riding Horse Skin: Sixth-Year Stallion";"UNIQUE_UNLOCK_SKIN_HORSE_ANNIVERSARY_2023";"[T0] Riding Horse Skin: Sixth-Year Stallion";"";"";"";"";"";"";""
"Other";"";"";"Riding Horse Skin: Unicorn";"UNIQUE_UNLOCK_SKIN_HORSE_UNICORN_WHITE_TELLAFRIEND";"[T0] Riding Horse Skin: Unicorn";"";"";"";"";"";"";""
"Other";"";"";"Riding Horse Skin: Warden's Legendary Steed";"UNIQUE_UNLOCK_HORSE_VANITY_KICKSTART_2024_UPGRADE";"[T0] Riding Horse Skin: Warden's Legendary Steed";"";"";"";"";"";"";""
"Other";"";"";"Riding Horse Skin: Warden's Steed";"UNIQUE_UNLOCK_HORSE_VANITY_KICKSTART_2024";"[T0] Riding Horse Skin: Warden's Steed";"";"";"";"";"";"";""
"Other";"";"";"Ritual Candles";"TREASURE_RITUAL_RARITY1";"[T0] Ritual Candles";"";"";"";"";"";"";""
"Other";"";"";"River Sturgeon";"T8_FISH_FRESHWATER_ALL_COMMON";"[T8] River Sturgeon";"";"";"";"";"";"";""
"Other";"";"";"Roast Chicken";"T3_MEAL_ROAST";"[T3] Roast Chicken";"";"";"";"";"";"";""
"Other";"";"";"Roast Goose";"T5_MEAL_ROAST";"[T5] Roast Goose";"";"";"";"";"";"";""
"Other";"";"";"Roast Pork";"T7_MEAL_ROAST";"[T7] Roast Pork";"";"";"";"";"";"";""
"Other";"";"";"Roasted Clearhaze Snapper";"T5_MEAL_ROAST_FISH";"[T5] Roasted Clearhaze Snapper";"";"";"";"";"";"";""
"Other";"";"";"Roasted Puremist Snapper";"T7_MEAL_ROAST_FISH";"[T7] Roasted Puremist Snapper";"";"";"";"";"";"";""
"Other";"";"";"Roasted Whitefog Snapper";"T3_MEAL_ROAST_FISH";"[T3] Roasted Whitefog Snapper";"";"";"";"";"";"";""
"Other";"";"";"Robust Hide";"T6_HIDE";"[T6] Robust Hide";"";"";"";"";"";"";""
"Other";"";"";"Rockheart";"T1_FACTION_HIGHLAND_TOKEN_1";"[T1] Rockheart";"";"";"";"";"";"";""
"Other";"";"";"Rogue Adventurer's Armored Horse";"SKIN_ARMORED_HORSE_ROGUE";"[T0] Rogue Adventurer's Armored Horse";"";"";"";"";"";"";""
"Other";"";"";"Rogue Adventurer's Heraldic Armored Horse";"SKIN_ARMORED_HORSE_ROGUE_GUILD_COLORED";"[T0] Rogue Adventurer's Heraldic Armored Horse";"";"";"";"";"";"";""
"Other";"";"";"Rotten Allhallows Treat";"UNIQUE_ROTTEN_CANDY";"[T0] Rotten Allhallows Treat";"";"";"";"";"";"";""
"Other";"";"";"Rotten Chocolate Egg";"UNIQUE_ROTTEN_CHOCOLATE_EGG";"[T0] Rotten Chocolate Egg";"";"";"";"";"";"";""
"Other";"";"";"Rough Logs";"T1_WOOD";"[T1] Rough Logs";"";"";"";"";"";"";""
"Other";"";"";"Rough Stone";"T1_ROCK";"[T1] Rough Stone";"";"";"";"";"";"";""
"Other";"";"";"Round Table";"UNIQUE_FURNITUREITEM_KNIGHT_ROUNDTABLE_A";"[T0] Round Table";"";"";"";"";"";"";""
"Other";"";"";"Royal Blue Fireworks";"T3_VANITY_CONSUMABLE_FIREWORKS_BLUE";"[T3] Royal Blue Fireworks";"";"";"";"";"";"";""
"Other";"";"";"Royal Green Fireworks";"T3_VANITY_CONSUMABLE_FIREWORKS_GREEN";"[T3] Royal Green Fireworks";"";"";"";"";"";"";""
"Other";"";"";"Royal Horse Token";"QUESTITEM_TOKEN_ROYAL_HORSE";"[T0] Royal Horse Token";"";"";"";"";"";"";""
"Other";"";"";"Royal Ox";"SKIN_OX_BISON_ROYAL";"[T0] Royal Ox";"";"";"";"";"";"";""
"Other";"";"";"Royal Red Fireworks";"T3_VANITY_CONSUMABLE_FIREWORKS_RED";"[T3] Royal Red Fireworks";"";"";"";"";"";"";""
"Other";"";"";"Royal Sigil";"QUESTITEM_TOKEN_ROYAL_T4";"[T0] Adept's Royal Sigil";"";"";"";"";"";"";""
"Other";"";"";"Royal Yellow Fireworks";"T3_VANITY_CONSUMABLE_FIREWORKS_YELLOW";"[T3] Royal Yellow Fireworks";"";"";"";"";"";"";""
"Other";"";"";"Rugged Dawnfeather";"T3_ALCHEMY_RARE_EAGLE";"[T3] Rugged Dawnfeather";"";"";"";"";"";"";""
"Other";"";"";"Rugged Hide";"T2_HIDE";"[T2] Rugged Hide";"";"";"";"";"";"";""
"Other";"";"";"Rugged Imp's Horn";"T3_ALCHEMY_RARE_IMP";"[T3] Rugged Imp's Horn";"";"";"";"";"";"";""
"Other";"";"";"Rugged Runestone Tooth";"T3_ALCHEMY_RARE_ELEMENTAL";"[T3] Rugged Runestone Tooth";"";"";"";"";"";"";""
"Other";"";"";"Rugged Shadow Claws";"T3_ALCHEMY_RARE_PANTHER";"[T3] Rugged Shadow Claws";"";"";"";"";"";"";""
"Other";"";"";"Rugged Spirit Paws";"T3_ALCHEMY_RARE_DIREBEAR";"[T3] Rugged Spirit Paws";"";"";"";"";"";"";""
"Other";"";"";"Rugged Sylvian Root";"T3_ALCHEMY_RARE_ENT";"[T3] Rugged Sylvian Root";"";"";"";"";"";"";""
"Other";"";"";"Rugged Werewolf Fangs";"T3_ALCHEMY_RARE_WEREWOLF";"[T3] Rugged Werewolf Fangs";"";"";"";"";"";"";""
"Other";"";"";"Rune";"T4_RUNE";"[T4] Adept's Rune";"";"";"";"";"";"";""
"Other";"";"";"Runite Ore";"T6_ORE";"[T6] Runite Ore";"";"";"";"";"";"";""
"Other";"";"";"Runite Ore Sample";"T6_FURNITUREITEM_TROPHY_ORE";"[T6] Runite Ore Sample";"";"";"";"";"";"";""
"Other";"";"";"Runite Steel Bar";"T6_METALBAR";"[T6] Runite Steel Bar";"";"";"";"";"";"";""
"Other";"";"";"Rushwater Lurcher";"T5_FISH_FRESHWATER_HIGHLANDS_RARE";"[T5] Rushwater Lurcher";"";"";"";"";"";"";""
"Other";"";"";"Rushwater Lurcher Sandwich";"T6_MEAL_SANDWICH_FISH";"[T6] Rushwater Lurcher Sandwich";"";"";"";"";"";"";""
"Other";"";"";"Saber Tiger Rex";"SKIN_COUGAR_TOURNAMENT_02";"[T0] Saber Tiger Rex";"";"";"";"";"";"";""
"Other";"";"";"Sabertooth Rex";"SKIN_COUGAR_TOURNAMENT";"[T0] Sabertooth Rex";"";"";"";"";"";"";""
"Other";"";"";"Sacred Bone Marrow";"T8_MOUNTUPGRADE_COUGAR_KEEPER";"[T8] Sacred Bone Marrow";"";"";"";"";"";"";""
"Other";"";"";"Sacrificial Dagger";"TREASURE_RITUAL_RARITY3";"[T0] Sacrificial Dagger";"";"";"";"";"";"";""
"Other";"";"";"Saddled Bighorn Ram";"T5_MOUNT_RAM_FW_MARTLOCK";"[T5] Saddled Bighorn Ram";"";"";"";"";"";"";""
"Other";"";"";"Saddled Direbear";"T8_MOUNT_DIREBEAR";"[T8] Saddled Direbear";"";"";"";"";"";"";""
"Other";"";"";"Saddled Direboar";"T7_MOUNT_DIREBOAR";"[T7] Saddled Direboar";"";"";"";"";"";"";""
"Other";"";"";"Saddled Greywolf";"T5_MOUNT_GREYWOLF_FW_CAERLEON";"[T5] Saddled Greywolf";"";"";"";"";"";"";""
"Other";"";"";"Saddled Hellhound";"SKIN_DIREWOLF_DEMONICWARRIOR";"[T0] Saddled Hellhound";"";"";"";"";"";"";""
"Other";"";"";"Saddled Moabird";"T5_MOUNT_MOABIRD_FW_BRIDGEWATCH";"[T5] Saddled Moabird";"";"";"";"";"";"";""
"Other";"";"";"Saddled Mystic Owl";"T5_MOUNT_OWL_FW_BRECILIEN";"[T5] Saddled Mystic Owl";"";"";"";"";"";"";""
"Other";"";"";"Saddled Swamp Dragon";"T7_MOUNT_SWAMPDRAGON";"[T7] Saddled Swamp Dragon";"";"";"";"";"";"";""
"Other";"";"";"Saddled Swamp Salamander";"T5_MOUNT_SWAMPDRAGON_FW_THETFORD";"[T5] Saddled Swamp Salamander";"";"";"";"";"";"";""
"Other";"";"";"Saddled Terrorbird";"T7_MOUNT_TERRORBIRD_ADC";"[T7] Saddled Terrorbird";"";"";"";"";"";"";""
"Other";"";"";"Saddled Wild Boar";"T5_MOUNT_DIREBOAR_FW_LYMHURST";"[T5] Saddled Wild Boar";"";"";"";"";"";"";""
"Other";"";"";"Saddled Winter Bear";"T5_MOUNT_DIREBEAR_FW_FORTSTERLING";"[T5] Saddled Winter Bear";"";"";"";"";"";"";""
"Other";"";"";"Sailor's Horse";"SKIN_HORSE_FOUNDER_ASIA_SILVER";"[T0] Sailor's Horse";"";"";"";"";"";"";""
"Other";"";"";"Sandstone";"T3_ROCK";"[T3] Sandstone";"";"";"";"";"";"";""
"Other";"";"";"Sandstone Block";"T3_STONEBLOCK";"[T3] Sandstone Block";"";"";"";"";"";"";""
"Other";"";"";"Sandstone Fragment";"T3_FURNITUREITEM_TROPHY_ROCK";"[T3] Sandstone Fragment";"";"";"";"";"";"";""
"Other";"";"";"Scarecrow";"PLAYERISLAND_FURNITUREITEM_FARM_SCARECROW_A";"[T0] Scarecrow";"";"";"";"";"";"";""
"Other";"";"";"Scary Pumpkin Lantern";"UNIQUE_FURNITUREITEM_ADC_HALLOWEEN_PUMPKIN_LANTERN_A";"[T0] Scary Pumpkin Lantern";"";"";"";"";"";"";""
"Other";"";"";"Scholar statue";"PLAYERISLAND_FURNITUREITEM_STONE_STATUE_A";"[T0] Scholar statue";"";"";"";"";"";"";""
"Other";"";"";"Scraps of Hide";"T1_HIDE";"[T1] Scraps of Hide";"";"";"";"";"";"";""
"Other";"";"";"Scroll of Fame";"T6_GENERAL_FAMEBUFF";"[T6] Scroll of Fame";"";"";"";"";"";"";""
"Other";"";"";"Scroll of Repair";"UNIQUE_REPAIRPOWDER_ADC_GENERAL_01";"[T0] Scroll of Repair";"";"";"";"";"";"";""
"Other";"";"";"Sea Captain's Horse";"SKIN_HORSE_FOUNDER_ASIA_CRYSTAL";"[T0] Sea Captain's Horse";"";"";"";"";"";"";""
"Other";"";"";"Seafarer's Horse";"SKIN_HORSE_FOUNDER_ASIA_GOLD";"[T0] Seafarer's Horse";"";"";"";"";"";"";""
"Other";"";"";"Sealed Royal Sigil";"T4_LOOTBAG_EXPEDITION_ROYAL_SIGIL";"[T4] Sealed Royal Sigil";"";"";"";"";"";"";""
"Other";"";"";"Seaweed";"T1_SEAWEED";"[T1] Seaweed";"";"";"";"";"";"";""
"Other";"";"";"Seaweed Salad";"T1_MEAL_SEAWEEDSALAD";"[T1] Seaweed Salad";"";"";"";"";"";"";""
"Other";"";"";"Seventh Anniversary Avatar";"UNIQUE_AVATAR_ANNIVERSARY_2024";"[T0] Seventh Anniversary Avatar";"";"";"";"";"";"";""
"Other";"";"";"Seventh Anniversary Ring";"UNIQUE_AVATARRING_ANNIVERSARY_2024";"[T0] Seventh Anniversary Ring";"";"";"";"";"";"";""
"Other";"";"";"Seventh-Year Stallion";"SKIN_HORSE_ANNIVERSARY_2024";"[T0] Seventh-Year Stallion";"";"";"";"";"";"";""
"Other";"";"";"Shadow Pegasus";"SKIN_HORSE_PEGASUS_DARK";"[T0] Shadow Pegasus";"";"";"";"";"";"";""
"Other";"";"";"Shadowcat";"SKIN_COUGAR_SHADOWCAT";"[T0] Shadowcat";"";"";"";"";"";"";""
"Other";"";"";"Shadowheart";"T1_FACTION_CAERLEON_TOKEN_1";"[T1] Shadowheart";"";"";"";"";"";"";""
"Other";"";"";"Shallowshore Squid";"T3_FISH_SALTWATER_ALL_RARE";"[T3] Shallowshore Squid";"";"";"";"";"";"";""
"Other";"";"";"Shallowshore Squid Salad";"T2_MEAL_SALAD_FISH";"[T2] Shallowshore Squid Salad";"";"";"";"";"";"";""
"Other";"";"";"Shark";"T8_FISH_SALTWATER_ALL_BOSS_SHARK";"[T8] Shark";"";"";"";"";"";"";""
"Other";"";"";"Sheaf of Wheat";"T3_WHEAT";"[T3] Sheaf of Wheat";"";"";"";"";"";"";""
"Other";"";"";"Sheep";"T6_FARM_SHEEP_GROWN";"[T6] Sheep";"";"";"";"";"";"";""
"Other";"";"";"Sheepdog";"SKIN_DIREWOLF_BOBTAIL";"[T0] Sheepdog";"";"";"";"";"";"";""
"Other";"";"";"Sheep's Butter";"T6_BUTTER";"[T6] Sheep's Butter";"";"";"";"";"";"";""
"Other";"";"";"Sheep's Milk";"T6_MILK";"[T6] Sheep's Milk";"";"";"";"";"";"";""
"Other";"";"";"Shepherd";"SKIN_DIREWOLF_SHEPHERD_TELLAFRIEND";"[T0] Shepherd";"";"";"";"";"";"";""
"Other";"";"";"Shrouded Memento";"UNIQUE_FURNITUREITEM_KILLTROPHY_MISTS_SMALL";"[T0] Shrouded Memento";"";"";"";"";"";"";""
"Other";"";"";"Siege Ballista";"T6_MOUNT_SIEGE_BALLISTA";"[T6] Siege Ballista";"";"";"";"";"";"";""
"Other";"";"";"Siege Ballista (Disciples of Morgana)";"UNIQUE_FURNITUREITEM_MORGANA_SIEGE_BALLISTA_A@2";"[T0] Siege Ballista (Disciples of Morgana) .2";"";"";"";"";"";"";""
"Other";"";"";"Siege Banner";"T4_SIEGE_BANNER";"[T4] Adept's Siege Banner";"";"";"";"";"";"";""
"Other";"";"";"Silver Ancient Ent";"UNIQUE_MOUNT_ENT_SILVER";"[T0] Silver Ancient Ent";"";"";"";"";"";"";""
"Other";"";"";"Silver Avatar - Season 14";"UNIQUE_AVATAR_GVGSEASON_14_SILVER_SINGLE";"[T0] Silver Avatar - Season 14";"";"";"";"";"";"";""
"Other";"";"";"Silver Avatar - Season 15";"UNIQUE_AVATAR_GVGSEASON_15_SILVER_SINGLE";"[T0] Silver Avatar - Season 15";"";"";"";"";"";"";""
"Other";"";"";"Silver Avatar - Season 16";"UNIQUE_AVATAR_GVGSEASON_16_SILVER_SINGLE";"[T0] Silver Avatar - Season 16";"";"";"";"";"";"";""
"Other";"";"";"Silver Avatar - Season 17";"UNIQUE_AVATAR_GVGSEASON_17_SILVER_SINGLE";"[T0] Silver Avatar - Season 17";"";"";"";"";"";"";""
"Other";"";"";"Silver Avatar - Season 18";"UNIQUE_AVATAR_GVGSEASON_18_SILVER_SINGLE";"[T0] Silver Avatar - Season 18";"";"";"";"";"";"";""
"Other";"";"";"Silver Avatar - Season 19";"UNIQUE_AVATAR_GVGSEASON_19_SILVER_SINGLE";"[T0] Silver Avatar - Season 19";"";"";"";"";"";"";""
"Other";"";"";"Silver Avatar - Season 20";"UNIQUE_AVATAR_GVGSEASON_20_SILVER_SINGLE";"[T0] Silver Avatar - Season 20";"";"";"";"";"";"";""
"Other";"";"";"Silver Avatar - Season 21";"UNIQUE_AVATAR_GVGSEASON_21_SILVER_SINGLE";"[T0] Silver Avatar - Season 21";"";"";"";"";"";"";""
"Other";"";"";"Silver Avatar - Season 22";"UNIQUE_AVATAR_GVGSEASON_22_SILVER_SINGLE";"[T0] Silver Avatar - Season 22";"";"";"";"";"";"";""
"Other";"";"";"Silver Avatar - Season 23";"UNIQUE_AVATAR_GVGSEASON_23_SILVER_SINGLE";"[T0] Silver Avatar - Season 23";"";"";"";"";"";"";""
"Other";"";"";"Silver Avatar - Season 24";"UNIQUE_AVATAR_GVGSEASON_24_SILVER_SINGLE";"[T0] Silver Avatar - Season 24";"";"";"";"";"";"";""
"Other";"";"";"Silver Avatar - Season 25";"UNIQUE_AVATAR_GVGSEASON_25_SILVER_SINGLE";"[T0] Silver Avatar - Season 25";"";"";"";"";"";"";""
"Other";"";"";"Silver Avatar - Season 26";"UNIQUE_AVATAR_GVGSEASON_26_SILVER_SINGLE";"[T0] Silver Avatar - Season 26";"";"";"";"";"";"";""
"Other";"";"";"Silver Avatar - Season 27";"UNIQUE_AVATAR_GVGSEASON_27_SILVER_SINGLE";"[T0] Silver Avatar - Season 27";"";"";"";"";"";"";""
"Other";"";"";"Silver Avatar - Season 28";"UNIQUE_AVATAR_GVGSEASON_28_SILVER_SINGLE";"[T0] Silver Avatar - Season 28";"";"";"";"";"";"";""
"Other";"";"";"Silver Avatar - Season 29";"UNIQUE_AVATAR_GVGSEASON_29_SILVER_SINGLE";"[T0] Silver Avatar - Season 29";"";"";"";"";"";"";""
"Other";"";"";"Silver Battle Eagle";"UNIQUE_MOUNT_ARMORED_EAGLE_SILVER";"[T0] Silver Battle Eagle";"";"";"";"";"";"";""
"Other";"";"";"Silver Battle Mount Chest";"UNIQUE_LOOTCHEST_BATTLEMOUNT_SILVER";"[T0] Silver Battle Mount Chest";"";"";"";"";"";"";""
"Other";"";"";"Silver Battle Rhino";"UNIQUE_MOUNT_RHINO_SEASON_SILVER";"[T0] Silver Battle Rhino";"";"";"";"";"";"";""
"Other";"";"";"Silver Behemoth";"UNIQUE_MOUNT_BEHEMOTH_SILVER";"[T0] Silver Behemoth";"";"";"";"";"";"";""
"Other";"";"";"Silver Campaign Chest: Bridgewatch";"UNIQUE_LOOTCHEST_FACTIONCAMPAIGN_REWARD_STEPPE_03";"[T0] Silver Campaign Chest: Bridgewatch";"";"";"";"";"";"";""
"Other";"";"";"Silver Campaign Chest: Caerleon";"UNIQUE_LOOTCHEST_FACTIONCAMPAIGN_REWARD_CAERLEON_03";"[T0] Silver Campaign Chest: Caerleon";"";"";"";"";"";"";""
"Other";"";"";"Silver Campaign Chest: Fort Sterling";"UNIQUE_LOOTCHEST_FACTIONCAMPAIGN_REWARD_MOUNTAIN_03";"[T0] Silver Campaign Chest: Fort Sterling";"";"";"";"";"";"";""
"Other";"";"";"Silver Campaign Chest: Lymhurst";"UNIQUE_LOOTCHEST_FACTIONCAMPAIGN_REWARD_FOREST_03";"[T0] Silver Campaign Chest: Lymhurst";"";"";"";"";"";"";""
"Other";"";"";"Silver Campaign Chest: Martlock";"UNIQUE_LOOTCHEST_FACTIONCAMPAIGN_REWARD_HIGHLAND_03";"[T0] Silver Campaign Chest: Martlock";"";"";"";"";"";"";""
"Other";"";"";"Silver Campaign Chest: Thetford";"UNIQUE_LOOTCHEST_FACTIONCAMPAIGN_REWARD_SWAMP_03";"[T0] Silver Campaign Chest: Thetford";"";"";"";"";"";"";""
"Other";"";"";"Silver Candelabrum";"TREASURE_SILVERWARE_RARITY3";"[T0] Silver Candelabrum";"";"";"";"";"";"";""
"Other";"";"";"Silver Colossus Beetle";"UNIQUE_MOUNT_BEETLE_SILVER";"[T0] Silver Colossus Beetle";"";"";"";"";"";"";""
"Other";"";"";"Silver Cup";"TREASURE_SILVERWARE_RARITY1";"[T0] Silver Cup";"";"";"";"";"";"";""
"Other";"";"";"Silver Founder's Certificate";"UNIQUE_FURNITUREITEM_ASIA_FOUNDER_CERTIFICATE_SILVER";"[T0] Silver Founder's Certificate";"";"";"";"";"";"";""
"Other";"";"";"Silver Gathering Statue";"UNIQUE_FURNITUREITEM_BETAREWARD_GATHERING_SILVER";"[T0] Silver Gathering Statue";"";"";"";"";"";"";""
"Other";"";"";"Silver Goliath Horseeater";"UNIQUE_MOUNT_BATTLESPIDER_SILVER";"[T0] Silver Goliath Horseeater";"";"";"";"";"";"";""
"Other";"";"";"Silver Juggernaut";"UNIQUE_MOUNT_JUGGERNAUT_SILVER";"[T0] Silver Juggernaut";"";"";"";"";"";"";""
"Other";"";"";"Silver Mirror";"TREASURE_SILVERWARE_RARITY2";"[T0] Silver Mirror";"";"";"";"";"";"";""
"Other";"";"";"Silver Monster Slayer Statue";"UNIQUE_FURNITUREITEM_BETAREWARD_PVE_SILVER";"[T0] Silver Monster Slayer Statue";"";"";"";"";"";"";""
"Other";"";"";"Silver Phalanx Beetle";"UNIQUE_MOUNT_TANKBEETLE_SILVER";"[T0] Silver Phalanx Beetle";"";"";"";"";"";"";""
"Other";"";"";"Silver Roving Bastion";"UNIQUE_MOUNT_BASTION_SILVER";"[T0] Silver Roving Bastion";"";"";"";"";"";"";""
"Other";"";"";"Silver Tower Chariot";"UNIQUE_MOUNT_TOWER_CHARIOT_SILVER";"[T0] Silver Tower Chariot";"";"";"";"";"";"";""
"Other";"";"";"Silver Trader Statue";"UNIQUE_FURNITUREITEM_BETAREWARD_SILVER_SILVER";"[T0] Silver Trader Statue";"";"";"";"";"";"";""
"Other";"";"";"Silver War Champion";"UNIQUE_AVATAR_GVGSEASON_32_SILVER";"[T0] Silver War Champion";"";"";"";"";"";"";""
"Other";"";"";"Simple Brazier (Disciples of Morgana)";"UNIQUE_FURNITUREITEM_MORGANA_FIREBOWL_B";"[T0] Simple Brazier (Disciples of Morgana)";"";"";"";"";"";"";""
"Other";"";"";"Simple Cloth";"T2_CLOTH";"[T2] Simple Cloth";"";"";"";"";"";"";""
"Other";"";"";"Simple Fish Bait";"T1_FISHINGBAIT";"[T1] Simple Fish Bait";"";"";"";"";"";"";""
"Other";"";"";"Simple lantern";"PLAYERISLAND_FURNITUREITEM_WOOD_LANTERN_A";"[T0] Simple lantern";"";"";"";"";"";"";""
"Other";"";"";"Simple Stone Toy";"TREASURE_DECORATIVE_RARITY1";"[T0] Simple Stone Toy";"";"";"";"";"";"";""
"Other";"";"";"Siphoned Energy";"UNIQUE_GVGTOKEN_GENERIC";"[T0] Siphoned Energy";"";"";"";"";"";"";""
"Other";"";"";"Sixth Anniversary Avatar";"UNIQUE_AVATAR_ANNIVERSARY_2023";"[T0] Sixth Anniversary Avatar";"";"";"";"";"";"";""
"Other";"";"";"Sixth Anniversary Ring";"UNIQUE_AVATARRING_ANNIVERSARY_2023";"[T0] Sixth Anniversary Ring";"";"";"";"";"";"";""
"Other";"";"";"Sixth-Year Stallion";"SKIN_HORSE_ANNIVERSARY_2023";"[T0] Sixth-Year Stallion";"";"";"";"";"";"";""
"Other";"";"";"SKIN_ARMORED_HORSE_GREEN_TELLAFRIEND";"SKIN_ARMORED_HORSE_GREEN_TELLAFRIEND";"[T0] SKIN_ARMORED_HORSE_GREEN_TELLAFRIEND";"";"";"";"";"";"";""
"Other";"";"";"SKIN_ARMORED_HORSE_MARAUDER_ANNIVERSARY";"SKIN_ARMORED_HORSE_MARAUDER_ANNIVERSARY";"[T0] SKIN_ARMORED_HORSE_MARAUDER_ANNIVERSARY";"";"";"";"";"";"";""
"Other";"";"";"SKIN_DIREBEAR_VALKYRIE";"SKIN_DIREBEAR_VALKYRIE";"[T0] SKIN_DIREBEAR_VALKYRIE";"";"";"";"";"";"";""
"Other";"";"";"SKIN_DIREBOAR_ALCHEMIST_ANNIVERSARY";"SKIN_DIREBOAR_ALCHEMIST_ANNIVERSARY";"[T0] SKIN_DIREBOAR_ALCHEMIST_ANNIVERSARY";"";"";"";"";"";"";""
"Other";"";"";"SKIN_DIREWOLF_XMAS_DIREFOX_TELLAFRIEND";"SKIN_DIREWOLF_XMAS_DIREFOX_TELLAFRIEND";"[T0] SKIN_DIREWOLF_XMAS_DIREFOX_TELLAFRIEND";"";"";"";"";"";"";""
"Other";"";"";"SKIN_HORSE_ANNIVERSARY_2026";"SKIN_HORSE_ANNIVERSARY_2026";"[T0] SKIN_HORSE_ANNIVERSARY_2026";"";"";"";"";"";"";""
"Other";"";"";"SKIN_OX_CORRUPTED_PREACHER_ANNIVERSARY";"SKIN_OX_CORRUPTED_PREACHER_ANNIVERSARY";"[T0] SKIN_OX_CORRUPTED_PREACHER_ANNIVERSARY";"";"";"";"";"";"";""
"Other";"";"";"Skinner Backpack";"T4_BACKPACK_GATHERER_HIDE";"[T4] Adept's Skinner Backpack";"";"";"";"";"";"";""
"Other";"";"";"Skull of $craftedby";"UNIQUE_FURNITUREITEM_VICTORY_TROPHY";"[T0] Skull of $craftedby";"";"";"";"";"";"";""
"Other";"";"";"Skyflower";"T5_FIBER";"[T5] Skyflower";"";"";"";"";"";"";""
"Other";"";"";"Slate";"T6_ROCK";"[T6] Slate";"";"";"";"";"";"";""
"Other";"";"";"Slate Block";"T6_STONEBLOCK";"[T6] Slate Block";"";"";"";"";"";"";""
"Other";"";"";"Slate Fragment";"T6_FURNITUREITEM_TROPHY_ROCK";"[T6] Slate Fragment";"";"";"";"";"";"";""
"Other";"";"";"Small arcane stone sigil";"PLAYERISLAND_FURNITUREITEM_STONE_MAGIC_EMBLEM_GROUND_A";"[T0] Small arcane stone sigil";"";"";"";"";"";"";""
"Other";"";"";"Small Decorated Pine Tree";"UNIQUE_FURNITUREITEM_XMAS_FILL_CITY_TREE_B";"[T0] Small Decorated Pine Tree";"";"";"";"";"";"";""
"Other";"";"";"Small fruit tree";"PLAYERISLAND_FURNITUREITEM_VEGETATION_TREE_DOMESTIC_A";"[T0] Small fruit tree";"";"";"";"";"";"";""
"Other";"";"";"Small Hedge";"PLAYERISLAND_FURNITUREITEM_NOBLE_HEDGE_SMALL_A";"[T0] Small Hedge";"";"";"";"";"";"";""
"Other";"";"";"Small nature stone sigil";"PLAYERISLAND_FURNITUREITEM_STONE_NATURE_EMBLEM_GROUND_A";"[T0] Small nature stone sigil";"";"";"";"";"";"";""
"Other";"";"";"Small sword sculpture";"PLAYERISLAND_FURNITUREITEM_STONE_STATUE_SWORD_A";"[T0] Small sword sculpture";"";"";"";"";"";"";""
"Other";"";"";"Small valorous stone sigil";"PLAYERISLAND_FURNITUREITEM_STONE_VALOR_EMBLEM_GROUND_A";"[T0] Small valorous stone sigil";"";"";"";"";"";"";""
"Other";"";"";"Smuggler's Coin";"QUESTITEM_TOKEN_SMUGGLER";"[T0] Smuggler's Coin";"";"";"";"";"";"";""
"Other";"";"";"Snow Fox";"SKIN_DIREWOLF_SNOWFOX_TELLAFRIEND";"[T0] Snow Fox";"";"";"";"";"";"";""
"Other";"";"";"Snow Husky";"T7_MOUNT_HUSKY_ADC";"[T7] Snow Husky";"";"";"";"";"";"";""
"Other";"";"";"Snow Leopard";"SKIN_COUGAR_SNOWLEOPARD_TELLAFRIEND";"[T0] Snow Leopard";"";"";"";"";"";"";""
"Other";"";"";"Snowball";"UNIQUE_CONSUMABLE_EVENT_WINTER_2017";"[T0] Snowball";"";"";"";"";"";"";""
"Other";"";"";"Soft Skyflower Trophy";"T5_FURNITUREITEM_TROPHY_FIBER";"[T5] Soft Skyflower Trophy";"";"";"";"";"";"";""
"Other";"";"";"Soldier's Tent (Disciples of Morgana)";"UNIQUE_FURNITUREITEM_MORGANA_TENT_A@3";"[T0] Soldier's Tent (Disciples of Morgana) .3";"";"";"";"";"";"";""
"Other";"";"";"Soul";"T4_SOUL";"[T4] Adept's Soul";"";"";"";"";"";"";""
"Other";"";"";"Soulspinner";"T8_MOUNT_SPIDER_HELL";"[T8] Soulspinner";"";"";"";"";"";"";""
"Other";"";"";"Soulspinner Baby";"T8_FARM_SPIDER_HELL_BABY";"[T8] Soulspinner Baby";"";"";"";"";"";"";""
"Other";"";"";"Special Fish Bait";"T5_FISHINGBAIT";"[T5] Special Fish Bait";"";"";"";"";"";"";""
"Other";"";"";"Special Fish Sauce";"T1_FISHSAUCE_LEVEL3";"[T1] Special Fish Sauce";"";"";"";"";"";"";""
"Other";"";"";"Specter Wolf";"SKIN_DIREWOLF_SPECTER";"[T0] Specter Wolf";"";"";"";"";"";"";""
"Other";"";"";"Spectral Bat";"UNIQUE_MOUNT_BAT_PERSONAL";"[T0] Spectral Bat";"";"";"";"";"";"";""
"Other";"";"";"Spectral Bonehorse";"T8_MOUNT_HORSE_UNDEAD@1";"[T8] Spectral Bonehorse .1";"";"";"";"";"";"";""
"Other";"";"";"Spectral Direboar";"UNIQUE_MOUNT_UNDEAD_DIREBOAR_ADC";"[T0] Spectral Direboar";"";"";"";"";"";"";""
"Other";"";"";"Spectral Mask";"T8_MOUNTUPGRADE_HORSE_CURSE";"[T8] Spectral Mask";"";"";"";"";"";"";""
"Other";"";"";"Sphere Hedge";"PLAYERISLAND_FURNITUREITEM_NOBLE_HEDGE_SPHERE_A";"[T0] Sphere Hedge";"";"";"";"";"";"";""
"Other";"";"";"Spoiled Anniversary Cake";"UNIQUE_ROTTEN_CAKE";"[T0] Spoiled Anniversary Cake";"";"";"";"";"";"";""
"Other";"";"";"Spotted Trout";"T5_FISH_FRESHWATER_ALL_COMMON";"[T5] Spotted Trout";"";"";"";"";"";"";""
"Other";"";"";"Spotted Wolffish";"T5_FISH_SALTWATER_ALL_COMMON";"[T5] Spotted Wolffish";"";"";"";"";"";"";""
"Other";"";"";"Spring Cottontail";"T8_MOUNT_RABBIT_EASTER";"[T8] Spring Cottontail";"";"";"";"";"";"";""
"Other";"";"";"Spring tree";"PLAYERISLAND_FURNITUREITEM_VEGETATION_TREE_DECO_C";"[T0] Spring tree";"";"";"";"";"";"";""
"Other";"";"";"Stag Skin: Alpaca";"SKIN_GIANTSTAG_ALPACA";"[T0] Stag Skin: Alpaca";"";"";"";"";"";"";""
"Other";"";"";"Stag Skin: Brown Alpaca";"UNIQUE_UNLOCK_SKIN_GIANTSTAG_ALPACA_BROWN";"[T0] Stag Skin: Brown Alpaca";"";"";"";"";"";"";""
"Other";"";"";"Stag Skin: Divine Stag";"UNIQUE_UNLOCK_SKIN_GIANTSTAG_DIVINE";"[T0] Stag Skin: Divine Stag";"";"";"";"";"";"";""
"Other";"";"";"Stag Skin: Festive Reindeer";"UNIQUE_UNLOCK_SKIN_GIANTSTAG_REINDEER_TELLAFRIEND";"[T0] Stag Skin: Festive Reindeer";"";"";"";"";"";"";""
"Other";"";"";"Stag Skin: Foglands Doe";"UNIQUE_UNLOCK_SKIN_GIANTSTAG_MIST_DEER_TELLAFRIEND";"[T0] Stag Skin: Foglands Doe";"";"";"";"";"";"";""
"Other";"";"";"Stag Skin: Frost Moose";"UNIQUE_UNLOCK_SKIN_GIANTSTAG_ICE_MOOSE_TELLAFRIEND";"[T0] Stag Skin: Frost Moose";"";"";"";"";"";"";""
"Other";"";"";"Stag Skin: Master's Giant Stag";"UNIQUE_UNLOCK_SKIN_GIANTSTAG_WHITE";"[T0] Stag Skin: Master's Giant Stag";"";"";"";"";"";"";""
"Other";"";"";"Stag Skin: Recruiter's Giant Stag";"UNIQUE_UNLOCK_SKIN_GIANTSTAG_TELLAFRIEND";"[T0] Stag Skin: Recruiter's Giant Stag";"";"";"";"";"";"";""
"Other";"";"";"Stag Skin: Recruiter's Impala";"UNIQUE_UNLOCK_SKIN_GIANTSTAG_IMPALA_TELLAFRIEND";"[T0] Stag Skin: Recruiter's Impala";"";"";"";"";"";"";""
"Other";"";"";"Stag Skin: Summer Fawn";"UNIQUE_UNLOCK_SKIN_GIANTSTAG_FAWN_TELLAFRIEND";"[T0] Stag Skin: Summer Fawn";"";"";"";"";"";"";""
"Other";"";"";"Stag Skin: Yule Stag";"UNIQUE_UNLOCK_SKIN_GIANTSTAG_XMAS";"[T0] Stag Skin: Yule Stag";"";"";"";"";"";"";""
"Other";"";"";"Stag/Moose Skin: Astral Stag";"UNIQUE_UNLOCK_SKIN_GIANTSTAG_SPIRITBEAST_AJ";"[T0] Stag/Moose Skin: Astral Stag";"";"";"";"";"";"";""
"Other";"";"";"Steel Bar";"T4_METALBAR";"[T4] Steel Bar";"";"";"";"";"";"";""
"Other";"";"";"Steelplate Cougar";"SKIN_COUGAR_ARMORED_GREY";"[T0] Steelplate Cougar";"";"";"";"";"";"";""
"Other";"";"";"Steelscale Swordfish";"T8_FISH_SALTWATER_ALL_COMMON";"[T8] Steelscale Swordfish";"";"";"";"";"";"";""
"Other";"";"";"Sticky Potion";"T5_POTION_SLOWFIELD";"[T5] Sticky Potion";"";"";"";"";"";"";""
"Other";"";"";"Stiff Leather";"T2_LEATHER";"[T2] Stiff Leather";"";"";"";"";"";"";""
"Other";"";"";"Stone Idol";"TREASURE_DECORATIVE_RARITY3";"[T0] Stone Idol";"";"";"";"";"";"";""
"Other";"";"";"Stone Mask";"TREASURE_DECORATIVE_RARITY2";"[T0] Stone Mask";"";"";"";"";"";"";""
"Other";"";"";"Stone Throne";"UNIQUE_FURNITUREITEM_KNIGHT_THRONE_A";"[T0] Stone Throne";"";"";"";"";"";"";""
"Other";"";"";"Stone well";"PLAYERISLAND_FURNITUREITEM_STONE_WELL_A";"[T0] Stone well";"";"";"";"";"";"";""
"Other";"";"";"Stonestream Lurcher";"T3_FISH_FRESHWATER_HIGHLANDS_RARE";"[T3] Stonestream Lurcher";"";"";"";"";"";"";""
"Other";"";"";"Stonestream Lurcher Sandwich";"T4_MEAL_SANDWICH_FISH";"[T4] Stonestream Lurcher Sandwich";"";"";"";"";"";"";""
"Other";"";"";"Striped Carp";"T2_FISH_FRESHWATER_ALL_COMMON";"[T2] Striped Carp";"";"";"";"";"";"";""
"Other";"";"";"Striped Mackerel";"T2_FISH_SALTWATER_ALL_COMMON";"[T2] Striped Mackerel";"";"";"";"";"";"";""
"Other";"";"";"Strongfin Salmon";"T6_FISH_SALTWATER_ALL_COMMON";"[T6] Strongfin Salmon";"";"";"";"";"";"";""
"Other";"";"";"Stuffed Bear Head";"T5_FURNITUREITEM_TROPHY_HIDE";"[T5] Stuffed Bear Head";"";"";"";"";"";"";""
"Other";"";"";"Stuffed Boar Head";"T4_FURNITUREITEM_TROPHY_HIDE";"[T4] Stuffed Boar Head";"";"";"";"";"";"";""
"Other";"";"";"Stuffed Direbear Head";"T8_FURNITUREITEM_TROPHY_HIDE";"[T8] Stuffed Direbear Head";"";"";"";"";"";"";""
"Other";"";"";"Stuffed Direboar Head";"T7_FURNITUREITEM_TROPHY_HIDE";"[T7] Stuffed Direboar Head";"";"";"";"";"";"";""
"Other";"";"";"Stuffed Direwolf Head";"T6_FURNITUREITEM_TROPHY_HIDE";"[T6] Stuffed Direwolf Head";"";"";"";"";"";"";""
"Other";"";"";"Stuffed Fox Head";"T2_FURNITUREITEM_TROPHY_HIDE";"[T2] Stuffed Fox Head";"";"";"";"";"";"";""
"Other";"";"";"Stuffed Wolf Head";"T3_FURNITUREITEM_TROPHY_HIDE";"[T3] Stuffed Wolf Head";"";"";"";"";"";"";""
"Other";"";"";"Summer Fawn";"SKIN_GIANTSTAG_FAWN_TELLAFRIEND";"[T0] Summer Fawn";"";"";"";"";"";"";""
"Other";"";"";"Summer tree";"PLAYERISLAND_FURNITUREITEM_VEGETATION_TREE_DECO_B";"[T0] Summer tree";"";"";"";"";"";"";""
"Other";"";"";"Sunflax";"T7_FIBER";"[T7] Sunflax";"";"";"";"";"";"";""
"Other";"";"";"Surprise Egg";"UNIQUE_CONSUMABLE_EVENT_EASTER_2020_EGG";"[T0] Surprise Egg";"";"";"";"";"";"";""
"Other";"";"";"Swamp Dragon Pup";"T7_FARM_SWAMPDRAGON_BABY";"[T7] Swamp Dragon Pup";"";"";"";"";"";"";""
"Other";"";"";"Swamp Dragon Skin: Emerald Basilisk";"UNIQUE_UNLOCK_SKIN_LIZARD_DRAKE_AJ";"[T0] Swamp Dragon Skin: Emerald Basilisk";"";"";"";"";"";"";""
"Other";"";"";"Swamp Dragon Skin: Recruiter's Sand Salamander";"UNIQUE_UNLOCK_SKIN_LIZARD_SAND_SALAMANDER_TELLAFRIEND";"[T0] Swamp Dragon Skin: Recruiter's Sand Salamander";"";"";"";"";"";"";""
"Other";"";"";"Swampstrider's Lizard";"SKIN_LIZARD_PRIEST_DARK_SWAMP";"[T0] Swampstrider's Lizard";"";"";"";"";"";"";""
"Other";"";"";"Swiftclaw";"T5_MOUNT_COUGAR_KEEPER@1";"[T5] Swiftclaw .1";"";"";"";"";"";"";""
"Other";"";"";"Swiftclaw Cub";"T5_FARM_COUGAR_BABY";"[T5] Swiftclaw Cub";"";"";"";"";"";"";""
"Other";"";"";"Swiftclaw Skin: Amethyst Cougar";"UNIQUE_UNLOCK_SKIN_COUGAR_AMETHYST";"[T0] Swiftclaw Skin: Amethyst Cougar";"";"";"";"";"";"";""
"Other";"";"";"Swiftclaw Skin: Arena Champion";"UNIQUE_UNLOCK_SKIN_COUGAR_ARENA";"[T0] Swiftclaw Skin: Arena Champion";"";"";"";"";"";"";""
"Other";"";"";"Swiftclaw Skin: Embalmed Tiger";"UNIQUE_UNLOCK_SKIN_COUGAR_MUMMY_TELLAFRIEND";"[T0] Swiftclaw Skin: Embalmed Tiger";"";"";"";"";"";"";""
"Other";"";"";"Swiftclaw Skin: Lynx";"UNIQUE_UNLOCK_SKIN_COUGAR_LYNX_TELLAFRIEND";"[T0] Swiftclaw Skin: Lynx";"";"";"";"";"";"";""
"Other";"";"";"Swiftclaw Skin: Occult Cougar";"UNIQUE_UNLOCK_SKIN_COUGAR_OCCULT";"[T0] Swiftclaw Skin: Occult Cougar";"";"";"";"";"";"";""
"Other";"";"";"Swiftclaw Skin: Recruiter's Jaguar";"UNIQUE_UNLOCK_SKIN_COUGAR_JAGUAR_TELLAFRIEND";"[T0] Swiftclaw Skin: Recruiter's Jaguar";"";"";"";"";"";"";""
"Other";"";"";"Swiftclaw Skin: Recruiter's Tiger";"UNIQUE_UNLOCK_SKIN_COUGAR_TIGER_TELLAFRIEND";"[T0] Swiftclaw Skin: Recruiter's Tiger";"";"";"";"";"";"";""
"Other";"";"";"Swiftclaw Skin: Recruiter's White Tiger";"UNIQUE_UNLOCK_SKIN_COUGAR_TIGER_WHITE_TELLAFRIEND";"[T0] Swiftclaw Skin: Recruiter's White Tiger";"";"";"";"";"";"";""
"Other";"";"";"Swiftclaw Skin: Saber Tiger Rex";"UNIQUE_UNLOCK_SKIN_COUGAR_TOURNAMENT_02";"[T0] Swiftclaw Skin: Saber Tiger Rex";"";"";"";"";"";"";""
"Other";"";"";"Swiftclaw Skin: Sabertooth Rex";"UNIQUE_UNLOCK_SKIN_COUGAR_TOURNAMENT";"[T0] Swiftclaw Skin: Sabertooth Rex";"";"";"";"";"";"";""
"Other";"";"";"Swiftclaw Skin: Snow Leopard";"UNIQUE_UNLOCK_SKIN_COUGAR_SNOWLEOPARD_TELLAFRIEND";"[T0] Swiftclaw Skin: Snow Leopard";"";"";"";"";"";"";""
"Other";"";"";"Swiftclaw Skin: Steelplate Cougar";"UNIQUE_UNLOCK_SKIN_COUGAR_ARMORED_GREY";"[T0] Swiftclaw Skin: Steelplate Cougar";"";"";"";"";"";"";""
"Other";"";"";"Swiftclaw Skin: Voyager's Cat";"UNIQUE_UNLOCK_SKIN_COUGAR_TRAVELING_CAT_AJ";"[T0] Swiftclaw Skin: Voyager's Cat";"";"";"";"";"";"";""
"Other";"";"";"Sword and shield sculpture";"PLAYERISLAND_FURNITUREITEM_STONE_STATUE_WARRIOR_A";"[T0] Sword and shield sculpture";"";"";"";"";"";"";""
"Other";"";"";"Sword sculpture";"PLAYERISLAND_FURNITUREITEM_STONE_STATUE_SWORD_B";"[T0] Sword sculpture";"";"";"";"";"";"";""
"Other";"";"";"Sword Victory Emote Charge";"T1_KILL_EMOTE_SWORD_CHARGES_NONTRADABLE";"[T1] Sword Victory Emote Charge";"";"";"";"";"";"";""
"Other";"";"";"Swordfish Trophy";"T8_FURNITUREITEM_TROPHY_FISH";"[T8] Swordfish Trophy";"";"";"";"";"";"";""
"Other";"";"";"T1_KILL_EMOTE_FLAG_CHARGES_TRADABLE";"T1_KILL_EMOTE_FLAG_CHARGES_TRADABLE";"[T1] T1_KILL_EMOTE_FLAG_CHARGES_TRADABLE";"";"";"";"";"";"";""
"Other";"";"";"T1_KILL_EMOTE_FLAG_CONTROLLER_CHARGES_TRADABLE";"T1_KILL_EMOTE_FLAG_CONTROLLER_CHARGES_TRADABLE";"[T1] T1_KILL_EMOTE_FLAG_CONTROLLER_CHARGES_TRADABLE";"";"";"";"";"";"";""
"Other";"";"";"T1_KILL_EMOTE_FLAG_DESKTOP_CHARGES_TRADABLE";"T1_KILL_EMOTE_FLAG_DESKTOP_CHARGES_TRADABLE";"[T1] T1_KILL_EMOTE_FLAG_DESKTOP_CHARGES_TRADABLE";"";"";"";"";"";"";""
"Other";"";"";"T1_KILL_EMOTE_FLAG_MOBILE_CHARGES_TRADABLE";"T1_KILL_EMOTE_FLAG_MOBILE_CHARGES_TRADABLE";"[T1] T1_KILL_EMOTE_FLAG_MOBILE_CHARGES_TRADABLE";"";"";"";"";"";"";""
"Other";"";"";"T1_KILL_EMOTE_GHOST_CHARGES_TRADABLE";"T1_KILL_EMOTE_GHOST_CHARGES_TRADABLE";"[T1] T1_KILL_EMOTE_GHOST_CHARGES_TRADABLE";"";"";"";"";"";"";""
"Other";"";"";"T1_KILL_EMOTE_HAMMER_CHARGES_TRADABLE";"T1_KILL_EMOTE_HAMMER_CHARGES_TRADABLE";"[T1] T1_KILL_EMOTE_HAMMER_CHARGES_TRADABLE";"";"";"";"";"";"";""
"Other";"";"";"T1_KILL_EMOTE_HELLGATE_CHARGES_TRADABLE";"T1_KILL_EMOTE_HELLGATE_CHARGES_TRADABLE";"[T1] T1_KILL_EMOTE_HELLGATE_CHARGES_TRADABLE";"";"";"";"";"";"";""
"Other";"";"";"T1_KILL_EMOTE_OVERGROWN_CHARGES_TRADABLE";"T1_KILL_EMOTE_OVERGROWN_CHARGES_TRADABLE";"[T1] T1_KILL_EMOTE_OVERGROWN_CHARGES_TRADABLE";"";"";"";"";"";"";""
"Other";"";"";"T1_KILL_EMOTE_SWORD_CHARGES_TRADABLE";"T1_KILL_EMOTE_SWORD_CHARGES_TRADABLE";"[T1] T1_KILL_EMOTE_SWORD_CHARGES_TRADABLE";"";"";"";"";"";"";""
"Other";"";"";"T1_KILL_EMOTE_TOMBSTONE_CHARGES_TRADABLE";"T1_KILL_EMOTE_TOMBSTONE_CHARGES_TRADABLE";"[T1] T1_KILL_EMOTE_TOMBSTONE_CHARGES_TRADABLE";"";"";"";"";"";"";""
"Other";"";"";"T2_RANDOM_DUNGEON_SOLO_TOKEN_1";"T2_RANDOM_DUNGEON_SOLO_TOKEN_1";"[T2] T2_RANDOM_DUNGEON_SOLO_TOKEN_1";"";"";"";"";"";"";""
"Other";"";"";"T2_RANDOM_DUNGEON_SOLO_TOKEN_D1@1";"T2_RANDOM_DUNGEON_SOLO_TOKEN_D1@1";"[T2] T2_RANDOM_DUNGEON_SOLO_TOKEN_D1@1 .1";"";"";"";"";"";"";""
"Other";"";"";"T3_FURNITUREITEM_ANNIVERSARYBANNER_2026";"T3_FURNITUREITEM_ANNIVERSARYBANNER_2026";"[T3] T3_FURNITUREITEM_ANNIVERSARYBANNER_2026";"";"";"";"";"";"";""
"Other";"";"";"T3_RANDOM_DUNGEON_SOLO_TOKEN_D1@1";"T3_RANDOM_DUNGEON_SOLO_TOKEN_D1@1";"[T3] T3_RANDOM_DUNGEON_SOLO_TOKEN_D1@1 .1";"";"";"";"";"";"";""
"Other";"";"";"T4_DEBUG_MAINHAND_HIDDEN";"T4_DEBUG_MAINHAND_HIDDEN";"[T4] T4_DEBUG_MAINHAND_HIDDEN";"";"";"";"";"";"";""
"Other";"";"";"T4_DEBUG_OFFHAND_HIDDEN";"T4_DEBUG_OFFHAND_HIDDEN";"[T4] T4_DEBUG_OFFHAND_HIDDEN";"";"";"";"";"";"";""
"Other";"";"";"T4_GVGSEASONREWARD_FAMEBUFF_SHORT";"T4_GVGSEASONREWARD_FAMEBUFF_SHORT";"[T4] T4_GVGSEASONREWARD_FAMEBUFF_SHORT";"";"";"";"";"";"";""
"Other";"";"";"T4_RANDOM_DUNGEON_SOLO_TOKEN_D1@1";"T4_RANDOM_DUNGEON_SOLO_TOKEN_D1@1";"[T4] T4_RANDOM_DUNGEON_SOLO_TOKEN_D1@1 .1";"";"";"";"";"";"";""
"Other";"";"";"T4_RANDOM_DUNGEON_SOLO_TOKEN_D2@2";"T4_RANDOM_DUNGEON_SOLO_TOKEN_D2@2";"[T4] T4_RANDOM_DUNGEON_SOLO_TOKEN_D2@2 .2";"";"";"";"";"";"";""
"Other";"";"";"T4_RANDOM_DUNGEON_SOLO_TOKEN_D3@3";"T4_RANDOM_DUNGEON_SOLO_TOKEN_D3@3";"[T4] T4_RANDOM_DUNGEON_SOLO_TOKEN_D3@3 .3";"";"";"";"";"";"";""
"Other";"";"";"T4_RANDOM_DUNGEON_SOLO_TOKEN_D4@4";"T4_RANDOM_DUNGEON_SOLO_TOKEN_D4@4";"[T4] T4_RANDOM_DUNGEON_SOLO_TOKEN_D4@4 .4";"";"";"";"";"";"";""
"Other";"";"";"T4_RANDOM_DUNGEON_TOKEN_D1@1";"T4_RANDOM_DUNGEON_TOKEN_D1@1";"[T4] T4_RANDOM_DUNGEON_TOKEN_D1@1 .1";"";"";"";"";"";"";""
"Other";"";"";"T4_RANDOM_DUNGEON_TOKEN_D2@2";"T4_RANDOM_DUNGEON_TOKEN_D2@2";"[T4] T4_RANDOM_DUNGEON_TOKEN_D2@2 .2";"";"";"";"";"";"";""
"Other";"";"";"T4_RANDOM_DUNGEON_TOKEN_D3@3";"T4_RANDOM_DUNGEON_TOKEN_D3@3";"[T4] T4_RANDOM_DUNGEON_TOKEN_D3@3 .3";"";"";"";"";"";"";""
"Other";"";"";"T4_RANDOM_DUNGEON_TOKEN_D4@4";"T4_RANDOM_DUNGEON_TOKEN_D4@4";"[T4] T4_RANDOM_DUNGEON_TOKEN_D4@4 .4";"";"";"";"";"";"";""
"Other";"";"";"T4_SKILLBOOK_GATHER_FIBER_NONTRADABLE";"T4_SKILLBOOK_GATHER_FIBER_NONTRADABLE";"[T4] T4_SKILLBOOK_GATHER_FIBER_NONTRADABLE";"";"";"";"";"";"";""
"Other";"";"";"T4_SKILLBOOK_GATHER_HIDE_NONTRADABLE";"T4_SKILLBOOK_GATHER_HIDE_NONTRADABLE";"[T4] T4_SKILLBOOK_GATHER_HIDE_NONTRADABLE";"";"";"";"";"";"";""
"Other";"";"";"T4_SKILLBOOK_GATHER_ORE_NONTRADABLE";"T4_SKILLBOOK_GATHER_ORE_NONTRADABLE";"[T4] T4_SKILLBOOK_GATHER_ORE_NONTRADABLE";"";"";"";"";"";"";""
"Other";"";"";"T4_SKILLBOOK_GATHER_ROCK_NONTRADABLE";"T4_SKILLBOOK_GATHER_ROCK_NONTRADABLE";"[T4] T4_SKILLBOOK_GATHER_ROCK_NONTRADABLE";"";"";"";"";"";"";""
"Other";"";"";"T4_SKILLBOOK_GATHER_WOOD_NONTRADABLE";"T4_SKILLBOOK_GATHER_WOOD_NONTRADABLE";"[T4] T4_SKILLBOOK_GATHER_WOOD_NONTRADABLE";"";"";"";"";"";"";""
"Other";"";"";"T4_TOKEN_CRYSTALLEAGUE_CITY_LVL_01_TEMPLATE";"T4_TOKEN_CRYSTALLEAGUE_CITY_LVL_01_TEMPLATE";"[T4] T4_TOKEN_CRYSTALLEAGUE_CITY_LVL_01_TEMPLATE";"";"";"";"";"";"";""
"Other";"";"";"T4_TOKEN_CRYSTALLEAGUE_CITY_LVL_02_TEMPLATE";"T4_TOKEN_CRYSTALLEAGUE_CITY_LVL_02_TEMPLATE";"[T4] T4_TOKEN_CRYSTALLEAGUE_CITY_LVL_02_TEMPLATE";"";"";"";"";"";"";""
"Other";"";"";"T4_TOKEN_CRYSTALLEAGUE_CITY_LVL_03_S11_TEMPLATE";"T4_TOKEN_CRYSTALLEAGUE_CITY_LVL_03_S11_TEMPLATE";"[T4] T4_TOKEN_CRYSTALLEAGUE_CITY_LVL_03_S11_TEMPLATE";"";"";"";"";"";"";""
"Other";"";"";"T4_TOKEN_CRYSTALLEAGUE_CITY_LVL_03_TEMPLATE";"T4_TOKEN_CRYSTALLEAGUE_CITY_LVL_03_TEMPLATE";"[T4] T4_TOKEN_CRYSTALLEAGUE_CITY_LVL_03_TEMPLATE";"";"";"";"";"";"";""
"Other";"";"";"T4_TOKEN_CRYSTALLEAGUE_CITY_LVL_04_TEMPLATE";"T4_TOKEN_CRYSTALLEAGUE_CITY_LVL_04_TEMPLATE";"[T4] T4_TOKEN_CRYSTALLEAGUE_CITY_LVL_04_TEMPLATE";"";"";"";"";"";"";""
"Other";"";"";"T4_TOKEN_CRYSTALLEAGUE_CITY_LVL_05_TEMPLATE";"T4_TOKEN_CRYSTALLEAGUE_CITY_LVL_05_TEMPLATE";"[T4] T4_TOKEN_CRYSTALLEAGUE_CITY_LVL_05_TEMPLATE";"";"";"";"";"";"";""
"Other";"";"";"T4_TOKEN_CRYSTALLEAGUE_CITY_LVL_06_TEMPLATE";"T4_TOKEN_CRYSTALLEAGUE_CITY_LVL_06_TEMPLATE";"[T4] T4_TOKEN_CRYSTALLEAGUE_CITY_LVL_06_TEMPLATE";"";"";"";"";"";"";""
"Other";"";"";"T4_TOKEN_CRYSTALLEAGUE_CITY_LVL_07_TEMPLATE";"T4_TOKEN_CRYSTALLEAGUE_CITY_LVL_07_TEMPLATE";"[T4] T4_TOKEN_CRYSTALLEAGUE_CITY_LVL_07_TEMPLATE";"";"";"";"";"";"";""
"Other";"";"";"T4_TOKEN_CRYSTALLEAGUE_CITY_NOVENDOR_LVL_02_TEMPLATE";"T4_TOKEN_CRYSTALLEAGUE_CITY_NOVENDOR_LVL_02_TEMPLATE";"[T4] T4_TOKEN_CRYSTALLEAGUE_CITY_NOVENDOR_LVL_02_TEMPLATE";"";"";"";"";"";"";""
"Other";"";"";"T4_TOKEN_CRYSTALLEAGUE_LVL_01_TEMPLATE";"T4_TOKEN_CRYSTALLEAGUE_LVL_01_TEMPLATE";"[T4] T4_TOKEN_CRYSTALLEAGUE_LVL_01_TEMPLATE";"";"";"";"";"";"";""
"Other";"";"";"T4_TOKEN_CRYSTALLEAGUE_LVL_02_TEMPLATE";"T4_TOKEN_CRYSTALLEAGUE_LVL_02_TEMPLATE";"[T4] T4_TOKEN_CRYSTALLEAGUE_LVL_02_TEMPLATE";"";"";"";"";"";"";""
"Other";"";"";"T4_TOKEN_CRYSTALLEAGUE_LVL_03_TEMPLATE";"T4_TOKEN_CRYSTALLEAGUE_LVL_03_TEMPLATE";"[T4] T4_TOKEN_CRYSTALLEAGUE_LVL_03_TEMPLATE";"";"";"";"";"";"";""
"Other";"";"";"T4_TOKEN_CRYSTALLEAGUE_LVL_04_TEMPLATE";"T4_TOKEN_CRYSTALLEAGUE_LVL_04_TEMPLATE";"[T4] T4_TOKEN_CRYSTALLEAGUE_LVL_04_TEMPLATE";"";"";"";"";"";"";""
"Other";"";"";"T4_TOKEN_CRYSTALLEAGUE_LVL_05_TEMPLATE";"T4_TOKEN_CRYSTALLEAGUE_LVL_05_TEMPLATE";"[T4] T4_TOKEN_CRYSTALLEAGUE_LVL_05_TEMPLATE";"";"";"";"";"";"";""
"Other";"";"";"T4_TOKEN_CRYSTALLEAGUE_LVL_06_TEMPLATE";"T4_TOKEN_CRYSTALLEAGUE_LVL_06_TEMPLATE";"[T4] T4_TOKEN_CRYSTALLEAGUE_LVL_06_TEMPLATE";"";"";"";"";"";"";""
"Other";"";"";"T4_TOKEN_CRYSTALLEAGUE_LVL_07_TEMPLATE";"T4_TOKEN_CRYSTALLEAGUE_LVL_07_TEMPLATE";"[T4] T4_TOKEN_CRYSTALLEAGUE_LVL_07_TEMPLATE";"";"";"";"";"";"";""
"Other";"";"";"T4_TOKEN_CRYSTALLEAGUE_LVL_08_TEMPLATE";"T4_TOKEN_CRYSTALLEAGUE_LVL_08_TEMPLATE";"[T4] T4_TOKEN_CRYSTALLEAGUE_LVL_08_TEMPLATE";"";"";"";"";"";"";""
"Other";"";"";"T4_TOKEN_CRYSTALLEAGUE_LVL_09_TEMPLATE";"T4_TOKEN_CRYSTALLEAGUE_LVL_09_TEMPLATE";"[T4] T4_TOKEN_CRYSTALLEAGUE_LVL_09_TEMPLATE";"";"";"";"";"";"";""
"Other";"";"";"T4_TOKEN_CRYSTALLEAGUE_NONLETHAL_LVL_01_TEMPLATE";"T4_TOKEN_CRYSTALLEAGUE_NONLETHAL_LVL_01_TEMPLATE";"[T4] T4_TOKEN_CRYSTALLEAGUE_NONLETHAL_LVL_01_TEMPLATE";"";"";"";"";"";"";""
"Other";"";"";"T4_TOKEN_CRYSTALLEAGUE_NONLETHAL_LVL_02_TEMPLATE";"T4_TOKEN_CRYSTALLEAGUE_NONLETHAL_LVL_02_TEMPLATE";"[T4] T4_TOKEN_CRYSTALLEAGUE_NONLETHAL_LVL_02_TEMPLATE";"";"";"";"";"";"";""
"Other";"";"";"T4_TOKEN_CRYSTALLEAGUE_NONLETHAL_LVL_03_TEMPLATE";"T4_TOKEN_CRYSTALLEAGUE_NONLETHAL_LVL_03_TEMPLATE";"[T4] T4_TOKEN_CRYSTALLEAGUE_NONLETHAL_LVL_03_TEMPLATE";"";"";"";"";"";"";""
"Other";"";"";"T4_TOKEN_CRYSTALLEAGUE_NONLETHAL_LVL_04_TEMPLATE";"T4_TOKEN_CRYSTALLEAGUE_NONLETHAL_LVL_04_TEMPLATE";"[T4] T4_TOKEN_CRYSTALLEAGUE_NONLETHAL_LVL_04_TEMPLATE";"";"";"";"";"";"";""
"Other";"";"";"T4_TOKEN_CRYSTALLEAGUE_NONLETHAL_LVL_05_TEMPLATE";"T4_TOKEN_CRYSTALLEAGUE_NONLETHAL_LVL_05_TEMPLATE";"[T4] T4_TOKEN_CRYSTALLEAGUE_NONLETHAL_LVL_05_TEMPLATE";"";"";"";"";"";"";""
"Other";"";"";"T4_TOKEN_CRYSTALLEAGUE_NONLETHAL_LVL_06_TEMPLATE";"T4_TOKEN_CRYSTALLEAGUE_NONLETHAL_LVL_06_TEMPLATE";"[T4] T4_TOKEN_CRYSTALLEAGUE_NONLETHAL_LVL_06_TEMPLATE";"";"";"";"";"";"";""
"Other";"";"";"T4_TOKEN_CRYSTALLEAGUE_NONLETHAL_LVL_07_TEMPLATE";"T4_TOKEN_CRYSTALLEAGUE_NONLETHAL_LVL_07_TEMPLATE";"[T4] T4_TOKEN_CRYSTALLEAGUE_NONLETHAL_LVL_07_TEMPLATE";"";"";"";"";"";"";""
"Other";"";"";"T4_TOKEN_CRYSTALLEAGUE_NONLETHAL_LVL_08_TEMPLATE";"T4_TOKEN_CRYSTALLEAGUE_NONLETHAL_LVL_08_TEMPLATE";"[T4] T4_TOKEN_CRYSTALLEAGUE_NONLETHAL_LVL_08_TEMPLATE";"";"";"";"";"";"";""
"Other";"";"";"T4_TOKEN_CRYSTALLEAGUE_NONLETHAL_LVL_09_TEMPLATE";"T4_TOKEN_CRYSTALLEAGUE_NONLETHAL_LVL_09_TEMPLATE";"[T4] T4_TOKEN_CRYSTALLEAGUE_NONLETHAL_LVL_09_TEMPLATE";"";"";"";"";"";"";""
"Other";"";"";"T4_TOKEN_CRYSTALLEAGUE_NOVENDOR_LVL_02_TEMPLATE";"T4_TOKEN_CRYSTALLEAGUE_NOVENDOR_LVL_02_TEMPLATE";"[T4] T4_TOKEN_CRYSTALLEAGUE_NOVENDOR_LVL_02_TEMPLATE";"";"";"";"";"";"";""
"Other";"";"";"T4_TOKEN_CRYSTALLEAGUE_NOVENDOR_LVL_03_TEMPLATE";"T4_TOKEN_CRYSTALLEAGUE_NOVENDOR_LVL_03_TEMPLATE";"[T4] T4_TOKEN_CRYSTALLEAGUE_NOVENDOR_LVL_03_TEMPLATE";"";"";"";"";"";"";""
"Other";"";"";"T5_GVGSEASONREWARD_FAMEBUFF_SHORT";"T5_GVGSEASONREWARD_FAMEBUFF_SHORT";"[T5] T5_GVGSEASONREWARD_FAMEBUFF_SHORT";"";"";"";"";"";"";""
"Other";"";"";"T5_RANDOM_DUNGEON_SOLO_TOKEN_D1@1";"T5_RANDOM_DUNGEON_SOLO_TOKEN_D1@1";"[T5] T5_RANDOM_DUNGEON_SOLO_TOKEN_D1@1 .1";"";"";"";"";"";"";""
"Other";"";"";"T5_RANDOM_DUNGEON_SOLO_TOKEN_D2@2";"T5_RANDOM_DUNGEON_SOLO_TOKEN_D2@2";"[T5] T5_RANDOM_DUNGEON_SOLO_TOKEN_D2@2 .2";"";"";"";"";"";"";""
"Other";"";"";"T5_RANDOM_DUNGEON_SOLO_TOKEN_D3@3";"T5_RANDOM_DUNGEON_SOLO_TOKEN_D3@3";"[T5] T5_RANDOM_DUNGEON_SOLO_TOKEN_D3@3 .3";"";"";"";"";"";"";""
"Other";"";"";"T5_RANDOM_DUNGEON_SOLO_TOKEN_D4@4";"T5_RANDOM_DUNGEON_SOLO_TOKEN_D4@4";"[T5] T5_RANDOM_DUNGEON_SOLO_TOKEN_D4@4 .4";"";"";"";"";"";"";""
"Other";"";"";"T5_RANDOM_DUNGEON_TOKEN_D1@1";"T5_RANDOM_DUNGEON_TOKEN_D1@1";"[T5] T5_RANDOM_DUNGEON_TOKEN_D1@1 .1";"";"";"";"";"";"";""
"Other";"";"";"T5_RANDOM_DUNGEON_TOKEN_D2@2";"T5_RANDOM_DUNGEON_TOKEN_D2@2";"[T5] T5_RANDOM_DUNGEON_TOKEN_D2@2 .2";"";"";"";"";"";"";""
"Other";"";"";"T5_RANDOM_DUNGEON_TOKEN_D3@3";"T5_RANDOM_DUNGEON_TOKEN_D3@3";"[T5] T5_RANDOM_DUNGEON_TOKEN_D3@3 .3";"";"";"";"";"";"";""
"Other";"";"";"T5_RANDOM_DUNGEON_TOKEN_D4@4";"T5_RANDOM_DUNGEON_TOKEN_D4@4";"[T5] T5_RANDOM_DUNGEON_TOKEN_D4@4 .4";"";"";"";"";"";"";""
"Other";"";"";"T5_SKILLBOOK_GATHER_FIBER_NONTRADABLE";"T5_SKILLBOOK_GATHER_FIBER_NONTRADABLE";"[T5] T5_SKILLBOOK_GATHER_FIBER_NONTRADABLE";"";"";"";"";"";"";""
"Other";"";"";"T5_SKILLBOOK_GATHER_HIDE_NONTRADABLE";"T5_SKILLBOOK_GATHER_HIDE_NONTRADABLE";"[T5] T5_SKILLBOOK_GATHER_HIDE_NONTRADABLE";"";"";"";"";"";"";""
"Other";"";"";"T5_SKILLBOOK_GATHER_ORE_NONTRADABLE";"T5_SKILLBOOK_GATHER_ORE_NONTRADABLE";"[T5] T5_SKILLBOOK_GATHER_ORE_NONTRADABLE";"";"";"";"";"";"";""
"Other";"";"";"T5_SKILLBOOK_GATHER_ROCK_NONTRADABLE";"T5_SKILLBOOK_GATHER_ROCK_NONTRADABLE";"[T5] T5_SKILLBOOK_GATHER_ROCK_NONTRADABLE";"";"";"";"";"";"";""
"Other";"";"";"T5_SKILLBOOK_GATHER_WOOD_NONTRADABLE";"T5_SKILLBOOK_GATHER_WOOD_NONTRADABLE";"[T5] T5_SKILLBOOK_GATHER_WOOD_NONTRADABLE";"";"";"";"";"";"";""
"Other";"";"";"T6_GVGSEASONREWARD_FAMEBUFF_SHORT";"T6_GVGSEASONREWARD_FAMEBUFF_SHORT";"[T6] T6_GVGSEASONREWARD_FAMEBUFF_SHORT";"";"";"";"";"";"";""
"Other";"";"";"T6_RANDOM_DUNGEON_ELITE_DRAGON_TEST_TOKEN";"T6_RANDOM_DUNGEON_ELITE_DRAGON_TEST_TOKEN";"[T6] T6_RANDOM_DUNGEON_ELITE_DRAGON_TEST_TOKEN";"";"";"";"";"";"";""
"Other";"";"";"T6_RANDOM_DUNGEON_ELITE_TOKEN_D1@1";"T6_RANDOM_DUNGEON_ELITE_TOKEN_D1@1";"[T6] T6_RANDOM_DUNGEON_ELITE_TOKEN_D1@1 .1";"";"";"";"";"";"";""
"Other";"";"";"T6_RANDOM_DUNGEON_ELITE_TOKEN_D2@2";"T6_RANDOM_DUNGEON_ELITE_TOKEN_D2@2";"[T6] T6_RANDOM_DUNGEON_ELITE_TOKEN_D2@2 .2";"";"";"";"";"";"";""
"Other";"";"";"T6_RANDOM_DUNGEON_ELITE_TOKEN_D3@3";"T6_RANDOM_DUNGEON_ELITE_TOKEN_D3@3";"[T6] T6_RANDOM_DUNGEON_ELITE_TOKEN_D3@3 .3";"";"";"";"";"";"";""
"Other";"";"";"T6_RANDOM_DUNGEON_ELITE_TOKEN_D4@4";"T6_RANDOM_DUNGEON_ELITE_TOKEN_D4@4";"[T6] T6_RANDOM_DUNGEON_ELITE_TOKEN_D4@4 .4";"";"";"";"";"";"";""
"Other";"";"";"T6_RANDOM_DUNGEON_SOLO_TOKEN_D1@1";"T6_RANDOM_DUNGEON_SOLO_TOKEN_D1@1";"[T6] T6_RANDOM_DUNGEON_SOLO_TOKEN_D1@1 .1";"";"";"";"";"";"";""
"Other";"";"";"T6_RANDOM_DUNGEON_SOLO_TOKEN_D2@2";"T6_RANDOM_DUNGEON_SOLO_TOKEN_D2@2";"[T6] T6_RANDOM_DUNGEON_SOLO_TOKEN_D2@2 .2";"";"";"";"";"";"";""
"Other";"";"";"T6_RANDOM_DUNGEON_SOLO_TOKEN_D3@3";"T6_RANDOM_DUNGEON_SOLO_TOKEN_D3@3";"[T6] T6_RANDOM_DUNGEON_SOLO_TOKEN_D3@3 .3";"";"";"";"";"";"";""
"Other";"";"";"T6_RANDOM_DUNGEON_SOLO_TOKEN_D4@4";"T6_RANDOM_DUNGEON_SOLO_TOKEN_D4@4";"[T6] T6_RANDOM_DUNGEON_SOLO_TOKEN_D4@4 .4";"";"";"";"";"";"";""
"Other";"";"";"T6_RANDOM_DUNGEON_TOKEN_D1@1";"T6_RANDOM_DUNGEON_TOKEN_D1@1";"[T6] T6_RANDOM_DUNGEON_TOKEN_D1@1 .1";"";"";"";"";"";"";""
"Other";"";"";"T6_RANDOM_DUNGEON_TOKEN_D2@2";"T6_RANDOM_DUNGEON_TOKEN_D2@2";"[T6] T6_RANDOM_DUNGEON_TOKEN_D2@2 .2";"";"";"";"";"";"";""
"Other";"";"";"T6_RANDOM_DUNGEON_TOKEN_D3@3";"T6_RANDOM_DUNGEON_TOKEN_D3@3";"[T6] T6_RANDOM_DUNGEON_TOKEN_D3@3 .3";"";"";"";"";"";"";""
"Other";"";"";"T6_RANDOM_DUNGEON_TOKEN_D4@4";"T6_RANDOM_DUNGEON_TOKEN_D4@4";"[T6] T6_RANDOM_DUNGEON_TOKEN_D4@4 .4";"";"";"";"";"";"";""
"Other";"";"";"T6_SKILLBOOK_GATHER_FIBER_NONTRADABLE";"T6_SKILLBOOK_GATHER_FIBER_NONTRADABLE";"[T6] T6_SKILLBOOK_GATHER_FIBER_NONTRADABLE";"";"";"";"";"";"";""
"Other";"";"";"T6_SKILLBOOK_GATHER_HIDE_NONTRADABLE";"T6_SKILLBOOK_GATHER_HIDE_NONTRADABLE";"[T6] T6_SKILLBOOK_GATHER_HIDE_NONTRADABLE";"";"";"";"";"";"";""
"Other";"";"";"T6_SKILLBOOK_GATHER_ORE_NONTRADABLE";"T6_SKILLBOOK_GATHER_ORE_NONTRADABLE";"[T6] T6_SKILLBOOK_GATHER_ORE_NONTRADABLE";"";"";"";"";"";"";""
"Other";"";"";"T6_SKILLBOOK_GATHER_ROCK_NONTRADABLE";"T6_SKILLBOOK_GATHER_ROCK_NONTRADABLE";"[T6] T6_SKILLBOOK_GATHER_ROCK_NONTRADABLE";"";"";"";"";"";"";""
"Other";"";"";"T6_SKILLBOOK_GATHER_WOOD_NONTRADABLE";"T6_SKILLBOOK_GATHER_WOOD_NONTRADABLE";"[T6] T6_SKILLBOOK_GATHER_WOOD_NONTRADABLE";"";"";"";"";"";"";""
"Other";"";"";"T7_GVGSEASONREWARD_FAMEBUFF_SHORT";"T7_GVGSEASONREWARD_FAMEBUFF_SHORT";"[T7] T7_GVGSEASONREWARD_FAMEBUFF_SHORT";"";"";"";"";"";"";""
"Other";"";"";"T7_RANDOM_DUNGEON_ELITE_TOKEN_D1@1";"T7_RANDOM_DUNGEON_ELITE_TOKEN_D1@1";"[T7] T7_RANDOM_DUNGEON_ELITE_TOKEN_D1@1 .1";"";"";"";"";"";"";""
"Other";"";"";"T7_RANDOM_DUNGEON_ELITE_TOKEN_D2@2";"T7_RANDOM_DUNGEON_ELITE_TOKEN_D2@2";"[T7] T7_RANDOM_DUNGEON_ELITE_TOKEN_D2@2 .2";"";"";"";"";"";"";""
"Other";"";"";"T7_RANDOM_DUNGEON_ELITE_TOKEN_D3@3";"T7_RANDOM_DUNGEON_ELITE_TOKEN_D3@3";"[T7] T7_RANDOM_DUNGEON_ELITE_TOKEN_D3@3 .3";"";"";"";"";"";"";""
"Other";"";"";"T7_RANDOM_DUNGEON_ELITE_TOKEN_D4@4";"T7_RANDOM_DUNGEON_ELITE_TOKEN_D4@4";"[T7] T7_RANDOM_DUNGEON_ELITE_TOKEN_D4@4 .4";"";"";"";"";"";"";""
"Other";"";"";"T7_RANDOM_DUNGEON_SOLO_TOKEN_D1@1";"T7_RANDOM_DUNGEON_SOLO_TOKEN_D1@1";"[T7] T7_RANDOM_DUNGEON_SOLO_TOKEN_D1@1 .1";"";"";"";"";"";"";""
"Other";"";"";"T7_RANDOM_DUNGEON_SOLO_TOKEN_D2@2";"T7_RANDOM_DUNGEON_SOLO_TOKEN_D2@2";"[T7] T7_RANDOM_DUNGEON_SOLO_TOKEN_D2@2 .2";"";"";"";"";"";"";""
"Other";"";"";"T7_RANDOM_DUNGEON_SOLO_TOKEN_D3@3";"T7_RANDOM_DUNGEON_SOLO_TOKEN_D3@3";"[T7] T7_RANDOM_DUNGEON_SOLO_TOKEN_D3@3 .3";"";"";"";"";"";"";""
"Other";"";"";"T7_RANDOM_DUNGEON_SOLO_TOKEN_D4@4";"T7_RANDOM_DUNGEON_SOLO_TOKEN_D4@4";"[T7] T7_RANDOM_DUNGEON_SOLO_TOKEN_D4@4 .4";"";"";"";"";"";"";""
"Other";"";"";"T7_RANDOM_DUNGEON_TOKEN_D1@1";"T7_RANDOM_DUNGEON_TOKEN_D1@1";"[T7] T7_RANDOM_DUNGEON_TOKEN_D1@1 .1";"";"";"";"";"";"";""
"Other";"";"";"T7_RANDOM_DUNGEON_TOKEN_D2@2";"T7_RANDOM_DUNGEON_TOKEN_D2@2";"[T7] T7_RANDOM_DUNGEON_TOKEN_D2@2 .2";"";"";"";"";"";"";""
"Other";"";"";"T7_RANDOM_DUNGEON_TOKEN_D3@3";"T7_RANDOM_DUNGEON_TOKEN_D3@3";"[T7] T7_RANDOM_DUNGEON_TOKEN_D3@3 .3";"";"";"";"";"";"";""
"Other";"";"";"T7_RANDOM_DUNGEON_TOKEN_D4@4";"T7_RANDOM_DUNGEON_TOKEN_D4@4";"[T7] T7_RANDOM_DUNGEON_TOKEN_D4@4 .4";"";"";"";"";"";"";""
"Other";"";"";"T7_SKILLBOOK_GATHER_FIBER_NONTRADABLE";"T7_SKILLBOOK_GATHER_FIBER_NONTRADABLE";"[T7] T7_SKILLBOOK_GATHER_FIBER_NONTRADABLE";"";"";"";"";"";"";""
"Other";"";"";"T7_SKILLBOOK_GATHER_HIDE_NONTRADABLE";"T7_SKILLBOOK_GATHER_HIDE_NONTRADABLE";"[T7] T7_SKILLBOOK_GATHER_HIDE_NONTRADABLE";"";"";"";"";"";"";""
"Other";"";"";"T7_SKILLBOOK_GATHER_ORE_NONTRADABLE";"T7_SKILLBOOK_GATHER_ORE_NONTRADABLE";"[T7] T7_SKILLBOOK_GATHER_ORE_NONTRADABLE";"";"";"";"";"";"";""
"Other";"";"";"T7_SKILLBOOK_GATHER_ROCK_NONTRADABLE";"T7_SKILLBOOK_GATHER_ROCK_NONTRADABLE";"[T7] T7_SKILLBOOK_GATHER_ROCK_NONTRADABLE";"";"";"";"";"";"";""
"Other";"";"";"T7_SKILLBOOK_GATHER_WOOD_NONTRADABLE";"T7_SKILLBOOK_GATHER_WOOD_NONTRADABLE";"[T7] T7_SKILLBOOK_GATHER_WOOD_NONTRADABLE";"";"";"";"";"";"";""
"Other";"";"";"T8_CONSUMABLE_SPECIAL_NONTRADABLE@1";"T8_CONSUMABLE_SPECIAL_NONTRADABLE@1";"[T8] T8_CONSUMABLE_SPECIAL_NONTRADABLE@1 .1";"";"";"";"";"";"";""
"Other";"";"";"T8_GVGSEASONREWARD_FAMEBUFF_SHORT";"T8_GVGSEASONREWARD_FAMEBUFF_SHORT";"[T8] T8_GVGSEASONREWARD_FAMEBUFF_SHORT";"";"";"";"";"";"";""
"Other";"";"";"T8_RANDOM_DUNGEON_ELITE_TOKEN_D1@1";"T8_RANDOM_DUNGEON_ELITE_TOKEN_D1@1";"[T8] T8_RANDOM_DUNGEON_ELITE_TOKEN_D1@1 .1";"";"";"";"";"";"";""
"Other";"";"";"T8_RANDOM_DUNGEON_ELITE_TOKEN_D2@2";"T8_RANDOM_DUNGEON_ELITE_TOKEN_D2@2";"[T8] T8_RANDOM_DUNGEON_ELITE_TOKEN_D2@2 .2";"";"";"";"";"";"";""
"Other";"";"";"T8_RANDOM_DUNGEON_ELITE_TOKEN_D3@3";"T8_RANDOM_DUNGEON_ELITE_TOKEN_D3@3";"[T8] T8_RANDOM_DUNGEON_ELITE_TOKEN_D3@3 .3";"";"";"";"";"";"";""
"Other";"";"";"T8_RANDOM_DUNGEON_ELITE_TOKEN_D4@4";"T8_RANDOM_DUNGEON_ELITE_TOKEN_D4@4";"[T8] T8_RANDOM_DUNGEON_ELITE_TOKEN_D4@4 .4";"";"";"";"";"";"";""
"Other";"";"";"T8_RANDOM_DUNGEON_SOLO_TOKEN_D1@1";"T8_RANDOM_DUNGEON_SOLO_TOKEN_D1@1";"[T8] T8_RANDOM_DUNGEON_SOLO_TOKEN_D1@1 .1";"";"";"";"";"";"";""
"Other";"";"";"T8_RANDOM_DUNGEON_SOLO_TOKEN_D2@2";"T8_RANDOM_DUNGEON_SOLO_TOKEN_D2@2";"[T8] T8_RANDOM_DUNGEON_SOLO_TOKEN_D2@2 .2";"";"";"";"";"";"";""
"Other";"";"";"T8_RANDOM_DUNGEON_SOLO_TOKEN_D3@3";"T8_RANDOM_DUNGEON_SOLO_TOKEN_D3@3";"[T8] T8_RANDOM_DUNGEON_SOLO_TOKEN_D3@3 .3";"";"";"";"";"";"";""
"Other";"";"";"T8_RANDOM_DUNGEON_SOLO_TOKEN_D4@4";"T8_RANDOM_DUNGEON_SOLO_TOKEN_D4@4";"[T8] T8_RANDOM_DUNGEON_SOLO_TOKEN_D4@4 .4";"";"";"";"";"";"";""
"Other";"";"";"T8_RANDOM_DUNGEON_TOKEN_D1@1";"T8_RANDOM_DUNGEON_TOKEN_D1@1";"[T8] T8_RANDOM_DUNGEON_TOKEN_D1@1 .1";"";"";"";"";"";"";""
"Other";"";"";"T8_RANDOM_DUNGEON_TOKEN_D2@2";"T8_RANDOM_DUNGEON_TOKEN_D2@2";"[T8] T8_RANDOM_DUNGEON_TOKEN_D2@2 .2";"";"";"";"";"";"";""
"Other";"";"";"T8_RANDOM_DUNGEON_TOKEN_D3@3";"T8_RANDOM_DUNGEON_TOKEN_D3@3";"[T8] T8_RANDOM_DUNGEON_TOKEN_D3@3 .3";"";"";"";"";"";"";""
"Other";"";"";"T8_RANDOM_DUNGEON_TOKEN_D4@4";"T8_RANDOM_DUNGEON_TOKEN_D4@4";"[T8] T8_RANDOM_DUNGEON_TOKEN_D4@4 .4";"";"";"";"";"";"";""
"Other";"";"";"T8_SKILLBOOK_GATHER_FIBER_NONTRADABLE";"T8_SKILLBOOK_GATHER_FIBER_NONTRADABLE";"[T8] T8_SKILLBOOK_GATHER_FIBER_NONTRADABLE";"";"";"";"";"";"";""
"Other";"";"";"T8_SKILLBOOK_GATHER_HIDE_NONTRADABLE";"T8_SKILLBOOK_GATHER_HIDE_NONTRADABLE";"[T8] T8_SKILLBOOK_GATHER_HIDE_NONTRADABLE";"";"";"";"";"";"";""
"Other";"";"";"T8_SKILLBOOK_GATHER_ORE_NONTRADABLE";"T8_SKILLBOOK_GATHER_ORE_NONTRADABLE";"[T8] T8_SKILLBOOK_GATHER_ORE_NONTRADABLE";"";"";"";"";"";"";""
"Other";"";"";"T8_SKILLBOOK_GATHER_ROCK_NONTRADABLE";"T8_SKILLBOOK_GATHER_ROCK_NONTRADABLE";"[T8] T8_SKILLBOOK_GATHER_ROCK_NONTRADABLE";"";"";"";"";"";"";""
"Other";"";"";"T8_SKILLBOOK_GATHER_WOOD_NONTRADABLE";"T8_SKILLBOOK_GATHER_WOOD_NONTRADABLE";"[T8] T8_SKILLBOOK_GATHER_WOOD_NONTRADABLE";"";"";"";"";"";"";""
"Other";"";"";"Table";"T2_FURNITUREITEM_TABLE";"[T2] Novice's Table";"";"";"";"";"";"";""
"Other";"";"";"Tall Hedge";"PLAYERISLAND_FURNITUREITEM_NOBLE_HEDGE_RECTANGLE_A";"[T0] Tall Hedge";"";"";"";"";"";"";""
"Other";"";"";"Tame Bighorn Ram";"T5_FARM_RAM_FW_MARTLOCK_GROWN";"[T5] Tame Bighorn Ram";"";"";"";"";"";"";""
"Other";"";"";"Tame Direbear";"T8_FARM_DIREBEAR_GROWN";"[T8] Tame Direbear";"";"";"";"";"";"";""
"Other";"";"";"Tame Direboar";"T7_FARM_DIREBOAR_GROWN";"[T7] Tame Direboar";"";"";"";"";"";"";""
"Other";"";"";"Tame Direwolf";"T6_FARM_DIREWOLF_GROWN";"[T6] Tame Direwolf";"";"";"";"";"";"";""
"Other";"";"";"Tame Elite Bighorn Ram";"T8_FARM_RAM_FW_MARTLOCK_GROWN";"[T8] Tame Elite Bighorn Ram";"";"";"";"";"";"";""
"Other";"";"";"Tame Elite Greywolf";"T8_FARM_GREYWOLF_FW_CAERLEON_GROWN";"[T8] Tame Elite Greywolf";"";"";"";"";"";"";""
"Other";"";"";"Tame Elite Mystic Owl";"T8_FARM_OWL_FW_BRECILIEN_GROWN";"[T8] Tame Elite Mystic Owl";"";"";"";"";"";"";""
"Other";"";"";"Tame Elite Swamp Salamander";"T8_FARM_SWAMPDRAGON_FW_THETFORD_GROWN";"[T8] Tame Elite Swamp Salamander";"";"";"";"";"";"";""
"Other";"";"";"Tame Elite Terrorbird";"T8_FARM_MOABIRD_FW_BRIDGEWATCH_GROWN";"[T8] Tame Elite Terrorbird";"";"";"";"";"";"";""
"Other";"";"";"Tame Elite Wild Boar";"T8_FARM_DIREBOAR_FW_LYMHURST_GROWN";"[T8] Tame Elite Wild Boar";"";"";"";"";"";"";""
"Other";"";"";"Tame Elite Winter Bear";"T8_FARM_DIREBEAR_FW_FORTSTERLING_GROWN";"[T8] Tame Elite Winter Bear";"";"";"";"";"";"";""
"Other";"";"";"Tame Ghostwolf";"T8_FARM_DIREWOLF_GROWN";"[T8] Tame Ghostwolf";"";"";"";"";"";"";""
"Other";"";"";"Tame Giant Stag";"T4_FARM_GIANTSTAG_GROWN";"[T4] Adept's Tame Giant Stag";"";"";"";"";"";"";""
"Other";"";"";"Tame Greywolf";"T5_FARM_GREYWOLF_FW_CAERLEON_GROWN";"[T5] Tame Greywolf";"";"";"";"";"";"";""
"Other";"";"";"Tame Hellspinner";"T5_FARM_SPIDER_HELL_GROWN";"[T5] Tame Hellspinner";"";"";"";"";"";"";""
"Other";"";"";"Tame Mammoth";"T8_FARM_MAMMOTH_GROWN";"[T8] Tame Mammoth";"";"";"";"";"";"";""
"Other";"";"";"Tame Moabird";"T5_FARM_MOABIRD_FW_BRIDGEWATCH_GROWN";"[T5] Tame Moabird";"";"";"";"";"";"";""
"Other";"";"";"Tame Moose";"T6_FARM_GIANTSTAG_MOOSE_GROWN";"[T6] Tame Moose";"";"";"";"";"";"";""
"Other";"";"";"Tame Mystic Owl";"T5_FARM_OWL_FW_BRECILIEN_GROWN";"[T5] Tame Mystic Owl";"";"";"";"";"";"";""
"Other";"";"";"Tame Soulspinner";"T8_FARM_SPIDER_HELL_GROWN";"[T8] Tame Soulspinner";"";"";"";"";"";"";""
"Other";"";"";"Tame Spring Cottontail";"T8_FARM_RABBIT_EASTER_GROWN";"[T8] Tame Spring Cottontail";"";"";"";"";"";"";""
"Other";"";"";"Tame Swamp Dragon";"T7_FARM_SWAMPDRAGON_GROWN";"[T7] Tame Swamp Dragon";"";"";"";"";"";"";""
"Other";"";"";"Tame Swamp Salamander";"T5_FARM_SWAMPDRAGON_FW_THETFORD_GROWN";"[T5] Tame Swamp Salamander";"";"";"";"";"";"";""
"Other";"";"";"Tame Swiftclaw";"T5_FARM_COUGAR_GROWN";"[T5] Tame Swiftclaw";"";"";"";"";"";"";""
"Other";"";"";"Tame Wild Boar";"T5_FARM_DIREBOAR_FW_LYMHURST_GROWN";"[T5] Tame Wild Boar";"";"";"";"";"";"";""
"Other";"";"";"Tame Winter Bear";"T5_FARM_DIREBEAR_FW_FORTSTERLING_GROWN";"[T5] Tame Winter Bear";"";"";"";"";"";"";""
"Other";"";"";"Thick Hide";"T7_HIDE";"[T7] Thick Hide";"";"";"";"";"";"";""
"Other";"";"";"Thick Leather";"T3_LEATHER";"[T3] Thick Leather";"";"";"";"";"";"";""
"Other";"";"";"Thin Booklet";"TREASURE_KNOWLEDGE_RARITY2";"[T0] Thin Booklet";"";"";"";"";"";"";""
"Other";"";"";"Thin Hide";"T3_HIDE";"[T3] Thin Hide";"";"";"";"";"";"";""
"Other";"";"";"Three Days of Premium";"T3_PREMIUMITEM_3_NONTRADABLE";"[T3] Three Days of Premium";"";"";"";"";"";"";""
"Other";"";"";"Thunderfall Lurcher";"T7_FISH_FRESHWATER_HIGHLANDS_RARE";"[T7] Thunderfall Lurcher";"";"";"";"";"";"";""
"Other";"";"";"Thunderfall Lurcher Sandwich";"T8_MEAL_SANDWICH_FISH";"[T8] Thunderfall Lurcher Sandwich";"";"";"";"";"";"";""
"Other";"";"";"Tin Ore";"T3_ORE";"[T3] Tin Ore";"";"";"";"";"";"";""
"Other";"";"";"Tin Ore Sample";"T3_FURNITUREITEM_TROPHY_ORE";"[T3] Tin Ore Sample";"";"";"";"";"";"";""
"Other";"";"";"Titanium Ore";"T5_ORE";"[T5] Titanium Ore";"";"";"";"";"";"";""
"Other";"";"";"Titanium Ore Sample";"T5_FURNITUREITEM_TROPHY_ORE";"[T5] Titanium Ore Sample";"";"";"";"";"";"";""
"Other";"";"";"Titanium Steel Bar";"T5_METALBAR";"[T5] Titanium Steel Bar";"";"";"";"";"";"";""
"Other";"";"";"Titan's Warhorse";"SKIN_ARMORED_HORSE_TITAN";"[T0] Titan's Warhorse";"";"";"";"";"";"";""
"Other";"";"";"Tomb of the Unknown";"UNIQUE_FURNITUREITEM_ADC_GRAVE_A";"[T0] Tomb of the Unknown";"";"";"";"";"";"";""
"Other";"";"";"Tombstone Victory Emote Charge";"T1_KILL_EMOTE_TOMBSTONE_CHARGES_NONTRADABLE";"[T1] Tombstone Victory Emote Charge";"";"";"";"";"";"";""
"Other";"";"";"Tome of Insight";"T2_SKILLBOOK_NONTRADABLE";"[T2] Novice's Tome of Insight";"";"";"";"";"";"";""
"Other";"";"";"Tome of Knowledge";"T5_FURNITUREITEM_TROPHY_GENERAL";"[T5] Tome of Knowledge";"";"";"";"";"";"";""
"Other";"";"";"Tome of Learning";"T2_LEARNINGPOINTS_NONTRADABLE";"[T2] Novice's Tome of Learning";"";"";"";"";"";"";""
"Other";"";"";"Tornado in a Bottle";"T6_POTION_TORNADO";"[T6] Tornado in a Bottle";"";"";"";"";"";"";""
"Other";"";"";"Tracker's Horse";"SKIN_HORSE_TRACKER";"[T0] Tracker's Horse";"";"";"";"";"";"";""
"Other";"";"";"Transport Mammoth";"T8_MOUNT_MAMMOTH_TRANSPORT";"[T8] Elder's Transport Mammoth";"";"";"";"";"";"";""
"Other";"";"";"Transport Ox";"T3_MOUNT_OX";"[T3] Journeyman's Transport Ox";"";"";"";"";"";"";""
"Other";"";"";"Transport Ox Skin: Auction House Ox";"UNIQUE_UNLOCK_SKIN_OX_BISON_AH_NON_TRADABLE";"[T0] Transport Ox Skin: Auction House Ox";"";"";"";"";"";"";""
"Other";"";"";"Transport Ox Skin: Black Market Ox";"UNIQUE_UNLOCK_SKIN_OX_BLACKMARKET_NON_TRADABLE";"[T0] Transport Ox Skin: Black Market Ox";"";"";"";"";"";"";""
"Other";"";"";"Transport Ox Skin: Bountiful Harvest Ox";"UNIQUE_UNLOCK_SKIN_OX_FARMER_AJ";"[T0] Transport Ox Skin: Bountiful Harvest Ox";"";"";"";"";"";"";""
"Other";"";"";"Transport Ox Skin: Farmer's Ox";"UNIQUE_UNLOCK_SKIN_OX_FARMER_TELLAFRIEND";"[T0] Transport Ox Skin: Farmer's Ox";"";"";"";"";"";"";""
"Other";"";"";"Transport Ox Skin: Heretic Cart";"UNIQUE_UNLOCK_SKIN_OX_CART_HERETIC";"[T0] Transport Ox Skin: Heretic Cart";"";"";"";"";"";"";""
"Other";"";"";"Transport Ox Skin: Legendary Adventurer's Cart";"UNIQUE_UNLOCK_SKIN_OX_CART_STARTERPACK";"[T0] Transport Ox Skin: Legendary Adventurer's Cart";"";"";"";"";"";"";""
"Other";"";"";"Transport Ox Skin: Legendary Explorer";"UNIQUE_UNLOCK_SKIN_OX_FOUNDER_LEGENDARY";"[T0] Transport Ox Skin: Legendary Explorer";"";"";"";"";"";"";""
"Other";"";"";"Transport Ox Skin: Luxury Cart";"UNIQUE_UNLOCK_SKIN_OX_CART_LUXUS_TELLAFRIEND";"[T0] Transport Ox Skin: Luxury Cart";"";"";"";"";"";"";""
"Other";"";"";"Transport Ox Skin: Ol' Betsy";"UNIQUE_UNLOCK_SKIN_OX_BETSY_TELLAFRIEND";"[T0] Transport Ox Skin: Ol' Betsy";"";"";"";"";"";"";""
"Other";"";"";"Transport Ox Skin: Recruiter's Bighorn Ram";"UNIQUE_UNLOCK_SKIN_OX_TRANSPORT_RAM_TELLAFRIEND";"[T0] Transport Ox Skin: Recruiter's Bighorn Ram";"";"";"";"";"";"";""
"Other";"";"";"Transport Ox Skin: Recruiter's Yak";"UNIQUE_UNLOCK_SKIN_OX_YAK_TELLAFRIEND";"[T0] Transport Ox Skin: Recruiter's Yak";"";"";"";"";"";"";""
"Other";"";"";"Transport Ox Skin: Royal Ox";"UNIQUE_UNLOCK_SKIN_OX_BISON_ROYAL_NON_TRADABLE";"[T0] Transport Ox Skin: Royal Ox";"";"";"";"";"";"";""
"Other";"";"";"Transport Ox Skin: Yuletide Yak";"UNIQUE_UNLOCK_SKIN_OX_XMAS_YAK_TELLAFRIEND";"[T0] Transport Ox Skin: Yuletide Yak";"";"";"";"";"";"";""
"Other";"";"";"Trash";"T1_TRASH";"[T1] Trash";"";"";"";"";"";"";""
"Other";"";"";"Travertine";"T4_ROCK";"[T4] Travertine";"";"";"";"";"";"";""
"Other";"";"";"Travertine Block";"T4_STONEBLOCK";"[T4] Travertine Block";"";"";"";"";"";"";""
"Other";"";"";"Travertine Fragment";"T4_FURNITUREITEM_TROPHY_ROCK";"[T4] Travertine Fragment";"";"";"";"";"";"";""
"Other";"";"";"Tree stump with pumpkins";"PLAYERISLAND_FURNITUREITEM_FARM_DECO_D";"[T0] Tree stump with pumpkins";"";"";"";"";"";"";""
"Other";"";"";"Treeheart";"T1_FACTION_FOREST_TOKEN_1";"[T1] Treeheart";"";"";"";"";"";"";""
"Other";"";"";"Trophy Shark";"T8_FURNITUREITEM_TROPHY_FISHING_BOSS";"[T8] Trophy Shark";"";"";"";"";"";"";""
"Other";"";"";"Trout Trophy";"T5_FURNITUREITEM_TROPHY_FISH";"[T5] Trout Trophy";"";"";"";"";"";"";""
"Other";"";"";"Turnip Salad";"T4_MEAL_SALAD";"[T4] Turnip Salad";"";"";"";"";"";"";""
"Other";"";"";"Turnip Seeds";"T4_FARM_TURNIP_SEED";"[T4] Turnip Seeds";"";"";"";"";"";"";""
"Other";"";"";"Turnips";"T4_TURNIP";"[T4] Turnips";"";"";"";"";"";"";""
"Other";"";"";"Uncommon Adamantium Ore";"T8_ORE_LEVEL1@1";"[T8] Uncommon Adamantium Ore .1";"";"";"";"";"";"";""
"Other";"";"";"Uncommon Adamantium Steel Bar";"T8_METALBAR_LEVEL1@1";"[T8] Uncommon Adamantium Steel Bar .1";"";"";"";"";"";"";""
"Other";"";"";"Uncommon Adept's Dungeon Map (Group)";"T4_RANDOM_DUNGEON_TOKEN_2@1";"[T4] Uncommon Adept's Dungeon Map (Group) .1";"";"";"";"";"";"";""
"Other";"";"";"Uncommon Adept's Dungeon Map (Solo)";"T4_RANDOM_DUNGEON_SOLO_TOKEN_2@1";"[T4] Uncommon Adept's Dungeon Map (Solo) .1";"";"";"";"";"";"";""
"Other";"";"";"Uncommon Amberleaf Cotton";"T6_FIBER_LEVEL1@1";"[T6] Uncommon Amberleaf Cotton .1";"";"";"";"";"";"";""
"Other";"";"";"Uncommon Ashenbark Logs";"T7_WOOD_LEVEL1@1";"[T7] Uncommon Ashenbark Logs .1";"";"";"";"";"";"";""
"Other";"";"";"Uncommon Ashenbark Planks";"T7_PLANKS_LEVEL1@1";"[T7] Uncommon Ashenbark Planks .1";"";"";"";"";"";"";""
"Other";"";"";"Uncommon Baroque Cloth";"T8_CLOTH_LEVEL1@1";"[T8] Uncommon Baroque Cloth .1";"";"";"";"";"";"";""
"Other";"";"";"Uncommon Basalt";"T7_ROCK_LEVEL1@1";"[T7] Uncommon Basalt .1";"";"";"";"";"";"";""
"Other";"";"";"Uncommon Bloodoak Logs";"T6_WOOD_LEVEL1@1";"[T6] Uncommon Bloodoak Logs .1";"";"";"";"";"";"";""
"Other";"";"";"Uncommon Bloodoak Planks";"T6_PLANKS_LEVEL1@1";"[T6] Uncommon Bloodoak Planks .1";"";"";"";"";"";"";""
"Other";"";"";"Uncommon Cedar Logs";"T5_WOOD_LEVEL1@1";"[T5] Uncommon Cedar Logs .1";"";"";"";"";"";"";""
"Other";"";"";"Uncommon Cedar Planks";"T5_PLANKS_LEVEL1@1";"[T5] Uncommon Cedar Planks .1";"";"";"";"";"";"";""
"Other";"";"";"Uncommon Cured Leather";"T5_LEATHER_LEVEL1@1";"[T5] Uncommon Cured Leather .1";"";"";"";"";"";"";""
"Other";"";"";"Uncommon Elder's Dungeon Map (Group)";"T8_RANDOM_DUNGEON_TOKEN_2@1";"[T8] Uncommon Elder's Dungeon Map (Group) .1";"";"";"";"";"";"";""
"Other";"";"";"Uncommon Elder's Dungeon Map (Large Group)";"T8_RANDOM_DUNGEON_ELITE_TOKEN_2@1";"[T8] Uncommon Elder's Dungeon Map (Large Group) .1";"";"";"";"";"";"";""
"Other";"";"";"Uncommon Elder's Dungeon Map (Solo)";"T8_RANDOM_DUNGEON_SOLO_TOKEN_2@1";"[T8] Uncommon Elder's Dungeon Map (Solo) .1";"";"";"";"";"";"";""
"Other";"";"";"Uncommon Expert's Dungeon Map (Group)";"T5_RANDOM_DUNGEON_TOKEN_2@1";"[T5] Uncommon Expert's Dungeon Map (Group) .1";"";"";"";"";"";"";""
"Other";"";"";"Uncommon Expert's Dungeon Map (Solo)";"T5_RANDOM_DUNGEON_SOLO_TOKEN_2@1";"[T5] Uncommon Expert's Dungeon Map (Solo) .1";"";"";"";"";"";"";""
"Other";"";"";"Uncommon Fine Cloth";"T4_CLOTH_LEVEL1@1";"[T4] Uncommon Fine Cloth .1";"";"";"";"";"";"";""
"Other";"";"";"Uncommon Fortified Leather";"T8_LEATHER_LEVEL1@1";"[T8] Uncommon Fortified Leather .1";"";"";"";"";"";"";""
"Other";"";"";"Uncommon Ghost Hemp";"T8_FIBER_LEVEL1@1";"[T8] Uncommon Ghost Hemp .1";"";"";"";"";"";"";""
"Other";"";"";"Uncommon Grandmaster's Dungeon Map (Group)";"T7_RANDOM_DUNGEON_TOKEN_2@1";"[T7] Uncommon Grandmaster's Dungeon Map (Group) .1";"";"";"";"";"";"";""
"Other";"";"";"Uncommon Grandmaster's Dungeon Map (Large Group)";"T7_RANDOM_DUNGEON_ELITE_TOKEN_2@1";"[T7] Uncommon Grandmaster's Dungeon Map (Large Group) .1";"";"";"";"";"";"";""
"Other";"";"";"Uncommon Grandmaster's Dungeon Map (Solo)";"T7_RANDOM_DUNGEON_SOLO_TOKEN_2@1";"[T7] Uncommon Grandmaster's Dungeon Map (Solo) .1";"";"";"";"";"";"";""
"Other";"";"";"Uncommon Granite";"T5_ROCK_LEVEL1@1";"[T5] Uncommon Granite .1";"";"";"";"";"";"";""
"Other";"";"";"Uncommon Hardened Leather";"T6_LEATHER_LEVEL1@1";"[T6] Uncommon Hardened Leather .1";"";"";"";"";"";"";""
"Other";"";"";"Uncommon Heavy Hide";"T5_HIDE_LEVEL1@1";"[T5] Uncommon Heavy Hide .1";"";"";"";"";"";"";""
"Other";"";"";"Uncommon Hemp";"T4_FIBER_LEVEL1@1";"[T4] Uncommon Hemp .1";"";"";"";"";"";"";""
"Other";"";"";"Uncommon Iron Ore";"T4_ORE_LEVEL1@1";"[T4] Uncommon Iron Ore .1";"";"";"";"";"";"";""
"Other";"";"";"Uncommon Lavish Cloth";"T6_CLOTH_LEVEL1@1";"[T6] Uncommon Lavish Cloth .1";"";"";"";"";"";"";""
"Other";"";"";"Uncommon Marble";"T8_ROCK_LEVEL1@1";"[T8] Uncommon Marble .1";"";"";"";"";"";"";""
"Other";"";"";"Uncommon Master's Dungeon Map (Group)";"T6_RANDOM_DUNGEON_TOKEN_2@1";"[T6] Uncommon Master's Dungeon Map (Group) .1";"";"";"";"";"";"";""
"Other";"";"";"Uncommon Master's Dungeon Map (Large Group)";"T6_RANDOM_DUNGEON_ELITE_TOKEN_2@1";"[T6] Uncommon Master's Dungeon Map (Large Group) .1";"";"";"";"";"";"";""
"Other";"";"";"Uncommon Master's Dungeon Map (Solo)";"T6_RANDOM_DUNGEON_SOLO_TOKEN_2@1";"[T6] Uncommon Master's Dungeon Map (Solo) .1";"";"";"";"";"";"";""
"Other";"";"";"Uncommon Medium Hide";"T4_HIDE_LEVEL1@1";"[T4] Uncommon Medium Hide .1";"";"";"";"";"";"";""
"Other";"";"";"Uncommon Meteorite Ore";"T7_ORE_LEVEL1@1";"[T7] Uncommon Meteorite Ore .1";"";"";"";"";"";"";""
"Other";"";"";"Uncommon Meteorite Steel Bar";"T7_METALBAR_LEVEL1@1";"[T7] Uncommon Meteorite Steel Bar .1";"";"";"";"";"";"";""
"Other";"";"";"Uncommon Opulent Cloth";"T7_CLOTH_LEVEL1@1";"[T7] Uncommon Opulent Cloth .1";"";"";"";"";"";"";""
"Other";"";"";"Uncommon Ornate Cloth";"T5_CLOTH_LEVEL1@1";"[T5] Uncommon Ornate Cloth .1";"";"";"";"";"";"";""
"Other";"";"";"Uncommon Pine Logs";"T4_WOOD_LEVEL1@1";"[T4] Uncommon Pine Logs .1";"";"";"";"";"";"";""
"Other";"";"";"Uncommon Pine Planks";"T4_PLANKS_LEVEL1@1";"[T4] Uncommon Pine Planks .1";"";"";"";"";"";"";""
"Other";"";"";"Uncommon Reinforced Leather";"T7_LEATHER_LEVEL1@1";"[T7] Uncommon Reinforced Leather .1";"";"";"";"";"";"";""
"Other";"";"";"Uncommon Resilient Hide";"T8_HIDE_LEVEL1@1";"[T8] Uncommon Resilient Hide .1";"";"";"";"";"";"";""
"Other";"";"";"Uncommon Robust Hide";"T6_HIDE_LEVEL1@1";"[T6] Uncommon Robust Hide .1";"";"";"";"";"";"";""
"Other";"";"";"Uncommon Runite Ore";"T6_ORE_LEVEL1@1";"[T6] Uncommon Runite Ore .1";"";"";"";"";"";"";""
"Other";"";"";"Uncommon Runite Steel Bar";"T6_METALBAR_LEVEL1@1";"[T6] Uncommon Runite Steel Bar .1";"";"";"";"";"";"";""
"Other";"";"";"Uncommon Skyflower";"T5_FIBER_LEVEL1@1";"[T5] Uncommon Skyflower .1";"";"";"";"";"";"";""
"Other";"";"";"Uncommon Slate";"T6_ROCK_LEVEL1@1";"[T6] Uncommon Slate .1";"";"";"";"";"";"";""
"Other";"";"";"Uncommon Steel Bar";"T4_METALBAR_LEVEL1@1";"[T4] Uncommon Steel Bar .1";"";"";"";"";"";"";""
"Other";"";"";"Uncommon Sunflax";"T7_FIBER_LEVEL1@1";"[T7] Uncommon Sunflax .1";"";"";"";"";"";"";""
"Other";"";"";"Uncommon Thick Hide";"T7_HIDE_LEVEL1@1";"[T7] Uncommon Thick Hide .1";"";"";"";"";"";"";""
"Other";"";"";"Uncommon Titanium Ore";"T5_ORE_LEVEL1@1";"[T5] Uncommon Titanium Ore .1";"";"";"";"";"";"";""
"Other";"";"";"Uncommon Titanium Steel Bar";"T5_METALBAR_LEVEL1@1";"[T5] Uncommon Titanium Steel Bar .1";"";"";"";"";"";"";""
"Other";"";"";"Uncommon Travertine";"T4_ROCK_LEVEL1@1";"[T4] Uncommon Travertine .1";"";"";"";"";"";"";""
"Other";"";"";"Uncommon Whitewood Logs";"T8_WOOD_LEVEL1@1";"[T8] Uncommon Whitewood Logs .1";"";"";"";"";"";"";""
"Other";"";"";"Uncommon Whitewood Planks";"T8_PLANKS_LEVEL1@1";"[T8] Uncommon Whitewood Planks .1";"";"";"";"";"";"";""
"Other";"";"";"Uncommon Worked Leather";"T4_LEATHER_LEVEL1@1";"[T4] Uncommon Worked Leather .1";"";"";"";"";"";"";""
"Other";"";"";"Undead Challenge Chest";"UNIQUE_LOOTCHEST_ADC_JUL2019";"[T0] Undead Challenge Chest";"";"";"";"";"";"";""
"Other";"";"";"Undead Direwolf";"SKIN_DIREWOLF_UNDEAD";"[T0] Undead Direwolf";"";"";"";"";"";"";""
"Other";"";"";"Undead Knucklebone";"QUESTITEM_TOKEN_UNDEAD";"[T0] Undead Knucklebone";"";"";"";"";"";"";""
"Other";"";"";"UNIQUE_AVATAR_ANNIVERSARY_2026";"UNIQUE_AVATAR_ANNIVERSARY_2026";"[T0] UNIQUE_AVATAR_ANNIVERSARY_2026";"";"";"";"";"";"";""
"Other";"";"";"UNIQUE_AVATAR_GVGSEASON_33_CRYSTAL";"UNIQUE_AVATAR_GVGSEASON_33_CRYSTAL";"[T0] UNIQUE_AVATAR_GVGSEASON_33_CRYSTAL";"";"";"";"";"";"";""
"Other";"";"";"UNIQUE_AVATAR_GVGSEASON_33_SILVER";"UNIQUE_AVATAR_GVGSEASON_33_SILVER";"[T0] UNIQUE_AVATAR_GVGSEASON_33_SILVER";"";"";"";"";"";"";""
"Other";"";"";"UNIQUE_AVATAR_GVGSEASON_34_CRYSTAL";"UNIQUE_AVATAR_GVGSEASON_34_CRYSTAL";"[T0] UNIQUE_AVATAR_GVGSEASON_34_CRYSTAL";"";"";"";"";"";"";""
"Other";"";"";"UNIQUE_AVATAR_GVGSEASON_34_SILVER";"UNIQUE_AVATAR_GVGSEASON_34_SILVER";"[T0] UNIQUE_AVATAR_GVGSEASON_34_SILVER";"";"";"";"";"";"";""
"Other";"";"";"UNIQUE_AVATAR_GVGSEASON_LEGACY_AVATARS_BRONZE";"UNIQUE_AVATAR_GVGSEASON_LEGACY_AVATARS_BRONZE";"[T0] UNIQUE_AVATAR_GVGSEASON_LEGACY_AVATARS_BRONZE";"";"";"";"";"";"";""
"Other";"";"";"UNIQUE_AVATAR_GVGSEASON_LEGACY_AVATARS_GOLD";"UNIQUE_AVATAR_GVGSEASON_LEGACY_AVATARS_GOLD";"[T0] UNIQUE_AVATAR_GVGSEASON_LEGACY_AVATARS_GOLD";"";"";"";"";"";"";""
"Other";"";"";"UNIQUE_AVATARRING_ANNIVERSARY_2026";"UNIQUE_AVATARRING_ANNIVERSARY_2026";"[T0] UNIQUE_AVATARRING_ANNIVERSARY_2026";"";"";"";"";"";"";""
"Other";"";"";"UNIQUE_CONSUMABLE_EVENT_ANNIVERSARY_CAKE_2025";"UNIQUE_CONSUMABLE_EVENT_ANNIVERSARY_CAKE_2025";"[T0] UNIQUE_CONSUMABLE_EVENT_ANNIVERSARY_CAKE_2025";"";"";"";"";"";"";""
"Other";"";"";"UNIQUE_CONSUMABLE_EVENT_ANNIVERSARY_CAKE_2026";"UNIQUE_CONSUMABLE_EVENT_ANNIVERSARY_CAKE_2026";"[T0] UNIQUE_CONSUMABLE_EVENT_ANNIVERSARY_CAKE_2026";"";"";"";"";"";"";""
"Other";"";"";"UNIQUE_CONSUMABLE_EVENT_EASTER_CHOCOLATE_EGG_2026";"UNIQUE_CONSUMABLE_EVENT_EASTER_CHOCOLATE_EGG_2026";"[T0] UNIQUE_CONSUMABLE_EVENT_EASTER_CHOCOLATE_EGG_2026";"";"";"";"";"";"";""
"Other";"";"";"UNIQUE_CONSUMABLE_EVENT_HALLOWEEN_CANDY_2025";"UNIQUE_CONSUMABLE_EVENT_HALLOWEEN_CANDY_2025";"[T0] UNIQUE_CONSUMABLE_EVENT_HALLOWEEN_CANDY_2025";"";"";"";"";"";"";""
"Other";"";"";"UNIQUE_CONSUMABLE_EVENT_HALLOWEEN_CANDY_2026";"UNIQUE_CONSUMABLE_EVENT_HALLOWEEN_CANDY_2026";"[T0] UNIQUE_CONSUMABLE_EVENT_HALLOWEEN_CANDY_2026";"";"";"";"";"";"";""
"Other";"";"";"UNIQUE_FOCUSPOTION_ADC_GENERAL_01";"UNIQUE_FOCUSPOTION_ADC_GENERAL_01";"[T0] UNIQUE_FOCUSPOTION_ADC_GENERAL_01";"";"";"";"";"";"";""
"Other";"";"";"UNIQUE_FOCUSPOTION_TUTORIAL_01";"UNIQUE_FOCUSPOTION_TUTORIAL_01";"[T0] UNIQUE_FOCUSPOTION_TUTORIAL_01";"";"";"";"";"";"";""
"Other";"";"";"UNIQUE_FURNITUREITEM_ADC_FROST_LANTERN_A";"UNIQUE_FURNITUREITEM_ADC_FROST_LANTERN_A";"[T0] UNIQUE_FURNITUREITEM_ADC_FROST_LANTERN_A";"";"";"";"";"";"";""
"Other";"";"";"UNIQUE_FURNITUREITEM_ADC_FROST_SNOWBALLSTACK_A";"UNIQUE_FURNITUREITEM_ADC_FROST_SNOWBALLSTACK_A";"[T0] UNIQUE_FURNITUREITEM_ADC_FROST_SNOWBALLSTACK_A";"";"";"";"";"";"";""
"Other";"";"";"UNIQUE_FURNITUREITEM_XMAS_CANDY_BOOT";"UNIQUE_FURNITUREITEM_XMAS_CANDY_BOOT";"[T0] UNIQUE_FURNITUREITEM_XMAS_CANDY_BOOT";"";"";"";"";"";"";""
"Other";"";"";"UNIQUE_LOOTCHEST_CONQUEROR_SEASON_BIG_BRONZE_125_PH";"UNIQUE_LOOTCHEST_CONQUEROR_SEASON_BIG_BRONZE_125_PH";"[T0] UNIQUE_LOOTCHEST_CONQUEROR_SEASON_BIG_BRONZE_125_PH";"";"";"";"";"";"";""
"Other";"";"";"UNIQUE_LOOTCHEST_CONQUEROR_SEASON_BIG_BRONZE_125_S22";"UNIQUE_LOOTCHEST_CONQUEROR_SEASON_BIG_BRONZE_125_S22";"[T0] UNIQUE_LOOTCHEST_CONQUEROR_SEASON_BIG_BRONZE_125_S22";"";"";"";"";"";"";""
"Other";"";"";"UNIQUE_LOOTCHEST_CONQUEROR_SEASON_BIG_BRONZE_125_S23";"UNIQUE_LOOTCHEST_CONQUEROR_SEASON_BIG_BRONZE_125_S23";"[T0] UNIQUE_LOOTCHEST_CONQUEROR_SEASON_BIG_BRONZE_125_S23";"";"";"";"";"";"";""
"Other";"";"";"UNIQUE_LOOTCHEST_CONQUEROR_SEASON_BIG_BRONZE_125_S24";"UNIQUE_LOOTCHEST_CONQUEROR_SEASON_BIG_BRONZE_125_S24";"[T0] UNIQUE_LOOTCHEST_CONQUEROR_SEASON_BIG_BRONZE_125_S24";"";"";"";"";"";"";""
"Other";"";"";"UNIQUE_LOOTCHEST_CONQUEROR_SEASON_BIG_BRONZE_125_S25";"UNIQUE_LOOTCHEST_CONQUEROR_SEASON_BIG_BRONZE_125_S25";"[T0] UNIQUE_LOOTCHEST_CONQUEROR_SEASON_BIG_BRONZE_125_S25";"";"";"";"";"";"";""
"Other";"";"";"UNIQUE_LOOTCHEST_CONQUEROR_SEASON_BIG_BRONZE_125_S26";"UNIQUE_LOOTCHEST_CONQUEROR_SEASON_BIG_BRONZE_125_S26";"[T0] UNIQUE_LOOTCHEST_CONQUEROR_SEASON_BIG_BRONZE_125_S26";"";"";"";"";"";"";""
"Other";"";"";"UNIQUE_LOOTCHEST_CONQUEROR_SEASON_BIG_BRONZE_250_PH";"UNIQUE_LOOTCHEST_CONQUEROR_SEASON_BIG_BRONZE_250_PH";"[T0] UNIQUE_LOOTCHEST_CONQUEROR_SEASON_BIG_BRONZE_250_PH";"";"";"";"";"";"";""
"Other";"";"";"UNIQUE_LOOTCHEST_CONQUEROR_SEASON_BIG_BRONZE_250_S22";"UNIQUE_LOOTCHEST_CONQUEROR_SEASON_BIG_BRONZE_250_S22";"[T0] UNIQUE_LOOTCHEST_CONQUEROR_SEASON_BIG_BRONZE_250_S22";"";"";"";"";"";"";""
"Other";"";"";"UNIQUE_LOOTCHEST_CONQUEROR_SEASON_BIG_BRONZE_250_S23";"UNIQUE_LOOTCHEST_CONQUEROR_SEASON_BIG_BRONZE_250_S23";"[T0] UNIQUE_LOOTCHEST_CONQUEROR_SEASON_BIG_BRONZE_250_S23";"";"";"";"";"";"";""
"Other";"";"";"UNIQUE_LOOTCHEST_CONQUEROR_SEASON_BIG_BRONZE_250_S24";"UNIQUE_LOOTCHEST_CONQUEROR_SEASON_BIG_BRONZE_250_S24";"[T0] UNIQUE_LOOTCHEST_CONQUEROR_SEASON_BIG_BRONZE_250_S24";"";"";"";"";"";"";""
"Other";"";"";"UNIQUE_LOOTCHEST_CONQUEROR_SEASON_BIG_BRONZE_250_S25";"UNIQUE_LOOTCHEST_CONQUEROR_SEASON_BIG_BRONZE_250_S25";"[T0] UNIQUE_LOOTCHEST_CONQUEROR_SEASON_BIG_BRONZE_250_S25";"";"";"";"";"";"";""
"Other";"";"";"UNIQUE_LOOTCHEST_CONQUEROR_SEASON_BIG_BRONZE_250_S26";"UNIQUE_LOOTCHEST_CONQUEROR_SEASON_BIG_BRONZE_250_S26";"[T0] UNIQUE_LOOTCHEST_CONQUEROR_SEASON_BIG_BRONZE_250_S26";"";"";"";"";"";"";""
"Other";"";"";"UNIQUE_LOOTCHEST_CONQUEROR_SEASON_BIG_BRONZE_50_PH";"UNIQUE_LOOTCHEST_CONQUEROR_SEASON_BIG_BRONZE_50_PH";"[T0] UNIQUE_LOOTCHEST_CONQUEROR_SEASON_BIG_BRONZE_50_PH";"";"";"";"";"";"";""
"Other";"";"";"UNIQUE_LOOTCHEST_CONQUEROR_SEASON_BIG_BRONZE_50_S22";"UNIQUE_LOOTCHEST_CONQUEROR_SEASON_BIG_BRONZE_50_S22";"[T0] UNIQUE_LOOTCHEST_CONQUEROR_SEASON_BIG_BRONZE_50_S22";"";"";"";"";"";"";""
"Other";"";"";"UNIQUE_LOOTCHEST_CONQUEROR_SEASON_BIG_BRONZE_50_S23";"UNIQUE_LOOTCHEST_CONQUEROR_SEASON_BIG_BRONZE_50_S23";"[T0] UNIQUE_LOOTCHEST_CONQUEROR_SEASON_BIG_BRONZE_50_S23";"";"";"";"";"";"";""
"Other";"";"";"UNIQUE_LOOTCHEST_CONQUEROR_SEASON_BIG_BRONZE_50_S24";"UNIQUE_LOOTCHEST_CONQUEROR_SEASON_BIG_BRONZE_50_S24";"[T0] UNIQUE_LOOTCHEST_CONQUEROR_SEASON_BIG_BRONZE_50_S24";"";"";"";"";"";"";""
"Other";"";"";"UNIQUE_LOOTCHEST_CONQUEROR_SEASON_BIG_BRONZE_50_S25";"UNIQUE_LOOTCHEST_CONQUEROR_SEASON_BIG_BRONZE_50_S25";"[T0] UNIQUE_LOOTCHEST_CONQUEROR_SEASON_BIG_BRONZE_50_S25";"";"";"";"";"";"";""
"Other";"";"";"UNIQUE_LOOTCHEST_CONQUEROR_SEASON_BIG_BRONZE_50_S26";"UNIQUE_LOOTCHEST_CONQUEROR_SEASON_BIG_BRONZE_50_S26";"[T0] UNIQUE_LOOTCHEST_CONQUEROR_SEASON_BIG_BRONZE_50_S26";"";"";"";"";"";"";""
"Other";"";"";"UNIQUE_LOOTCHEST_CONQUEROR_SEASON_BIG_BRONZE_500_PH";"UNIQUE_LOOTCHEST_CONQUEROR_SEASON_BIG_BRONZE_500_PH";"[T0] UNIQUE_LOOTCHEST_CONQUEROR_SEASON_BIG_BRONZE_500_PH";"";"";"";"";"";"";""
"Other";"";"";"UNIQUE_LOOTCHEST_CONQUEROR_SEASON_BIG_BRONZE_500_S22";"UNIQUE_LOOTCHEST_CONQUEROR_SEASON_BIG_BRONZE_500_S22";"[T0] UNIQUE_LOOTCHEST_CONQUEROR_SEASON_BIG_BRONZE_500_S22";"";"";"";"";"";"";""
"Other";"";"";"UNIQUE_LOOTCHEST_CONQUEROR_SEASON_BIG_BRONZE_500_S23";"UNIQUE_LOOTCHEST_CONQUEROR_SEASON_BIG_BRONZE_500_S23";"[T0] UNIQUE_LOOTCHEST_CONQUEROR_SEASON_BIG_BRONZE_500_S23";"";"";"";"";"";"";""
"Other";"";"";"UNIQUE_LOOTCHEST_CONQUEROR_SEASON_BIG_BRONZE_500_S24";"UNIQUE_LOOTCHEST_CONQUEROR_SEASON_BIG_BRONZE_500_S24";"[T0] UNIQUE_LOOTCHEST_CONQUEROR_SEASON_BIG_BRONZE_500_S24";"";"";"";"";"";"";""
"Other";"";"";"UNIQUE_LOOTCHEST_CONQUEROR_SEASON_BIG_BRONZE_500_S25";"UNIQUE_LOOTCHEST_CONQUEROR_SEASON_BIG_BRONZE_500_S25";"[T0] UNIQUE_LOOTCHEST_CONQUEROR_SEASON_BIG_BRONZE_500_S25";"";"";"";"";"";"";""
"Other";"";"";"UNIQUE_LOOTCHEST_CONQUEROR_SEASON_BIG_BRONZE_500_S26";"UNIQUE_LOOTCHEST_CONQUEROR_SEASON_BIG_BRONZE_500_S26";"[T0] UNIQUE_LOOTCHEST_CONQUEROR_SEASON_BIG_BRONZE_500_S26";"";"";"";"";"";"";""
"Other";"";"";"UNIQUE_LOOTCHEST_CONQUEROR_SEASON_BIG_BRONZE_REST_PH";"UNIQUE_LOOTCHEST_CONQUEROR_SEASON_BIG_BRONZE_REST_PH";"[T0] UNIQUE_LOOTCHEST_CONQUEROR_SEASON_BIG_BRONZE_REST_PH";"";"";"";"";"";"";""
"Other";"";"";"UNIQUE_LOOTCHEST_CONQUEROR_SEASON_BIG_BRONZE_REST_S22";"UNIQUE_LOOTCHEST_CONQUEROR_SEASON_BIG_BRONZE_REST_S22";"[T0] UNIQUE_LOOTCHEST_CONQUEROR_SEASON_BIG_BRONZE_REST_S22";"";"";"";"";"";"";""
"Other";"";"";"UNIQUE_LOOTCHEST_CONQUEROR_SEASON_BIG_BRONZE_REST_S23";"UNIQUE_LOOTCHEST_CONQUEROR_SEASON_BIG_BRONZE_REST_S23";"[T0] UNIQUE_LOOTCHEST_CONQUEROR_SEASON_BIG_BRONZE_REST_S23";"";"";"";"";"";"";""
"Other";"";"";"UNIQUE_LOOTCHEST_CONQUEROR_SEASON_BIG_BRONZE_REST_S24";"UNIQUE_LOOTCHEST_CONQUEROR_SEASON_BIG_BRONZE_REST_S24";"[T0] UNIQUE_LOOTCHEST_CONQUEROR_SEASON_BIG_BRONZE_REST_S24";"";"";"";"";"";"";""
"Other";"";"";"UNIQUE_LOOTCHEST_CONQUEROR_SEASON_BIG_BRONZE_REST_S25";"UNIQUE_LOOTCHEST_CONQUEROR_SEASON_BIG_BRONZE_REST_S25";"[T0] UNIQUE_LOOTCHEST_CONQUEROR_SEASON_BIG_BRONZE_REST_S25";"";"";"";"";"";"";""
"Other";"";"";"UNIQUE_LOOTCHEST_CONQUEROR_SEASON_BIG_BRONZE_REST_S26";"UNIQUE_LOOTCHEST_CONQUEROR_SEASON_BIG_BRONZE_REST_S26";"[T0] UNIQUE_LOOTCHEST_CONQUEROR_SEASON_BIG_BRONZE_REST_S26";"";"";"";"";"";"";""
"Other";"";"";"UNIQUE_LOOTCHEST_CONQUEROR_SEASON_BIG_CRYSTAL_1_PH";"UNIQUE_LOOTCHEST_CONQUEROR_SEASON_BIG_CRYSTAL_1_PH";"[T0] UNIQUE_LOOTCHEST_CONQUEROR_SEASON_BIG_CRYSTAL_1_PH";"";"";"";"";"";"";""
"Other";"";"";"UNIQUE_LOOTCHEST_CONQUEROR_SEASON_BIG_CRYSTAL_1_S22";"UNIQUE_LOOTCHEST_CONQUEROR_SEASON_BIG_CRYSTAL_1_S22";"[T0] UNIQUE_LOOTCHEST_CONQUEROR_SEASON_BIG_CRYSTAL_1_S22";"";"";"";"";"";"";""
"Other";"";"";"UNIQUE_LOOTCHEST_CONQUEROR_SEASON_BIG_CRYSTAL_1_S23";"UNIQUE_LOOTCHEST_CONQUEROR_SEASON_BIG_CRYSTAL_1_S23";"[T0] UNIQUE_LOOTCHEST_CONQUEROR_SEASON_BIG_CRYSTAL_1_S23";"";"";"";"";"";"";""
"Other";"";"";"UNIQUE_LOOTCHEST_CONQUEROR_SEASON_BIG_CRYSTAL_1_S24";"UNIQUE_LOOTCHEST_CONQUEROR_SEASON_BIG_CRYSTAL_1_S24";"[T0] UNIQUE_LOOTCHEST_CONQUEROR_SEASON_BIG_CRYSTAL_1_S24";"";"";"";"";"";"";""
"Other";"";"";"UNIQUE_LOOTCHEST_CONQUEROR_SEASON_BIG_CRYSTAL_1_S25";"UNIQUE_LOOTCHEST_CONQUEROR_SEASON_BIG_CRYSTAL_1_S25";"[T0] UNIQUE_LOOTCHEST_CONQUEROR_SEASON_BIG_CRYSTAL_1_S25";"";"";"";"";"";"";""
"Other";"";"";"UNIQUE_LOOTCHEST_CONQUEROR_SEASON_BIG_CRYSTAL_1_S26";"UNIQUE_LOOTCHEST_CONQUEROR_SEASON_BIG_CRYSTAL_1_S26";"[T0] UNIQUE_LOOTCHEST_CONQUEROR_SEASON_BIG_CRYSTAL_1_S26";"";"";"";"";"";"";""
"Other";"";"";"UNIQUE_LOOTCHEST_CONQUEROR_SEASON_BIG_CRYSTAL_10_PH";"UNIQUE_LOOTCHEST_CONQUEROR_SEASON_BIG_CRYSTAL_10_PH";"[T0] UNIQUE_LOOTCHEST_CONQUEROR_SEASON_BIG_CRYSTAL_10_PH";"";"";"";"";"";"";""
"Other";"";"";"UNIQUE_LOOTCHEST_CONQUEROR_SEASON_BIG_CRYSTAL_10_S22";"UNIQUE_LOOTCHEST_CONQUEROR_SEASON_BIG_CRYSTAL_10_S22";"[T0] UNIQUE_LOOTCHEST_CONQUEROR_SEASON_BIG_CRYSTAL_10_S22";"";"";"";"";"";"";""
"Other";"";"";"UNIQUE_LOOTCHEST_CONQUEROR_SEASON_BIG_CRYSTAL_10_S23";"UNIQUE_LOOTCHEST_CONQUEROR_SEASON_BIG_CRYSTAL_10_S23";"[T0] UNIQUE_LOOTCHEST_CONQUEROR_SEASON_BIG_CRYSTAL_10_S23";"";"";"";"";"";"";""
"Other";"";"";"UNIQUE_LOOTCHEST_CONQUEROR_SEASON_BIG_CRYSTAL_10_S24";"UNIQUE_LOOTCHEST_CONQUEROR_SEASON_BIG_CRYSTAL_10_S24";"[T0] UNIQUE_LOOTCHEST_CONQUEROR_SEASON_BIG_CRYSTAL_10_S24";"";"";"";"";"";"";""
"Other";"";"";"UNIQUE_LOOTCHEST_CONQUEROR_SEASON_BIG_CRYSTAL_10_S25";"UNIQUE_LOOTCHEST_CONQUEROR_SEASON_BIG_CRYSTAL_10_S25";"[T0] UNIQUE_LOOTCHEST_CONQUEROR_SEASON_BIG_CRYSTAL_10_S25";"";"";"";"";"";"";""
"Other";"";"";"UNIQUE_LOOTCHEST_CONQUEROR_SEASON_BIG_CRYSTAL_10_S26";"UNIQUE_LOOTCHEST_CONQUEROR_SEASON_BIG_CRYSTAL_10_S26";"[T0] UNIQUE_LOOTCHEST_CONQUEROR_SEASON_BIG_CRYSTAL_10_S26";"";"";"";"";"";"";""
"Other";"";"";"UNIQUE_LOOTCHEST_CONQUEROR_SEASON_BIG_CRYSTAL_2_PH";"UNIQUE_LOOTCHEST_CONQUEROR_SEASON_BIG_CRYSTAL_2_PH";"[T0] UNIQUE_LOOTCHEST_CONQUEROR_SEASON_BIG_CRYSTAL_2_PH";"";"";"";"";"";"";""
"Other";"";"";"UNIQUE_LOOTCHEST_CONQUEROR_SEASON_BIG_CRYSTAL_2_S22";"UNIQUE_LOOTCHEST_CONQUEROR_SEASON_BIG_CRYSTAL_2_S22";"[T0] UNIQUE_LOOTCHEST_CONQUEROR_SEASON_BIG_CRYSTAL_2_S22";"";"";"";"";"";"";""
"Other";"";"";"UNIQUE_LOOTCHEST_CONQUEROR_SEASON_BIG_CRYSTAL_2_S23";"UNIQUE_LOOTCHEST_CONQUEROR_SEASON_BIG_CRYSTAL_2_S23";"[T0] UNIQUE_LOOTCHEST_CONQUEROR_SEASON_BIG_CRYSTAL_2_S23";"";"";"";"";"";"";""
"Other";"";"";"UNIQUE_LOOTCHEST_CONQUEROR_SEASON_BIG_CRYSTAL_2_S24";"UNIQUE_LOOTCHEST_CONQUEROR_SEASON_BIG_CRYSTAL_2_S24";"[T0] UNIQUE_LOOTCHEST_CONQUEROR_SEASON_BIG_CRYSTAL_2_S24";"";"";"";"";"";"";""
"Other";"";"";"UNIQUE_LOOTCHEST_CONQUEROR_SEASON_BIG_CRYSTAL_2_S25";"UNIQUE_LOOTCHEST_CONQUEROR_SEASON_BIG_CRYSTAL_2_S25";"[T0] UNIQUE_LOOTCHEST_CONQUEROR_SEASON_BIG_CRYSTAL_2_S25";"";"";"";"";"";"";""
"Other";"";"";"UNIQUE_LOOTCHEST_CONQUEROR_SEASON_BIG_CRYSTAL_2_S26";"UNIQUE_LOOTCHEST_CONQUEROR_SEASON_BIG_CRYSTAL_2_S26";"[T0] UNIQUE_LOOTCHEST_CONQUEROR_SEASON_BIG_CRYSTAL_2_S26";"";"";"";"";"";"";""
"Other";"";"";"UNIQUE_LOOTCHEST_CONQUEROR_SEASON_BIG_CRYSTAL_3_PH";"UNIQUE_LOOTCHEST_CONQUEROR_SEASON_BIG_CRYSTAL_3_PH";"[T0] UNIQUE_LOOTCHEST_CONQUEROR_SEASON_BIG_CRYSTAL_3_PH";"";"";"";"";"";"";""
"Other";"";"";"UNIQUE_LOOTCHEST_CONQUEROR_SEASON_BIG_CRYSTAL_3_S22";"UNIQUE_LOOTCHEST_CONQUEROR_SEASON_BIG_CRYSTAL_3_S22";"[T0] UNIQUE_LOOTCHEST_CONQUEROR_SEASON_BIG_CRYSTAL_3_S22";"";"";"";"";"";"";""
"Other";"";"";"UNIQUE_LOOTCHEST_CONQUEROR_SEASON_BIG_CRYSTAL_3_S23";"UNIQUE_LOOTCHEST_CONQUEROR_SEASON_BIG_CRYSTAL_3_S23";"[T0] UNIQUE_LOOTCHEST_CONQUEROR_SEASON_BIG_CRYSTAL_3_S23";"";"";"";"";"";"";""
"Other";"";"";"UNIQUE_LOOTCHEST_CONQUEROR_SEASON_BIG_CRYSTAL_3_S24";"UNIQUE_LOOTCHEST_CONQUEROR_SEASON_BIG_CRYSTAL_3_S24";"[T0] UNIQUE_LOOTCHEST_CONQUEROR_SEASON_BIG_CRYSTAL_3_S24";"";"";"";"";"";"";""
"Other";"";"";"UNIQUE_LOOTCHEST_CONQUEROR_SEASON_BIG_CRYSTAL_3_S25";"UNIQUE_LOOTCHEST_CONQUEROR_SEASON_BIG_CRYSTAL_3_S25";"[T0] UNIQUE_LOOTCHEST_CONQUEROR_SEASON_BIG_CRYSTAL_3_S25";"";"";"";"";"";"";""
"Other";"";"";"UNIQUE_LOOTCHEST_CONQUEROR_SEASON_BIG_CRYSTAL_3_S26";"UNIQUE_LOOTCHEST_CONQUEROR_SEASON_BIG_CRYSTAL_3_S26";"[T0] UNIQUE_LOOTCHEST_CONQUEROR_SEASON_BIG_CRYSTAL_3_S26";"";"";"";"";"";"";""
"Other";"";"";"UNIQUE_LOOTCHEST_CONQUEROR_SEASON_BIG_CRYSTAL_5_PH";"UNIQUE_LOOTCHEST_CONQUEROR_SEASON_BIG_CRYSTAL_5_PH";"[T0] UNIQUE_LOOTCHEST_CONQUEROR_SEASON_BIG_CRYSTAL_5_PH";"";"";"";"";"";"";""
"Other";"";"";"UNIQUE_LOOTCHEST_CONQUEROR_SEASON_BIG_CRYSTAL_5_S22";"UNIQUE_LOOTCHEST_CONQUEROR_SEASON_BIG_CRYSTAL_5_S22";"[T0] UNIQUE_LOOTCHEST_CONQUEROR_SEASON_BIG_CRYSTAL_5_S22";"";"";"";"";"";"";""
"Other";"";"";"UNIQUE_LOOTCHEST_CONQUEROR_SEASON_BIG_CRYSTAL_5_S23";"UNIQUE_LOOTCHEST_CONQUEROR_SEASON_BIG_CRYSTAL_5_S23";"[T0] UNIQUE_LOOTCHEST_CONQUEROR_SEASON_BIG_CRYSTAL_5_S23";"";"";"";"";"";"";""
"Other";"";"";"UNIQUE_LOOTCHEST_CONQUEROR_SEASON_BIG_CRYSTAL_5_S24";"UNIQUE_LOOTCHEST_CONQUEROR_SEASON_BIG_CRYSTAL_5_S24";"[T0] UNIQUE_LOOTCHEST_CONQUEROR_SEASON_BIG_CRYSTAL_5_S24";"";"";"";"";"";"";""
"Other";"";"";"UNIQUE_LOOTCHEST_CONQUEROR_SEASON_BIG_CRYSTAL_5_S25";"UNIQUE_LOOTCHEST_CONQUEROR_SEASON_BIG_CRYSTAL_5_S25";"[T0] UNIQUE_LOOTCHEST_CONQUEROR_SEASON_BIG_CRYSTAL_5_S25";"";"";"";"";"";"";""
"Other";"";"";"UNIQUE_LOOTCHEST_CONQUEROR_SEASON_BIG_CRYSTAL_5_S26";"UNIQUE_LOOTCHEST_CONQUEROR_SEASON_BIG_CRYSTAL_5_S26";"[T0] UNIQUE_LOOTCHEST_CONQUEROR_SEASON_BIG_CRYSTAL_5_S26";"";"";"";"";"";"";""
"Other";"";"";"UNIQUE_LOOTCHEST_CONQUEROR_SEASON_BIG_CRYSTAL_REST_PH";"UNIQUE_LOOTCHEST_CONQUEROR_SEASON_BIG_CRYSTAL_REST_PH";"[T0] UNIQUE_LOOTCHEST_CONQUEROR_SEASON_BIG_CRYSTAL_REST_PH";"";"";"";"";"";"";""
"Other";"";"";"UNIQUE_LOOTCHEST_CONQUEROR_SEASON_BIG_CRYSTAL_REST_S22";"UNIQUE_LOOTCHEST_CONQUEROR_SEASON_BIG_CRYSTAL_REST_S22";"[T0] UNIQUE_LOOTCHEST_CONQUEROR_SEASON_BIG_CRYSTAL_REST_S22";"";"";"";"";"";"";""
"Other";"";"";"UNIQUE_LOOTCHEST_CONQUEROR_SEASON_BIG_CRYSTAL_REST_S23";"UNIQUE_LOOTCHEST_CONQUEROR_SEASON_BIG_CRYSTAL_REST_S23";"[T0] UNIQUE_LOOTCHEST_CONQUEROR_SEASON_BIG_CRYSTAL_REST_S23";"";"";"";"";"";"";""
"Other";"";"";"UNIQUE_LOOTCHEST_CONQUEROR_SEASON_BIG_CRYSTAL_REST_S24";"UNIQUE_LOOTCHEST_CONQUEROR_SEASON_BIG_CRYSTAL_REST_S24";"[T0] UNIQUE_LOOTCHEST_CONQUEROR_SEASON_BIG_CRYSTAL_REST_S24";"";"";"";"";"";"";""
"Other";"";"";"UNIQUE_LOOTCHEST_CONQUEROR_SEASON_BIG_CRYSTAL_REST_S25";"UNIQUE_LOOTCHEST_CONQUEROR_SEASON_BIG_CRYSTAL_REST_S25";"[T0] UNIQUE_LOOTCHEST_CONQUEROR_SEASON_BIG_CRYSTAL_REST_S25";"";"";"";"";"";"";""
"Other";"";"";"UNIQUE_LOOTCHEST_CONQUEROR_SEASON_BIG_CRYSTAL_REST_S26";"UNIQUE_LOOTCHEST_CONQUEROR_SEASON_BIG_CRYSTAL_REST_S26";"[T0] UNIQUE_LOOTCHEST_CONQUEROR_SEASON_BIG_CRYSTAL_REST_S26";"";"";"";"";"";"";""
"Other";"";"";"UNIQUE_LOOTCHEST_CONQUEROR_SEASON_BIG_GOLD_10_PH";"UNIQUE_LOOTCHEST_CONQUEROR_SEASON_BIG_GOLD_10_PH";"[T0] UNIQUE_LOOTCHEST_CONQUEROR_SEASON_BIG_GOLD_10_PH";"";"";"";"";"";"";""
"Other";"";"";"UNIQUE_LOOTCHEST_CONQUEROR_SEASON_BIG_GOLD_10_S22";"UNIQUE_LOOTCHEST_CONQUEROR_SEASON_BIG_GOLD_10_S22";"[T0] UNIQUE_LOOTCHEST_CONQUEROR_SEASON_BIG_GOLD_10_S22";"";"";"";"";"";"";""
"Other";"";"";"UNIQUE_LOOTCHEST_CONQUEROR_SEASON_BIG_GOLD_10_S23";"UNIQUE_LOOTCHEST_CONQUEROR_SEASON_BIG_GOLD_10_S23";"[T0] UNIQUE_LOOTCHEST_CONQUEROR_SEASON_BIG_GOLD_10_S23";"";"";"";"";"";"";""
"Other";"";"";"UNIQUE_LOOTCHEST_CONQUEROR_SEASON_BIG_GOLD_10_S24";"UNIQUE_LOOTCHEST_CONQUEROR_SEASON_BIG_GOLD_10_S24";"[T0] UNIQUE_LOOTCHEST_CONQUEROR_SEASON_BIG_GOLD_10_S24";"";"";"";"";"";"";""
"Other";"";"";"UNIQUE_LOOTCHEST_CONQUEROR_SEASON_BIG_GOLD_10_S25";"UNIQUE_LOOTCHEST_CONQUEROR_SEASON_BIG_GOLD_10_S25";"[T0] UNIQUE_LOOTCHEST_CONQUEROR_SEASON_BIG_GOLD_10_S25";"";"";"";"";"";"";""
"Other";"";"";"UNIQUE_LOOTCHEST_CONQUEROR_SEASON_BIG_GOLD_10_S26";"UNIQUE_LOOTCHEST_CONQUEROR_SEASON_BIG_GOLD_10_S26";"[T0] UNIQUE_LOOTCHEST_CONQUEROR_SEASON_BIG_GOLD_10_S26";"";"";"";"";"";"";""
"Other";"";"";"UNIQUE_LOOTCHEST_CONQUEROR_SEASON_BIG_GOLD_25_PH";"UNIQUE_LOOTCHEST_CONQUEROR_SEASON_BIG_GOLD_25_PH";"[T0] UNIQUE_LOOTCHEST_CONQUEROR_SEASON_BIG_GOLD_25_PH";"";"";"";"";"";"";""
"Other";"";"";"UNIQUE_LOOTCHEST_CONQUEROR_SEASON_BIG_GOLD_25_S22";"UNIQUE_LOOTCHEST_CONQUEROR_SEASON_BIG_GOLD_25_S22";"[T0] UNIQUE_LOOTCHEST_CONQUEROR_SEASON_BIG_GOLD_25_S22";"";"";"";"";"";"";""
"Other";"";"";"UNIQUE_LOOTCHEST_CONQUEROR_SEASON_BIG_GOLD_25_S23";"UNIQUE_LOOTCHEST_CONQUEROR_SEASON_BIG_GOLD_25_S23";"[T0] UNIQUE_LOOTCHEST_CONQUEROR_SEASON_BIG_GOLD_25_S23";"";"";"";"";"";"";""
"Other";"";"";"UNIQUE_LOOTCHEST_CONQUEROR_SEASON_BIG_GOLD_25_S24";"UNIQUE_LOOTCHEST_CONQUEROR_SEASON_BIG_GOLD_25_S24";"[T0] UNIQUE_LOOTCHEST_CONQUEROR_SEASON_BIG_GOLD_25_S24";"";"";"";"";"";"";""
"Other";"";"";"UNIQUE_LOOTCHEST_CONQUEROR_SEASON_BIG_GOLD_25_S25";"UNIQUE_LOOTCHEST_CONQUEROR_SEASON_BIG_GOLD_25_S25";"[T0] UNIQUE_LOOTCHEST_CONQUEROR_SEASON_BIG_GOLD_25_S25";"";"";"";"";"";"";""
"Other";"";"";"UNIQUE_LOOTCHEST_CONQUEROR_SEASON_BIG_GOLD_25_S26";"UNIQUE_LOOTCHEST_CONQUEROR_SEASON_BIG_GOLD_25_S26";"[T0] UNIQUE_LOOTCHEST_CONQUEROR_SEASON_BIG_GOLD_25_S26";"";"";"";"";"";"";""
"Other";"";"";"UNIQUE_LOOTCHEST_CONQUEROR_SEASON_BIG_GOLD_50_PH";"UNIQUE_LOOTCHEST_CONQUEROR_SEASON_BIG_GOLD_50_PH";"[T0] UNIQUE_LOOTCHEST_CONQUEROR_SEASON_BIG_GOLD_50_PH";"";"";"";"";"";"";""
"Other";"";"";"UNIQUE_LOOTCHEST_CONQUEROR_SEASON_BIG_GOLD_50_S22";"UNIQUE_LOOTCHEST_CONQUEROR_SEASON_BIG_GOLD_50_S22";"[T0] UNIQUE_LOOTCHEST_CONQUEROR_SEASON_BIG_GOLD_50_S22";"";"";"";"";"";"";""
"Other";"";"";"UNIQUE_LOOTCHEST_CONQUEROR_SEASON_BIG_GOLD_50_S23";"UNIQUE_LOOTCHEST_CONQUEROR_SEASON_BIG_GOLD_50_S23";"[T0] UNIQUE_LOOTCHEST_CONQUEROR_SEASON_BIG_GOLD_50_S23";"";"";"";"";"";"";""
"Other";"";"";"UNIQUE_LOOTCHEST_CONQUEROR_SEASON_BIG_GOLD_50_S24";"UNIQUE_LOOTCHEST_CONQUEROR_SEASON_BIG_GOLD_50_S24";"[T0] UNIQUE_LOOTCHEST_CONQUEROR_SEASON_BIG_GOLD_50_S24";"";"";"";"";"";"";""
"Other";"";"";"UNIQUE_LOOTCHEST_CONQUEROR_SEASON_BIG_GOLD_50_S25";"UNIQUE_LOOTCHEST_CONQUEROR_SEASON_BIG_GOLD_50_S25";"[T0] UNIQUE_LOOTCHEST_CONQUEROR_SEASON_BIG_GOLD_50_S25";"";"";"";"";"";"";""
"Other";"";"";"UNIQUE_LOOTCHEST_CONQUEROR_SEASON_BIG_GOLD_50_S26";"UNIQUE_LOOTCHEST_CONQUEROR_SEASON_BIG_GOLD_50_S26";"[T0] UNIQUE_LOOTCHEST_CONQUEROR_SEASON_BIG_GOLD_50_S26";"";"";"";"";"";"";""
"Other";"";"";"UNIQUE_LOOTCHEST_CONQUEROR_SEASON_BIG_GOLD_REST_PH";"UNIQUE_LOOTCHEST_CONQUEROR_SEASON_BIG_GOLD_REST_PH";"[T0] UNIQUE_LOOTCHEST_CONQUEROR_SEASON_BIG_GOLD_REST_PH";"";"";"";"";"";"";""
"Other";"";"";"UNIQUE_LOOTCHEST_CONQUEROR_SEASON_BIG_GOLD_REST_S22";"UNIQUE_LOOTCHEST_CONQUEROR_SEASON_BIG_GOLD_REST_S22";"[T0] UNIQUE_LOOTCHEST_CONQUEROR_SEASON_BIG_GOLD_REST_S22";"";"";"";"";"";"";""
"Other";"";"";"UNIQUE_LOOTCHEST_CONQUEROR_SEASON_BIG_GOLD_REST_S23";"UNIQUE_LOOTCHEST_CONQUEROR_SEASON_BIG_GOLD_REST_S23";"[T0] UNIQUE_LOOTCHEST_CONQUEROR_SEASON_BIG_GOLD_REST_S23";"";"";"";"";"";"";""
"Other";"";"";"UNIQUE_LOOTCHEST_CONQUEROR_SEASON_BIG_GOLD_REST_S24";"UNIQUE_LOOTCHEST_CONQUEROR_SEASON_BIG_GOLD_REST_S24";"[T0] UNIQUE_LOOTCHEST_CONQUEROR_SEASON_BIG_GOLD_REST_S24";"";"";"";"";"";"";""
"Other";"";"";"UNIQUE_LOOTCHEST_CONQUEROR_SEASON_BIG_GOLD_REST_S25";"UNIQUE_LOOTCHEST_CONQUEROR_SEASON_BIG_GOLD_REST_S25";"[T0] UNIQUE_LOOTCHEST_CONQUEROR_SEASON_BIG_GOLD_REST_S25";"";"";"";"";"";"";""
"Other";"";"";"UNIQUE_LOOTCHEST_CONQUEROR_SEASON_BIG_GOLD_REST_S26";"UNIQUE_LOOTCHEST_CONQUEROR_SEASON_BIG_GOLD_REST_S26";"[T0] UNIQUE_LOOTCHEST_CONQUEROR_SEASON_BIG_GOLD_REST_S26";"";"";"";"";"";"";""
"Other";"";"";"UNIQUE_LOOTCHEST_CONQUEROR_SEASON_BIG_IRON_REST_PH";"UNIQUE_LOOTCHEST_CONQUEROR_SEASON_BIG_IRON_REST_PH";"[T0] UNIQUE_LOOTCHEST_CONQUEROR_SEASON_BIG_IRON_REST_PH";"";"";"";"";"";"";""
"Other";"";"";"UNIQUE_LOOTCHEST_CONQUEROR_SEASON_BIG_IRON_REST_S22";"UNIQUE_LOOTCHEST_CONQUEROR_SEASON_BIG_IRON_REST_S22";"[T0] UNIQUE_LOOTCHEST_CONQUEROR_SEASON_BIG_IRON_REST_S22";"";"";"";"";"";"";""
"Other";"";"";"UNIQUE_LOOTCHEST_CONQUEROR_SEASON_BIG_IRON_REST_S23";"UNIQUE_LOOTCHEST_CONQUEROR_SEASON_BIG_IRON_REST_S23";"[T0] UNIQUE_LOOTCHEST_CONQUEROR_SEASON_BIG_IRON_REST_S23";"";"";"";"";"";"";""
"Other";"";"";"UNIQUE_LOOTCHEST_CONQUEROR_SEASON_BIG_IRON_REST_S24";"UNIQUE_LOOTCHEST_CONQUEROR_SEASON_BIG_IRON_REST_S24";"[T0] UNIQUE_LOOTCHEST_CONQUEROR_SEASON_BIG_IRON_REST_S24";"";"";"";"";"";"";""
"Other";"";"";"UNIQUE_LOOTCHEST_CONQUEROR_SEASON_BIG_IRON_REST_S25";"UNIQUE_LOOTCHEST_CONQUEROR_SEASON_BIG_IRON_REST_S25";"[T0] UNIQUE_LOOTCHEST_CONQUEROR_SEASON_BIG_IRON_REST_S25";"";"";"";"";"";"";""
"Other";"";"";"UNIQUE_LOOTCHEST_CONQUEROR_SEASON_BIG_IRON_REST_S26";"UNIQUE_LOOTCHEST_CONQUEROR_SEASON_BIG_IRON_REST_S26";"[T0] UNIQUE_LOOTCHEST_CONQUEROR_SEASON_BIG_IRON_REST_S26";"";"";"";"";"";"";""
"Other";"";"";"UNIQUE_LOOTCHEST_CONQUEROR_SEASON_BIG_SILVER_150_PH";"UNIQUE_LOOTCHEST_CONQUEROR_SEASON_BIG_SILVER_150_PH";"[T0] UNIQUE_LOOTCHEST_CONQUEROR_SEASON_BIG_SILVER_150_PH";"";"";"";"";"";"";""
"Other";"";"";"UNIQUE_LOOTCHEST_CONQUEROR_SEASON_BIG_SILVER_150_S22";"UNIQUE_LOOTCHEST_CONQUEROR_SEASON_BIG_SILVER_150_S22";"[T0] UNIQUE_LOOTCHEST_CONQUEROR_SEASON_BIG_SILVER_150_S22";"";"";"";"";"";"";""
"Other";"";"";"UNIQUE_LOOTCHEST_CONQUEROR_SEASON_BIG_SILVER_150_S23";"UNIQUE_LOOTCHEST_CONQUEROR_SEASON_BIG_SILVER_150_S23";"[T0] UNIQUE_LOOTCHEST_CONQUEROR_SEASON_BIG_SILVER_150_S23";"";"";"";"";"";"";""
"Other";"";"";"UNIQUE_LOOTCHEST_CONQUEROR_SEASON_BIG_SILVER_150_S24";"UNIQUE_LOOTCHEST_CONQUEROR_SEASON_BIG_SILVER_150_S24";"[T0] UNIQUE_LOOTCHEST_CONQUEROR_SEASON_BIG_SILVER_150_S24";"";"";"";"";"";"";""
"Other";"";"";"UNIQUE_LOOTCHEST_CONQUEROR_SEASON_BIG_SILVER_150_S25";"UNIQUE_LOOTCHEST_CONQUEROR_SEASON_BIG_SILVER_150_S25";"[T0] UNIQUE_LOOTCHEST_CONQUEROR_SEASON_BIG_SILVER_150_S25";"";"";"";"";"";"";""
"Other";"";"";"UNIQUE_LOOTCHEST_CONQUEROR_SEASON_BIG_SILVER_150_S26";"UNIQUE_LOOTCHEST_CONQUEROR_SEASON_BIG_SILVER_150_S26";"[T0] UNIQUE_LOOTCHEST_CONQUEROR_SEASON_BIG_SILVER_150_S26";"";"";"";"";"";"";""
"Other";"";"";"UNIQUE_LOOTCHEST_CONQUEROR_SEASON_BIG_SILVER_25_PH";"UNIQUE_LOOTCHEST_CONQUEROR_SEASON_BIG_SILVER_25_PH";"[T0] UNIQUE_LOOTCHEST_CONQUEROR_SEASON_BIG_SILVER_25_PH";"";"";"";"";"";"";""
"Other";"";"";"UNIQUE_LOOTCHEST_CONQUEROR_SEASON_BIG_SILVER_25_S22";"UNIQUE_LOOTCHEST_CONQUEROR_SEASON_BIG_SILVER_25_S22";"[T0] UNIQUE_LOOTCHEST_CONQUEROR_SEASON_BIG_SILVER_25_S22";"";"";"";"";"";"";""
"Other";"";"";"UNIQUE_LOOTCHEST_CONQUEROR_SEASON_BIG_SILVER_25_S23";"UNIQUE_LOOTCHEST_CONQUEROR_SEASON_BIG_SILVER_25_S23";"[T0] UNIQUE_LOOTCHEST_CONQUEROR_SEASON_BIG_SILVER_25_S23";"";"";"";"";"";"";""
"Other";"";"";"UNIQUE_LOOTCHEST_CONQUEROR_SEASON_BIG_SILVER_25_S24";"UNIQUE_LOOTCHEST_CONQUEROR_SEASON_BIG_SILVER_25_S24";"[T0] UNIQUE_LOOTCHEST_CONQUEROR_SEASON_BIG_SILVER_25_S24";"";"";"";"";"";"";""
"Other";"";"";"UNIQUE_LOOTCHEST_CONQUEROR_SEASON_BIG_SILVER_25_S25";"UNIQUE_LOOTCHEST_CONQUEROR_SEASON_BIG_SILVER_25_S25";"[T0] UNIQUE_LOOTCHEST_CONQUEROR_SEASON_BIG_SILVER_25_S25";"";"";"";"";"";"";""
"Other";"";"";"UNIQUE_LOOTCHEST_CONQUEROR_SEASON_BIG_SILVER_25_S26";"UNIQUE_LOOTCHEST_CONQUEROR_SEASON_BIG_SILVER_25_S26";"[T0] UNIQUE_LOOTCHEST_CONQUEROR_SEASON_BIG_SILVER_25_S26";"";"";"";"";"";"";""
"Other";"";"";"UNIQUE_LOOTCHEST_CONQUEROR_SEASON_BIG_SILVER_75_PH";"UNIQUE_LOOTCHEST_CONQUEROR_SEASON_BIG_SILVER_75_PH";"[T0] UNIQUE_LOOTCHEST_CONQUEROR_SEASON_BIG_SILVER_75_PH";"";"";"";"";"";"";""
"Other";"";"";"UNIQUE_LOOTCHEST_CONQUEROR_SEASON_BIG_SILVER_75_S22";"UNIQUE_LOOTCHEST_CONQUEROR_SEASON_BIG_SILVER_75_S22";"[T0] UNIQUE_LOOTCHEST_CONQUEROR_SEASON_BIG_SILVER_75_S22";"";"";"";"";"";"";""
"Other";"";"";"UNIQUE_LOOTCHEST_CONQUEROR_SEASON_BIG_SILVER_75_S23";"UNIQUE_LOOTCHEST_CONQUEROR_SEASON_BIG_SILVER_75_S23";"[T0] UNIQUE_LOOTCHEST_CONQUEROR_SEASON_BIG_SILVER_75_S23";"";"";"";"";"";"";""
"Other";"";"";"UNIQUE_LOOTCHEST_CONQUEROR_SEASON_BIG_SILVER_75_S24";"UNIQUE_LOOTCHEST_CONQUEROR_SEASON_BIG_SILVER_75_S24";"[T0] UNIQUE_LOOTCHEST_CONQUEROR_SEASON_BIG_SILVER_75_S24";"";"";"";"";"";"";""
"Other";"";"";"UNIQUE_LOOTCHEST_CONQUEROR_SEASON_BIG_SILVER_75_S25";"UNIQUE_LOOTCHEST_CONQUEROR_SEASON_BIG_SILVER_75_S25";"[T0] UNIQUE_LOOTCHEST_CONQUEROR_SEASON_BIG_SILVER_75_S25";"";"";"";"";"";"";""
"Other";"";"";"UNIQUE_LOOTCHEST_CONQUEROR_SEASON_BIG_SILVER_75_S26";"UNIQUE_LOOTCHEST_CONQUEROR_SEASON_BIG_SILVER_75_S26";"[T0] UNIQUE_LOOTCHEST_CONQUEROR_SEASON_BIG_SILVER_75_S26";"";"";"";"";"";"";""
"Other";"";"";"UNIQUE_LOOTCHEST_CONQUEROR_SEASON_BIG_SILVER_REST_PH";"UNIQUE_LOOTCHEST_CONQUEROR_SEASON_BIG_SILVER_REST_PH";"[T0] UNIQUE_LOOTCHEST_CONQUEROR_SEASON_BIG_SILVER_REST_PH";"";"";"";"";"";"";""
"Other";"";"";"UNIQUE_LOOTCHEST_CONQUEROR_SEASON_BIG_SILVER_REST_S22";"UNIQUE_LOOTCHEST_CONQUEROR_SEASON_BIG_SILVER_REST_S22";"[T0] UNIQUE_LOOTCHEST_CONQUEROR_SEASON_BIG_SILVER_REST_S22";"";"";"";"";"";"";""
"Other";"";"";"UNIQUE_LOOTCHEST_CONQUEROR_SEASON_BIG_SILVER_REST_S23";"UNIQUE_LOOTCHEST_CONQUEROR_SEASON_BIG_SILVER_REST_S23";"[T0] UNIQUE_LOOTCHEST_CONQUEROR_SEASON_BIG_SILVER_REST_S23";"";"";"";"";"";"";""
"Other";"";"";"UNIQUE_LOOTCHEST_CONQUEROR_SEASON_BIG_SILVER_REST_S24";"UNIQUE_LOOTCHEST_CONQUEROR_SEASON_BIG_SILVER_REST_S24";"[T0] UNIQUE_LOOTCHEST_CONQUEROR_SEASON_BIG_SILVER_REST_S24";"";"";"";"";"";"";""
"Other";"";"";"UNIQUE_LOOTCHEST_CONQUEROR_SEASON_BIG_SILVER_REST_S25";"UNIQUE_LOOTCHEST_CONQUEROR_SEASON_BIG_SILVER_REST_S25";"[T0] UNIQUE_LOOTCHEST_CONQUEROR_SEASON_BIG_SILVER_REST_S25";"";"";"";"";"";"";""
"Other";"";"";"UNIQUE_LOOTCHEST_CONQUEROR_SEASON_BIG_SILVER_REST_S26";"UNIQUE_LOOTCHEST_CONQUEROR_SEASON_BIG_SILVER_REST_S26";"[T0] UNIQUE_LOOTCHEST_CONQUEROR_SEASON_BIG_SILVER_REST_S26";"";"";"";"";"";"";""
"Other";"";"";"UNIQUE_LOOTCHEST_CONQUEROR_SEASON_MEDIUM_BRONZE_125_PH";"UNIQUE_LOOTCHEST_CONQUEROR_SEASON_MEDIUM_BRONZE_125_PH";"[T0] UNIQUE_LOOTCHEST_CONQUEROR_SEASON_MEDIUM_BRONZE_125_PH";"";"";"";"";"";"";""
"Other";"";"";"UNIQUE_LOOTCHEST_CONQUEROR_SEASON_MEDIUM_BRONZE_125_S22";"UNIQUE_LOOTCHEST_CONQUEROR_SEASON_MEDIUM_BRONZE_125_S22";"[T0] UNIQUE_LOOTCHEST_CONQUEROR_SEASON_MEDIUM_BRONZE_125_S22";"";"";"";"";"";"";""
"Other";"";"";"UNIQUE_LOOTCHEST_CONQUEROR_SEASON_MEDIUM_BRONZE_125_S23";"UNIQUE_LOOTCHEST_CONQUEROR_SEASON_MEDIUM_BRONZE_125_S23";"[T0] UNIQUE_LOOTCHEST_CONQUEROR_SEASON_MEDIUM_BRONZE_125_S23";"";"";"";"";"";"";""
"Other";"";"";"UNIQUE_LOOTCHEST_CONQUEROR_SEASON_MEDIUM_BRONZE_125_S24";"UNIQUE_LOOTCHEST_CONQUEROR_SEASON_MEDIUM_BRONZE_125_S24";"[T0] UNIQUE_LOOTCHEST_CONQUEROR_SEASON_MEDIUM_BRONZE_125_S24";"";"";"";"";"";"";""
"Other";"";"";"UNIQUE_LOOTCHEST_CONQUEROR_SEASON_MEDIUM_BRONZE_125_S25";"UNIQUE_LOOTCHEST_CONQUEROR_SEASON_MEDIUM_BRONZE_125_S25";"[T0] UNIQUE_LOOTCHEST_CONQUEROR_SEASON_MEDIUM_BRONZE_125_S25";"";"";"";"";"";"";""
"Other";"";"";"UNIQUE_LOOTCHEST_CONQUEROR_SEASON_MEDIUM_BRONZE_125_S26";"UNIQUE_LOOTCHEST_CONQUEROR_SEASON_MEDIUM_BRONZE_125_S26";"[T0] UNIQUE_LOOTCHEST_CONQUEROR_SEASON_MEDIUM_BRONZE_125_S26";"";"";"";"";"";"";""
"Other";"";"";"UNIQUE_LOOTCHEST_CONQUEROR_SEASON_MEDIUM_BRONZE_250_PH";"UNIQUE_LOOTCHEST_CONQUEROR_SEASON_MEDIUM_BRONZE_250_PH";"[T0] UNIQUE_LOOTCHEST_CONQUEROR_SEASON_MEDIUM_BRONZE_250_PH";"";"";"";"";"";"";""
"Other";"";"";"UNIQUE_LOOTCHEST_CONQUEROR_SEASON_MEDIUM_BRONZE_250_S22";"UNIQUE_LOOTCHEST_CONQUEROR_SEASON_MEDIUM_BRONZE_250_S22";"[T0] UNIQUE_LOOTCHEST_CONQUEROR_SEASON_MEDIUM_BRONZE_250_S22";"";"";"";"";"";"";""
"Other";"";"";"UNIQUE_LOOTCHEST_CONQUEROR_SEASON_MEDIUM_BRONZE_250_S23";"UNIQUE_LOOTCHEST_CONQUEROR_SEASON_MEDIUM_BRONZE_250_S23";"[T0] UNIQUE_LOOTCHEST_CONQUEROR_SEASON_MEDIUM_BRONZE_250_S23";"";"";"";"";"";"";""
"Other";"";"";"UNIQUE_LOOTCHEST_CONQUEROR_SEASON_MEDIUM_BRONZE_250_S24";"UNIQUE_LOOTCHEST_CONQUEROR_SEASON_MEDIUM_BRONZE_250_S24";"[T0] UNIQUE_LOOTCHEST_CONQUEROR_SEASON_MEDIUM_BRONZE_250_S24";"";"";"";"";"";"";""
"Other";"";"";"UNIQUE_LOOTCHEST_CONQUEROR_SEASON_MEDIUM_BRONZE_250_S25";"UNIQUE_LOOTCHEST_CONQUEROR_SEASON_MEDIUM_BRONZE_250_S25";"[T0] UNIQUE_LOOTCHEST_CONQUEROR_SEASON_MEDIUM_BRONZE_250_S25";"";"";"";"";"";"";""
"Other";"";"";"UNIQUE_LOOTCHEST_CONQUEROR_SEASON_MEDIUM_BRONZE_250_S26";"UNIQUE_LOOTCHEST_CONQUEROR_SEASON_MEDIUM_BRONZE_250_S26";"[T0] UNIQUE_LOOTCHEST_CONQUEROR_SEASON_MEDIUM_BRONZE_250_S26";"";"";"";"";"";"";""
"Other";"";"";"UNIQUE_LOOTCHEST_CONQUEROR_SEASON_MEDIUM_BRONZE_50_PH";"UNIQUE_LOOTCHEST_CONQUEROR_SEASON_MEDIUM_BRONZE_50_PH";"[T0] UNIQUE_LOOTCHEST_CONQUEROR_SEASON_MEDIUM_BRONZE_50_PH";"";"";"";"";"";"";""
"Other";"";"";"UNIQUE_LOOTCHEST_CONQUEROR_SEASON_MEDIUM_BRONZE_50_S22";"UNIQUE_LOOTCHEST_CONQUEROR_SEASON_MEDIUM_BRONZE_50_S22";"[T0] UNIQUE_LOOTCHEST_CONQUEROR_SEASON_MEDIUM_BRONZE_50_S22";"";"";"";"";"";"";""
"Other";"";"";"UNIQUE_LOOTCHEST_CONQUEROR_SEASON_MEDIUM_BRONZE_50_S23";"UNIQUE_LOOTCHEST_CONQUEROR_SEASON_MEDIUM_BRONZE_50_S23";"[T0] UNIQUE_LOOTCHEST_CONQUEROR_SEASON_MEDIUM_BRONZE_50_S23";"";"";"";"";"";"";""
"Other";"";"";"UNIQUE_LOOTCHEST_CONQUEROR_SEASON_MEDIUM_BRONZE_50_S24";"UNIQUE_LOOTCHEST_CONQUEROR_SEASON_MEDIUM_BRONZE_50_S24";"[T0] UNIQUE_LOOTCHEST_CONQUEROR_SEASON_MEDIUM_BRONZE_50_S24";"";"";"";"";"";"";""
"Other";"";"";"UNIQUE_LOOTCHEST_CONQUEROR_SEASON_MEDIUM_BRONZE_50_S25";"UNIQUE_LOOTCHEST_CONQUEROR_SEASON_MEDIUM_BRONZE_50_S25";"[T0] UNIQUE_LOOTCHEST_CONQUEROR_SEASON_MEDIUM_BRONZE_50_S25";"";"";"";"";"";"";""
"Other";"";"";"UNIQUE_LOOTCHEST_CONQUEROR_SEASON_MEDIUM_BRONZE_50_S26";"UNIQUE_LOOTCHEST_CONQUEROR_SEASON_MEDIUM_BRONZE_50_S26";"[T0] UNIQUE_LOOTCHEST_CONQUEROR_SEASON_MEDIUM_BRONZE_50_S26";"";"";"";"";"";"";""
"Other";"";"";"UNIQUE_LOOTCHEST_CONQUEROR_SEASON_MEDIUM_BRONZE_500_PH";"UNIQUE_LOOTCHEST_CONQUEROR_SEASON_MEDIUM_BRONZE_500_PH";"[T0] UNIQUE_LOOTCHEST_CONQUEROR_SEASON_MEDIUM_BRONZE_500_PH";"";"";"";"";"";"";""
"Other";"";"";"UNIQUE_LOOTCHEST_CONQUEROR_SEASON_MEDIUM_BRONZE_500_S22";"UNIQUE_LOOTCHEST_CONQUEROR_SEASON_MEDIUM_BRONZE_500_S22";"[T0] UNIQUE_LOOTCHEST_CONQUEROR_SEASON_MEDIUM_BRONZE_500_S22";"";"";"";"";"";"";""
"Other";"";"";"UNIQUE_LOOTCHEST_CONQUEROR_SEASON_MEDIUM_BRONZE_500_S23";"UNIQUE_LOOTCHEST_CONQUEROR_SEASON_MEDIUM_BRONZE_500_S23";"[T0] UNIQUE_LOOTCHEST_CONQUEROR_SEASON_MEDIUM_BRONZE_500_S23";"";"";"";"";"";"";""
"Other";"";"";"UNIQUE_LOOTCHEST_CONQUEROR_SEASON_MEDIUM_BRONZE_500_S24";"UNIQUE_LOOTCHEST_CONQUEROR_SEASON_MEDIUM_BRONZE_500_S24";"[T0] UNIQUE_LOOTCHEST_CONQUEROR_SEASON_MEDIUM_BRONZE_500_S24";"";"";"";"";"";"";""
"Other";"";"";"UNIQUE_LOOTCHEST_CONQUEROR_SEASON_MEDIUM_BRONZE_500_S25";"UNIQUE_LOOTCHEST_CONQUEROR_SEASON_MEDIUM_BRONZE_500_S25";"[T0] UNIQUE_LOOTCHEST_CONQUEROR_SEASON_MEDIUM_BRONZE_500_S25";"";"";"";"";"";"";""
"Other";"";"";"UNIQUE_LOOTCHEST_CONQUEROR_SEASON_MEDIUM_BRONZE_500_S26";"UNIQUE_LOOTCHEST_CONQUEROR_SEASON_MEDIUM_BRONZE_500_S26";"[T0] UNIQUE_LOOTCHEST_CONQUEROR_SEASON_MEDIUM_BRONZE_500_S26";"";"";"";"";"";"";""
"Other";"";"";"UNIQUE_LOOTCHEST_CONQUEROR_SEASON_MEDIUM_BRONZE_REST_PH";"UNIQUE_LOOTCHEST_CONQUEROR_SEASON_MEDIUM_BRONZE_REST_PH";"[T0] UNIQUE_LOOTCHEST_CONQUEROR_SEASON_MEDIUM_BRONZE_REST_PH";"";"";"";"";"";"";""
"Other";"";"";"UNIQUE_LOOTCHEST_CONQUEROR_SEASON_MEDIUM_BRONZE_REST_S22";"UNIQUE_LOOTCHEST_CONQUEROR_SEASON_MEDIUM_BRONZE_REST_S22";"[T0] UNIQUE_LOOTCHEST_CONQUEROR_SEASON_MEDIUM_BRONZE_REST_S22";"";"";"";"";"";"";""
"Other";"";"";"UNIQUE_LOOTCHEST_CONQUEROR_SEASON_MEDIUM_BRONZE_REST_S23";"UNIQUE_LOOTCHEST_CONQUEROR_SEASON_MEDIUM_BRONZE_REST_S23";"[T0] UNIQUE_LOOTCHEST_CONQUEROR_SEASON_MEDIUM_BRONZE_REST_S23";"";"";"";"";"";"";""
"Other";"";"";"UNIQUE_LOOTCHEST_CONQUEROR_SEASON_MEDIUM_BRONZE_REST_S24";"UNIQUE_LOOTCHEST_CONQUEROR_SEASON_MEDIUM_BRONZE_REST_S24";"[T0] UNIQUE_LOOTCHEST_CONQUEROR_SEASON_MEDIUM_BRONZE_REST_S24";"";"";"";"";"";"";""
"Other";"";"";"UNIQUE_LOOTCHEST_CONQUEROR_SEASON_MEDIUM_BRONZE_REST_S25";"UNIQUE_LOOTCHEST_CONQUEROR_SEASON_MEDIUM_BRONZE_REST_S25";"[T0] UNIQUE_LOOTCHEST_CONQUEROR_SEASON_MEDIUM_BRONZE_REST_S25";"";"";"";"";"";"";""
"Other";"";"";"UNIQUE_LOOTCHEST_CONQUEROR_SEASON_MEDIUM_BRONZE_REST_S26";"UNIQUE_LOOTCHEST_CONQUEROR_SEASON_MEDIUM_BRONZE_REST_S26";"[T0] UNIQUE_LOOTCHEST_CONQUEROR_SEASON_MEDIUM_BRONZE_REST_S26";"";"";"";"";"";"";""
"Other";"";"";"UNIQUE_LOOTCHEST_CONQUEROR_SEASON_MEDIUM_CRYSTAL_1_PH";"UNIQUE_LOOTCHEST_CONQUEROR_SEASON_MEDIUM_CRYSTAL_1_PH";"[T0] UNIQUE_LOOTCHEST_CONQUEROR_SEASON_MEDIUM_CRYSTAL_1_PH";"";"";"";"";"";"";""
"Other";"";"";"UNIQUE_LOOTCHEST_CONQUEROR_SEASON_MEDIUM_CRYSTAL_1_S22";"UNIQUE_LOOTCHEST_CONQUEROR_SEASON_MEDIUM_CRYSTAL_1_S22";"[T0] UNIQUE_LOOTCHEST_CONQUEROR_SEASON_MEDIUM_CRYSTAL_1_S22";"";"";"";"";"";"";""
"Other";"";"";"UNIQUE_LOOTCHEST_CONQUEROR_SEASON_MEDIUM_CRYSTAL_1_S23";"UNIQUE_LOOTCHEST_CONQUEROR_SEASON_MEDIUM_CRYSTAL_1_S23";"[T0] UNIQUE_LOOTCHEST_CONQUEROR_SEASON_MEDIUM_CRYSTAL_1_S23";"";"";"";"";"";"";""
"Other";"";"";"UNIQUE_LOOTCHEST_CONQUEROR_SEASON_MEDIUM_CRYSTAL_1_S24";"UNIQUE_LOOTCHEST_CONQUEROR_SEASON_MEDIUM_CRYSTAL_1_S24";"[T0] UNIQUE_LOOTCHEST_CONQUEROR_SEASON_MEDIUM_CRYSTAL_1_S24";"";"";"";"";"";"";""
"Other";"";"";"UNIQUE_LOOTCHEST_CONQUEROR_SEASON_MEDIUM_CRYSTAL_1_S25";"UNIQUE_LOOTCHEST_CONQUEROR_SEASON_MEDIUM_CRYSTAL_1_S25";"[T0] UNIQUE_LOOTCHEST_CONQUEROR_SEASON_MEDIUM_CRYSTAL_1_S25";"";"";"";"";"";"";""
"Other";"";"";"UNIQUE_LOOTCHEST_CONQUEROR_SEASON_MEDIUM_CRYSTAL_1_S26";"UNIQUE_LOOTCHEST_CONQUEROR_SEASON_MEDIUM_CRYSTAL_1_S26";"[T0] UNIQUE_LOOTCHEST_CONQUEROR_SEASON_MEDIUM_CRYSTAL_1_S26";"";"";"";"";"";"";""
"Other";"";"";"UNIQUE_LOOTCHEST_CONQUEROR_SEASON_MEDIUM_CRYSTAL_10_PH";"UNIQUE_LOOTCHEST_CONQUEROR_SEASON_MEDIUM_CRYSTAL_10_PH";"[T0] UNIQUE_LOOTCHEST_CONQUEROR_SEASON_MEDIUM_CRYSTAL_10_PH";"";"";"";"";"";"";""
"Other";"";"";"UNIQUE_LOOTCHEST_CONQUEROR_SEASON_MEDIUM_CRYSTAL_10_S22";"UNIQUE_LOOTCHEST_CONQUEROR_SEASON_MEDIUM_CRYSTAL_10_S22";"[T0] UNIQUE_LOOTCHEST_CONQUEROR_SEASON_MEDIUM_CRYSTAL_10_S22";"";"";"";"";"";"";""
"Other";"";"";"UNIQUE_LOOTCHEST_CONQUEROR_SEASON_MEDIUM_CRYSTAL_10_S23";"UNIQUE_LOOTCHEST_CONQUEROR_SEASON_MEDIUM_CRYSTAL_10_S23";"[T0] UNIQUE_LOOTCHEST_CONQUEROR_SEASON_MEDIUM_CRYSTAL_10_S23";"";"";"";"";"";"";""
"Other";"";"";"UNIQUE_LOOTCHEST_CONQUEROR_SEASON_MEDIUM_CRYSTAL_10_S24";"UNIQUE_LOOTCHEST_CONQUEROR_SEASON_MEDIUM_CRYSTAL_10_S24";"[T0] UNIQUE_LOOTCHEST_CONQUEROR_SEASON_MEDIUM_CRYSTAL_10_S24";"";"";"";"";"";"";""
"Other";"";"";"UNIQUE_LOOTCHEST_CONQUEROR_SEASON_MEDIUM_CRYSTAL_10_S25";"UNIQUE_LOOTCHEST_CONQUEROR_SEASON_MEDIUM_CRYSTAL_10_S25";"[T0] UNIQUE_LOOTCHEST_CONQUEROR_SEASON_MEDIUM_CRYSTAL_10_S25";"";"";"";"";"";"";""
"Other";"";"";"UNIQUE_LOOTCHEST_CONQUEROR_SEASON_MEDIUM_CRYSTAL_10_S26";"UNIQUE_LOOTCHEST_CONQUEROR_SEASON_MEDIUM_CRYSTAL_10_S26";"[T0] UNIQUE_LOOTCHEST_CONQUEROR_SEASON_MEDIUM_CRYSTAL_10_S26";"";"";"";"";"";"";""
"Other";"";"";"UNIQUE_LOOTCHEST_CONQUEROR_SEASON_MEDIUM_CRYSTAL_2_PH";"UNIQUE_LOOTCHEST_CONQUEROR_SEASON_MEDIUM_CRYSTAL_2_PH";"[T0] UNIQUE_LOOTCHEST_CONQUEROR_SEASON_MEDIUM_CRYSTAL_2_PH";"";"";"";"";"";"";""
"Other";"";"";"UNIQUE_LOOTCHEST_CONQUEROR_SEASON_MEDIUM_CRYSTAL_2_S22";"UNIQUE_LOOTCHEST_CONQUEROR_SEASON_MEDIUM_CRYSTAL_2_S22";"[T0] UNIQUE_LOOTCHEST_CONQUEROR_SEASON_MEDIUM_CRYSTAL_2_S22";"";"";"";"";"";"";""
"Other";"";"";"UNIQUE_LOOTCHEST_CONQUEROR_SEASON_MEDIUM_CRYSTAL_2_S23";"UNIQUE_LOOTCHEST_CONQUEROR_SEASON_MEDIUM_CRYSTAL_2_S23";"[T0] UNIQUE_LOOTCHEST_CONQUEROR_SEASON_MEDIUM_CRYSTAL_2_S23";"";"";"";"";"";"";""
"Other";"";"";"UNIQUE_LOOTCHEST_CONQUEROR_SEASON_MEDIUM_CRYSTAL_2_S24";"UNIQUE_LOOTCHEST_CONQUEROR_SEASON_MEDIUM_CRYSTAL_2_S24";"[T0] UNIQUE_LOOTCHEST_CONQUEROR_SEASON_MEDIUM_CRYSTAL_2_S24";"";"";"";"";"";"";""
"Other";"";"";"UNIQUE_LOOTCHEST_CONQUEROR_SEASON_MEDIUM_CRYSTAL_2_S25";"UNIQUE_LOOTCHEST_CONQUEROR_SEASON_MEDIUM_CRYSTAL_2_S25";"[T0] UNIQUE_LOOTCHEST_CONQUEROR_SEASON_MEDIUM_CRYSTAL_2_S25";"";"";"";"";"";"";""
"Other";"";"";"UNIQUE_LOOTCHEST_CONQUEROR_SEASON_MEDIUM_CRYSTAL_2_S26";"UNIQUE_LOOTCHEST_CONQUEROR_SEASON_MEDIUM_CRYSTAL_2_S26";"[T0] UNIQUE_LOOTCHEST_CONQUEROR_SEASON_MEDIUM_CRYSTAL_2_S26";"";"";"";"";"";"";""
"Other";"";"";"UNIQUE_LOOTCHEST_CONQUEROR_SEASON_MEDIUM_CRYSTAL_3_PH";"UNIQUE_LOOTCHEST_CONQUEROR_SEASON_MEDIUM_CRYSTAL_3_PH";"[T0] UNIQUE_LOOTCHEST_CONQUEROR_SEASON_MEDIUM_CRYSTAL_3_PH";"";"";"";"";"";"";""
"Other";"";"";"UNIQUE_LOOTCHEST_CONQUEROR_SEASON_MEDIUM_CRYSTAL_3_S22";"UNIQUE_LOOTCHEST_CONQUEROR_SEASON_MEDIUM_CRYSTAL_3_S22";"[T0] UNIQUE_LOOTCHEST_CONQUEROR_SEASON_MEDIUM_CRYSTAL_3_S22";"";"";"";"";"";"";""
"Other";"";"";"UNIQUE_LOOTCHEST_CONQUEROR_SEASON_MEDIUM_CRYSTAL_3_S23";"UNIQUE_LOOTCHEST_CONQUEROR_SEASON_MEDIUM_CRYSTAL_3_S23";"[T0] UNIQUE_LOOTCHEST_CONQUEROR_SEASON_MEDIUM_CRYSTAL_3_S23";"";"";"";"";"";"";""
"Other";"";"";"UNIQUE_LOOTCHEST_CONQUEROR_SEASON_MEDIUM_CRYSTAL_3_S24";"UNIQUE_LOOTCHEST_CONQUEROR_SEASON_MEDIUM_CRYSTAL_3_S24";"[T0] UNIQUE_LOOTCHEST_CONQUEROR_SEASON_MEDIUM_CRYSTAL_3_S24";"";"";"";"";"";"";""
"Other";"";"";"UNIQUE_LOOTCHEST_CONQUEROR_SEASON_MEDIUM_CRYSTAL_3_S25";"UNIQUE_LOOTCHEST_CONQUEROR_SEASON_MEDIUM_CRYSTAL_3_S25";"[T0] UNIQUE_LOOTCHEST_CONQUEROR_SEASON_MEDIUM_CRYSTAL_3_S25";"";"";"";"";"";"";""
"Other";"";"";"UNIQUE_LOOTCHEST_CONQUEROR_SEASON_MEDIUM_CRYSTAL_3_S26";"UNIQUE_LOOTCHEST_CONQUEROR_SEASON_MEDIUM_CRYSTAL_3_S26";"[T0] UNIQUE_LOOTCHEST_CONQUEROR_SEASON_MEDIUM_CRYSTAL_3_S26";"";"";"";"";"";"";""
"Other";"";"";"UNIQUE_LOOTCHEST_CONQUEROR_SEASON_MEDIUM_CRYSTAL_5_PH";"UNIQUE_LOOTCHEST_CONQUEROR_SEASON_MEDIUM_CRYSTAL_5_PH";"[T0] UNIQUE_LOOTCHEST_CONQUEROR_SEASON_MEDIUM_CRYSTAL_5_PH";"";"";"";"";"";"";""
"Other";"";"";"UNIQUE_LOOTCHEST_CONQUEROR_SEASON_MEDIUM_CRYSTAL_5_S22";"UNIQUE_LOOTCHEST_CONQUEROR_SEASON_MEDIUM_CRYSTAL_5_S22";"[T0] UNIQUE_LOOTCHEST_CONQUEROR_SEASON_MEDIUM_CRYSTAL_5_S22";"";"";"";"";"";"";""
"Other";"";"";"UNIQUE_LOOTCHEST_CONQUEROR_SEASON_MEDIUM_CRYSTAL_5_S23";"UNIQUE_LOOTCHEST_CONQUEROR_SEASON_MEDIUM_CRYSTAL_5_S23";"[T0] UNIQUE_LOOTCHEST_CONQUEROR_SEASON_MEDIUM_CRYSTAL_5_S23";"";"";"";"";"";"";""
"Other";"";"";"UNIQUE_LOOTCHEST_CONQUEROR_SEASON_MEDIUM_CRYSTAL_5_S24";"UNIQUE_LOOTCHEST_CONQUEROR_SEASON_MEDIUM_CRYSTAL_5_S24";"[T0] UNIQUE_LOOTCHEST_CONQUEROR_SEASON_MEDIUM_CRYSTAL_5_S24";"";"";"";"";"";"";""
"Other";"";"";"UNIQUE_LOOTCHEST_CONQUEROR_SEASON_MEDIUM_CRYSTAL_5_S25";"UNIQUE_LOOTCHEST_CONQUEROR_SEASON_MEDIUM_CRYSTAL_5_S25";"[T0] UNIQUE_LOOTCHEST_CONQUEROR_SEASON_MEDIUM_CRYSTAL_5_S25";"";"";"";"";"";"";""
"Other";"";"";"UNIQUE_LOOTCHEST_CONQUEROR_SEASON_MEDIUM_CRYSTAL_5_S26";"UNIQUE_LOOTCHEST_CONQUEROR_SEASON_MEDIUM_CRYSTAL_5_S26";"[T0] UNIQUE_LOOTCHEST_CONQUEROR_SEASON_MEDIUM_CRYSTAL_5_S26";"";"";"";"";"";"";""
"Other";"";"";"UNIQUE_LOOTCHEST_CONQUEROR_SEASON_MEDIUM_CRYSTAL_REST_PH";"UNIQUE_LOOTCHEST_CONQUEROR_SEASON_MEDIUM_CRYSTAL_REST_PH";"[T0] UNIQUE_LOOTCHEST_CONQUEROR_SEASON_MEDIUM_CRYSTAL_REST_PH";"";"";"";"";"";"";""
"Other";"";"";"UNIQUE_LOOTCHEST_CONQUEROR_SEASON_MEDIUM_CRYSTAL_REST_S22";"UNIQUE_LOOTCHEST_CONQUEROR_SEASON_MEDIUM_CRYSTAL_REST_S22";"[T0] UNIQUE_LOOTCHEST_CONQUEROR_SEASON_MEDIUM_CRYSTAL_REST_S22";"";"";"";"";"";"";""
"Other";"";"";"UNIQUE_LOOTCHEST_CONQUEROR_SEASON_MEDIUM_CRYSTAL_REST_S23";"UNIQUE_LOOTCHEST_CONQUEROR_SEASON_MEDIUM_CRYSTAL_REST_S23";"[T0] UNIQUE_LOOTCHEST_CONQUEROR_SEASON_MEDIUM_CRYSTAL_REST_S23";"";"";"";"";"";"";""
"Other";"";"";"UNIQUE_LOOTCHEST_CONQUEROR_SEASON_MEDIUM_CRYSTAL_REST_S24";"UNIQUE_LOOTCHEST_CONQUEROR_SEASON_MEDIUM_CRYSTAL_REST_S24";"[T0] UNIQUE_LOOTCHEST_CONQUEROR_SEASON_MEDIUM_CRYSTAL_REST_S24";"";"";"";"";"";"";""
"Other";"";"";"UNIQUE_LOOTCHEST_CONQUEROR_SEASON_MEDIUM_CRYSTAL_REST_S25";"UNIQUE_LOOTCHEST_CONQUEROR_SEASON_MEDIUM_CRYSTAL_REST_S25";"[T0] UNIQUE_LOOTCHEST_CONQUEROR_SEASON_MEDIUM_CRYSTAL_REST_S25";"";"";"";"";"";"";""
"Other";"";"";"UNIQUE_LOOTCHEST_CONQUEROR_SEASON_MEDIUM_CRYSTAL_REST_S26";"UNIQUE_LOOTCHEST_CONQUEROR_SEASON_MEDIUM_CRYSTAL_REST_S26";"[T0] UNIQUE_LOOTCHEST_CONQUEROR_SEASON_MEDIUM_CRYSTAL_REST_S26";"";"";"";"";"";"";""
"Other";"";"";"UNIQUE_LOOTCHEST_CONQUEROR_SEASON_MEDIUM_GOLD_10_PH";"UNIQUE_LOOTCHEST_CONQUEROR_SEASON_MEDIUM_GOLD_10_PH";"[T0] UNIQUE_LOOTCHEST_CONQUEROR_SEASON_MEDIUM_GOLD_10_PH";"";"";"";"";"";"";""
"Other";"";"";"UNIQUE_LOOTCHEST_CONQUEROR_SEASON_MEDIUM_GOLD_10_S22";"UNIQUE_LOOTCHEST_CONQUEROR_SEASON_MEDIUM_GOLD_10_S22";"[T0] UNIQUE_LOOTCHEST_CONQUEROR_SEASON_MEDIUM_GOLD_10_S22";"";"";"";"";"";"";""
"Other";"";"";"UNIQUE_LOOTCHEST_CONQUEROR_SEASON_MEDIUM_GOLD_10_S23";"UNIQUE_LOOTCHEST_CONQUEROR_SEASON_MEDIUM_GOLD_10_S23";"[T0] UNIQUE_LOOTCHEST_CONQUEROR_SEASON_MEDIUM_GOLD_10_S23";"";"";"";"";"";"";""
"Other";"";"";"UNIQUE_LOOTCHEST_CONQUEROR_SEASON_MEDIUM_GOLD_10_S24";"UNIQUE_LOOTCHEST_CONQUEROR_SEASON_MEDIUM_GOLD_10_S24";"[T0] UNIQUE_LOOTCHEST_CONQUEROR_SEASON_MEDIUM_GOLD_10_S24";"";"";"";"";"";"";""
"Other";"";"";"UNIQUE_LOOTCHEST_CONQUEROR_SEASON_MEDIUM_GOLD_10_S25";"UNIQUE_LOOTCHEST_CONQUEROR_SEASON_MEDIUM_GOLD_10_S25";"[T0] UNIQUE_LOOTCHEST_CONQUEROR_SEASON_MEDIUM_GOLD_10_S25";"";"";"";"";"";"";""
"Other";"";"";"UNIQUE_LOOTCHEST_CONQUEROR_SEASON_MEDIUM_GOLD_10_S26";"UNIQUE_LOOTCHEST_CONQUEROR_SEASON_MEDIUM_GOLD_10_S26";"[T0] UNIQUE_LOOTCHEST_CONQUEROR_SEASON_MEDIUM_GOLD_10_S26";"";"";"";"";"";"";""
"Other";"";"";"UNIQUE_LOOTCHEST_CONQUEROR_SEASON_MEDIUM_GOLD_25_PH";"UNIQUE_LOOTCHEST_CONQUEROR_SEASON_MEDIUM_GOLD_25_PH";"[T0] UNIQUE_LOOTCHEST_CONQUEROR_SEASON_MEDIUM_GOLD_25_PH";"";"";"";"";"";"";""
"Other";"";"";"UNIQUE_LOOTCHEST_CONQUEROR_SEASON_MEDIUM_GOLD_25_S22";"UNIQUE_LOOTCHEST_CONQUEROR_SEASON_MEDIUM_GOLD_25_S22";"[T0] UNIQUE_LOOTCHEST_CONQUEROR_SEASON_MEDIUM_GOLD_25_S22";"";"";"";"";"";"";""
"Other";"";"";"UNIQUE_LOOTCHEST_CONQUEROR_SEASON_MEDIUM_GOLD_25_S23";"UNIQUE_LOOTCHEST_CONQUEROR_SEASON_MEDIUM_GOLD_25_S23";"[T0] UNIQUE_LOOTCHEST_CONQUEROR_SEASON_MEDIUM_GOLD_25_S23";"";"";"";"";"";"";""
"Other";"";"";"UNIQUE_LOOTCHEST_CONQUEROR_SEASON_MEDIUM_GOLD_25_S24";"UNIQUE_LOOTCHEST_CONQUEROR_SEASON_MEDIUM_GOLD_25_S24";"[T0] UNIQUE_LOOTCHEST_CONQUEROR_SEASON_MEDIUM_GOLD_25_S24";"";"";"";"";"";"";""
"Other";"";"";"UNIQUE_LOOTCHEST_CONQUEROR_SEASON_MEDIUM_GOLD_25_S25";"UNIQUE_LOOTCHEST_CONQUEROR_SEASON_MEDIUM_GOLD_25_S25";"[T0] UNIQUE_LOOTCHEST_CONQUEROR_SEASON_MEDIUM_GOLD_25_S25";"";"";"";"";"";"";""
"Other";"";"";"UNIQUE_LOOTCHEST_CONQUEROR_SEASON_MEDIUM_GOLD_25_S26";"UNIQUE_LOOTCHEST_CONQUEROR_SEASON_MEDIUM_GOLD_25_S26";"[T0] UNIQUE_LOOTCHEST_CONQUEROR_SEASON_MEDIUM_GOLD_25_S26";"";"";"";"";"";"";""
"Other";"";"";"UNIQUE_LOOTCHEST_CONQUEROR_SEASON_MEDIUM_GOLD_50_PH";"UNIQUE_LOOTCHEST_CONQUEROR_SEASON_MEDIUM_GOLD_50_PH";"[T0] UNIQUE_LOOTCHEST_CONQUEROR_SEASON_MEDIUM_GOLD_50_PH";"";"";"";"";"";"";""
"Other";"";"";"UNIQUE_LOOTCHEST_CONQUEROR_SEASON_MEDIUM_GOLD_50_S22";"UNIQUE_LOOTCHEST_CONQUEROR_SEASON_MEDIUM_GOLD_50_S22";"[T0] UNIQUE_LOOTCHEST_CONQUEROR_SEASON_MEDIUM_GOLD_50_S22";"";"";"";"";"";"";""
"Other";"";"";"UNIQUE_LOOTCHEST_CONQUEROR_SEASON_MEDIUM_GOLD_50_S23";"UNIQUE_LOOTCHEST_CONQUEROR_SEASON_MEDIUM_GOLD_50_S23";"[T0] UNIQUE_LOOTCHEST_CONQUEROR_SEASON_MEDIUM_GOLD_50_S23";"";"";"";"";"";"";""
"Other";"";"";"UNIQUE_LOOTCHEST_CONQUEROR_SEASON_MEDIUM_GOLD_50_S24";"UNIQUE_LOOTCHEST_CONQUEROR_SEASON_MEDIUM_GOLD_50_S24";"[T0] UNIQUE_LOOTCHEST_CONQUEROR_SEASON_MEDIUM_GOLD_50_S24";"";"";"";"";"";"";""
"Other";"";"";"UNIQUE_LOOTCHEST_CONQUEROR_SEASON_MEDIUM_GOLD_50_S25";"UNIQUE_LOOTCHEST_CONQUEROR_SEASON_MEDIUM_GOLD_50_S25";"[T0] UNIQUE_LOOTCHEST_CONQUEROR_SEASON_MEDIUM_GOLD_50_S25";"";"";"";"";"";"";""
"Other";"";"";"UNIQUE_LOOTCHEST_CONQUEROR_SEASON_MEDIUM_GOLD_50_S26";"UNIQUE_LOOTCHEST_CONQUEROR_SEASON_MEDIUM_GOLD_50_S26";"[T0] UNIQUE_LOOTCHEST_CONQUEROR_SEASON_MEDIUM_GOLD_50_S26";"";"";"";"";"";"";""
"Other";"";"";"UNIQUE_LOOTCHEST_CONQUEROR_SEASON_MEDIUM_GOLD_REST_PH";"UNIQUE_LOOTCHEST_CONQUEROR_SEASON_MEDIUM_GOLD_REST_PH";"[T0] UNIQUE_LOOTCHEST_CONQUEROR_SEASON_MEDIUM_GOLD_REST_PH";"";"";"";"";"";"";""
"Other";"";"";"UNIQUE_LOOTCHEST_CONQUEROR_SEASON_MEDIUM_GOLD_REST_S22";"UNIQUE_LOOTCHEST_CONQUEROR_SEASON_MEDIUM_GOLD_REST_S22";"[T0] UNIQUE_LOOTCHEST_CONQUEROR_SEASON_MEDIUM_GOLD_REST_S22";"";"";"";"";"";"";""
"Other";"";"";"UNIQUE_LOOTCHEST_CONQUEROR_SEASON_MEDIUM_GOLD_REST_S23";"UNIQUE_LOOTCHEST_CONQUEROR_SEASON_MEDIUM_GOLD_REST_S23";"[T0] UNIQUE_LOOTCHEST_CONQUEROR_SEASON_MEDIUM_GOLD_REST_S23";"";"";"";"";"";"";""
"Other";"";"";"UNIQUE_LOOTCHEST_CONQUEROR_SEASON_MEDIUM_GOLD_REST_S24";"UNIQUE_LOOTCHEST_CONQUEROR_SEASON_MEDIUM_GOLD_REST_S24";"[T0] UNIQUE_LOOTCHEST_CONQUEROR_SEASON_MEDIUM_GOLD_REST_S24";"";"";"";"";"";"";""
"Other";"";"";"UNIQUE_LOOTCHEST_CONQUEROR_SEASON_MEDIUM_GOLD_REST_S25";"UNIQUE_LOOTCHEST_CONQUEROR_SEASON_MEDIUM_GOLD_REST_S25";"[T0] UNIQUE_LOOTCHEST_CONQUEROR_SEASON_MEDIUM_GOLD_REST_S25";"";"";"";"";"";"";""
"Other";"";"";"UNIQUE_LOOTCHEST_CONQUEROR_SEASON_MEDIUM_GOLD_REST_S26";"UNIQUE_LOOTCHEST_CONQUEROR_SEASON_MEDIUM_GOLD_REST_S26";"[T0] UNIQUE_LOOTCHEST_CONQUEROR_SEASON_MEDIUM_GOLD_REST_S26";"";"";"";"";"";"";""
"Other";"";"";"UNIQUE_LOOTCHEST_CONQUEROR_SEASON_MEDIUM_IRON_REST_PH";"UNIQUE_LOOTCHEST_CONQUEROR_SEASON_MEDIUM_IRON_REST_PH";"[T0] UNIQUE_LOOTCHEST_CONQUEROR_SEASON_MEDIUM_IRON_REST_PH";"";"";"";"";"";"";""
"Other";"";"";"UNIQUE_LOOTCHEST_CONQUEROR_SEASON_MEDIUM_IRON_REST_S22";"UNIQUE_LOOTCHEST_CONQUEROR_SEASON_MEDIUM_IRON_REST_S22";"[T0] UNIQUE_LOOTCHEST_CONQUEROR_SEASON_MEDIUM_IRON_REST_S22";"";"";"";"";"";"";""
"Other";"";"";"UNIQUE_LOOTCHEST_CONQUEROR_SEASON_MEDIUM_IRON_REST_S23";"UNIQUE_LOOTCHEST_CONQUEROR_SEASON_MEDIUM_IRON_REST_S23";"[T0] UNIQUE_LOOTCHEST_CONQUEROR_SEASON_MEDIUM_IRON_REST_S23";"";"";"";"";"";"";""
"Other";"";"";"UNIQUE_LOOTCHEST_CONQUEROR_SEASON_MEDIUM_IRON_REST_S24";"UNIQUE_LOOTCHEST_CONQUEROR_SEASON_MEDIUM_IRON_REST_S24";"[T0] UNIQUE_LOOTCHEST_CONQUEROR_SEASON_MEDIUM_IRON_REST_S24";"";"";"";"";"";"";""
"Other";"";"";"UNIQUE_LOOTCHEST_CONQUEROR_SEASON_MEDIUM_IRON_REST_S25";"UNIQUE_LOOTCHEST_CONQUEROR_SEASON_MEDIUM_IRON_REST_S25";"[T0] UNIQUE_LOOTCHEST_CONQUEROR_SEASON_MEDIUM_IRON_REST_S25";"";"";"";"";"";"";""
"Other";"";"";"UNIQUE_LOOTCHEST_CONQUEROR_SEASON_MEDIUM_IRON_REST_S26";"UNIQUE_LOOTCHEST_CONQUEROR_SEASON_MEDIUM_IRON_REST_S26";"[T0] UNIQUE_LOOTCHEST_CONQUEROR_SEASON_MEDIUM_IRON_REST_S26";"";"";"";"";"";"";""
"Other";"";"";"UNIQUE_LOOTCHEST_CONQUEROR_SEASON_MEDIUM_SILVER_150_PH";"UNIQUE_LOOTCHEST_CONQUEROR_SEASON_MEDIUM_SILVER_150_PH";"[T0] UNIQUE_LOOTCHEST_CONQUEROR_SEASON_MEDIUM_SILVER_150_PH";"";"";"";"";"";"";""
"Other";"";"";"UNIQUE_LOOTCHEST_CONQUEROR_SEASON_MEDIUM_SILVER_150_S22";"UNIQUE_LOOTCHEST_CONQUEROR_SEASON_MEDIUM_SILVER_150_S22";"[T0] UNIQUE_LOOTCHEST_CONQUEROR_SEASON_MEDIUM_SILVER_150_S22";"";"";"";"";"";"";""
"Other";"";"";"UNIQUE_LOOTCHEST_CONQUEROR_SEASON_MEDIUM_SILVER_150_S23";"UNIQUE_LOOTCHEST_CONQUEROR_SEASON_MEDIUM_SILVER_150_S23";"[T0] UNIQUE_LOOTCHEST_CONQUEROR_SEASON_MEDIUM_SILVER_150_S23";"";"";"";"";"";"";""
"Other";"";"";"UNIQUE_LOOTCHEST_CONQUEROR_SEASON_MEDIUM_SILVER_150_S24";"UNIQUE_LOOTCHEST_CONQUEROR_SEASON_MEDIUM_SILVER_150_S24";"[T0] UNIQUE_LOOTCHEST_CONQUEROR_SEASON_MEDIUM_SILVER_150_S24";"";"";"";"";"";"";""
"Other";"";"";"UNIQUE_LOOTCHEST_CONQUEROR_SEASON_MEDIUM_SILVER_150_S25";"UNIQUE_LOOTCHEST_CONQUEROR_SEASON_MEDIUM_SILVER_150_S25";"[T0] UNIQUE_LOOTCHEST_CONQUEROR_SEASON_MEDIUM_SILVER_150_S25";"";"";"";"";"";"";""
"Other";"";"";"UNIQUE_LOOTCHEST_CONQUEROR_SEASON_MEDIUM_SILVER_150_S26";"UNIQUE_LOOTCHEST_CONQUEROR_SEASON_MEDIUM_SILVER_150_S26";"[T0] UNIQUE_LOOTCHEST_CONQUEROR_SEASON_MEDIUM_SILVER_150_S26";"";"";"";"";"";"";""
"Other";"";"";"UNIQUE_LOOTCHEST_CONQUEROR_SEASON_MEDIUM_SILVER_25_PH";"UNIQUE_LOOTCHEST_CONQUEROR_SEASON_MEDIUM_SILVER_25_PH";"[T0] UNIQUE_LOOTCHEST_CONQUEROR_SEASON_MEDIUM_SILVER_25_PH";"";"";"";"";"";"";""
"Other";"";"";"UNIQUE_LOOTCHEST_CONQUEROR_SEASON_MEDIUM_SILVER_25_S22";"UNIQUE_LOOTCHEST_CONQUEROR_SEASON_MEDIUM_SILVER_25_S22";"[T0] UNIQUE_LOOTCHEST_CONQUEROR_SEASON_MEDIUM_SILVER_25_S22";"";"";"";"";"";"";""
"Other";"";"";"UNIQUE_LOOTCHEST_CONQUEROR_SEASON_MEDIUM_SILVER_25_S23";"UNIQUE_LOOTCHEST_CONQUEROR_SEASON_MEDIUM_SILVER_25_S23";"[T0] UNIQUE_LOOTCHEST_CONQUEROR_SEASON_MEDIUM_SILVER_25_S23";"";"";"";"";"";"";""
"Other";"";"";"UNIQUE_LOOTCHEST_CONQUEROR_SEASON_MEDIUM_SILVER_25_S24";"UNIQUE_LOOTCHEST_CONQUEROR_SEASON_MEDIUM_SILVER_25_S24";"[T0] UNIQUE_LOOTCHEST_CONQUEROR_SEASON_MEDIUM_SILVER_25_S24";"";"";"";"";"";"";""
"Other";"";"";"UNIQUE_LOOTCHEST_CONQUEROR_SEASON_MEDIUM_SILVER_25_S25";"UNIQUE_LOOTCHEST_CONQUEROR_SEASON_MEDIUM_SILVER_25_S25";"[T0] UNIQUE_LOOTCHEST_CONQUEROR_SEASON_MEDIUM_SILVER_25_S25";"";"";"";"";"";"";""
"Other";"";"";"UNIQUE_LOOTCHEST_CONQUEROR_SEASON_MEDIUM_SILVER_25_S26";"UNIQUE_LOOTCHEST_CONQUEROR_SEASON_MEDIUM_SILVER_25_S26";"[T0] UNIQUE_LOOTCHEST_CONQUEROR_SEASON_MEDIUM_SILVER_25_S26";"";"";"";"";"";"";""
"Other";"";"";"UNIQUE_LOOTCHEST_CONQUEROR_SEASON_MEDIUM_SILVER_75_PH";"UNIQUE_LOOTCHEST_CONQUEROR_SEASON_MEDIUM_SILVER_75_PH";"[T0] UNIQUE_LOOTCHEST_CONQUEROR_SEASON_MEDIUM_SILVER_75_PH";"";"";"";"";"";"";""
"Other";"";"";"UNIQUE_LOOTCHEST_CONQUEROR_SEASON_MEDIUM_SILVER_75_S22";"UNIQUE_LOOTCHEST_CONQUEROR_SEASON_MEDIUM_SILVER_75_S22";"[T0] UNIQUE_LOOTCHEST_CONQUEROR_SEASON_MEDIUM_SILVER_75_S22";"";"";"";"";"";"";""
"Other";"";"";"UNIQUE_LOOTCHEST_CONQUEROR_SEASON_MEDIUM_SILVER_75_S23";"UNIQUE_LOOTCHEST_CONQUEROR_SEASON_MEDIUM_SILVER_75_S23";"[T0] UNIQUE_LOOTCHEST_CONQUEROR_SEASON_MEDIUM_SILVER_75_S23";"";"";"";"";"";"";""
"Other";"";"";"UNIQUE_LOOTCHEST_CONQUEROR_SEASON_MEDIUM_SILVER_75_S24";"UNIQUE_LOOTCHEST_CONQUEROR_SEASON_MEDIUM_SILVER_75_S24";"[T0] UNIQUE_LOOTCHEST_CONQUEROR_SEASON_MEDIUM_SILVER_75_S24";"";"";"";"";"";"";""
"Other";"";"";"UNIQUE_LOOTCHEST_CONQUEROR_SEASON_MEDIUM_SILVER_75_S25";"UNIQUE_LOOTCHEST_CONQUEROR_SEASON_MEDIUM_SILVER_75_S25";"[T0] UNIQUE_LOOTCHEST_CONQUEROR_SEASON_MEDIUM_SILVER_75_S25";"";"";"";"";"";"";""
"Other";"";"";"UNIQUE_LOOTCHEST_CONQUEROR_SEASON_MEDIUM_SILVER_75_S26";"UNIQUE_LOOTCHEST_CONQUEROR_SEASON_MEDIUM_SILVER_75_S26";"[T0] UNIQUE_LOOTCHEST_CONQUEROR_SEASON_MEDIUM_SILVER_75_S26";"";"";"";"";"";"";""
"Other";"";"";"UNIQUE_LOOTCHEST_CONQUEROR_SEASON_MEDIUM_SILVER_REST_PH";"UNIQUE_LOOTCHEST_CONQUEROR_SEASON_MEDIUM_SILVER_REST_PH";"[T0] UNIQUE_LOOTCHEST_CONQUEROR_SEASON_MEDIUM_SILVER_REST_PH";"";"";"";"";"";"";""
"Other";"";"";"UNIQUE_LOOTCHEST_CONQUEROR_SEASON_MEDIUM_SILVER_REST_S22";"UNIQUE_LOOTCHEST_CONQUEROR_SEASON_MEDIUM_SILVER_REST_S22";"[T0] UNIQUE_LOOTCHEST_CONQUEROR_SEASON_MEDIUM_SILVER_REST_S22";"";"";"";"";"";"";""
"Other";"";"";"UNIQUE_LOOTCHEST_CONQUEROR_SEASON_MEDIUM_SILVER_REST_S23";"UNIQUE_LOOTCHEST_CONQUEROR_SEASON_MEDIUM_SILVER_REST_S23";"[T0] UNIQUE_LOOTCHEST_CONQUEROR_SEASON_MEDIUM_SILVER_REST_S23";"";"";"";"";"";"";""
"Other";"";"";"UNIQUE_LOOTCHEST_CONQUEROR_SEASON_MEDIUM_SILVER_REST_S24";"UNIQUE_LOOTCHEST_CONQUEROR_SEASON_MEDIUM_SILVER_REST_S24";"[T0] UNIQUE_LOOTCHEST_CONQUEROR_SEASON_MEDIUM_SILVER_REST_S24";"";"";"";"";"";"";""
"Other";"";"";"UNIQUE_LOOTCHEST_CONQUEROR_SEASON_MEDIUM_SILVER_REST_S25";"UNIQUE_LOOTCHEST_CONQUEROR_SEASON_MEDIUM_SILVER_REST_S25";"[T0] UNIQUE_LOOTCHEST_CONQUEROR_SEASON_MEDIUM_SILVER_REST_S25";"";"";"";"";"";"";""
"Other";"";"";"UNIQUE_LOOTCHEST_CONQUEROR_SEASON_MEDIUM_SILVER_REST_S26";"UNIQUE_LOOTCHEST_CONQUEROR_SEASON_MEDIUM_SILVER_REST_S26";"[T0] UNIQUE_LOOTCHEST_CONQUEROR_SEASON_MEDIUM_SILVER_REST_S26";"";"";"";"";"";"";""
"Other";"";"";"UNIQUE_LOOTCHEST_CONQUEROR_SEASON_SMALL_BRONZE_125_PH";"UNIQUE_LOOTCHEST_CONQUEROR_SEASON_SMALL_BRONZE_125_PH";"[T0] UNIQUE_LOOTCHEST_CONQUEROR_SEASON_SMALL_BRONZE_125_PH";"";"";"";"";"";"";""
"Other";"";"";"UNIQUE_LOOTCHEST_CONQUEROR_SEASON_SMALL_BRONZE_125_S22";"UNIQUE_LOOTCHEST_CONQUEROR_SEASON_SMALL_BRONZE_125_S22";"[T0] UNIQUE_LOOTCHEST_CONQUEROR_SEASON_SMALL_BRONZE_125_S22";"";"";"";"";"";"";""
"Other";"";"";"UNIQUE_LOOTCHEST_CONQUEROR_SEASON_SMALL_BRONZE_125_S23";"UNIQUE_LOOTCHEST_CONQUEROR_SEASON_SMALL_BRONZE_125_S23";"[T0] UNIQUE_LOOTCHEST_CONQUEROR_SEASON_SMALL_BRONZE_125_S23";"";"";"";"";"";"";""
"Other";"";"";"UNIQUE_LOOTCHEST_CONQUEROR_SEASON_SMALL_BRONZE_125_S24";"UNIQUE_LOOTCHEST_CONQUEROR_SEASON_SMALL_BRONZE_125_S24";"[T0] UNIQUE_LOOTCHEST_CONQUEROR_SEASON_SMALL_BRONZE_125_S24";"";"";"";"";"";"";""
"Other";"";"";"UNIQUE_LOOTCHEST_CONQUEROR_SEASON_SMALL_BRONZE_125_S25";"UNIQUE_LOOTCHEST_CONQUEROR_SEASON_SMALL_BRONZE_125_S25";"[T0] UNIQUE_LOOTCHEST_CONQUEROR_SEASON_SMALL_BRONZE_125_S25";"";"";"";"";"";"";""
"Other";"";"";"UNIQUE_LOOTCHEST_CONQUEROR_SEASON_SMALL_BRONZE_125_S26";"UNIQUE_LOOTCHEST_CONQUEROR_SEASON_SMALL_BRONZE_125_S26";"[T0] UNIQUE_LOOTCHEST_CONQUEROR_SEASON_SMALL_BRONZE_125_S26";"";"";"";"";"";"";""
"Other";"";"";"UNIQUE_LOOTCHEST_CONQUEROR_SEASON_SMALL_BRONZE_250_PH";"UNIQUE_LOOTCHEST_CONQUEROR_SEASON_SMALL_BRONZE_250_PH";"[T0] UNIQUE_LOOTCHEST_CONQUEROR_SEASON_SMALL_BRONZE_250_PH";"";"";"";"";"";"";""
"Other";"";"";"UNIQUE_LOOTCHEST_CONQUEROR_SEASON_SMALL_BRONZE_250_S22";"UNIQUE_LOOTCHEST_CONQUEROR_SEASON_SMALL_BRONZE_250_S22";"[T0] UNIQUE_LOOTCHEST_CONQUEROR_SEASON_SMALL_BRONZE_250_S22";"";"";"";"";"";"";""
"Other";"";"";"UNIQUE_LOOTCHEST_CONQUEROR_SEASON_SMALL_BRONZE_250_S23";"UNIQUE_LOOTCHEST_CONQUEROR_SEASON_SMALL_BRONZE_250_S23";"[T0] UNIQUE_LOOTCHEST_CONQUEROR_SEASON_SMALL_BRONZE_250_S23";"";"";"";"";"";"";""
"Other";"";"";"UNIQUE_LOOTCHEST_CONQUEROR_SEASON_SMALL_BRONZE_250_S24";"UNIQUE_LOOTCHEST_CONQUEROR_SEASON_SMALL_BRONZE_250_S24";"[T0] UNIQUE_LOOTCHEST_CONQUEROR_SEASON_SMALL_BRONZE_250_S24";"";"";"";"";"";"";""
"Other";"";"";"UNIQUE_LOOTCHEST_CONQUEROR_SEASON_SMALL_BRONZE_250_S25";"UNIQUE_LOOTCHEST_CONQUEROR_SEASON_SMALL_BRONZE_250_S25";"[T0] UNIQUE_LOOTCHEST_CONQUEROR_SEASON_SMALL_BRONZE_250_S25";"";"";"";"";"";"";""
"Other";"";"";"UNIQUE_LOOTCHEST_CONQUEROR_SEASON_SMALL_BRONZE_250_S26";"UNIQUE_LOOTCHEST_CONQUEROR_SEASON_SMALL_BRONZE_250_S26";"[T0] UNIQUE_LOOTCHEST_CONQUEROR_SEASON_SMALL_BRONZE_250_S26";"";"";"";"";"";"";""
"Other";"";"";"UNIQUE_LOOTCHEST_CONQUEROR_SEASON_SMALL_BRONZE_50_PH";"UNIQUE_LOOTCHEST_CONQUEROR_SEASON_SMALL_BRONZE_50_PH";"[T0] UNIQUE_LOOTCHEST_CONQUEROR_SEASON_SMALL_BRONZE_50_PH";"";"";"";"";"";"";""
"Other";"";"";"UNIQUE_LOOTCHEST_CONQUEROR_SEASON_SMALL_BRONZE_50_S22";"UNIQUE_LOOTCHEST_CONQUEROR_SEASON_SMALL_BRONZE_50_S22";"[T0] UNIQUE_LOOTCHEST_CONQUEROR_SEASON_SMALL_BRONZE_50_S22";"";"";"";"";"";"";""
"Other";"";"";"UNIQUE_LOOTCHEST_CONQUEROR_SEASON_SMALL_BRONZE_50_S23";"UNIQUE_LOOTCHEST_CONQUEROR_SEASON_SMALL_BRONZE_50_S23";"[T0] UNIQUE_LOOTCHEST_CONQUEROR_SEASON_SMALL_BRONZE_50_S23";"";"";"";"";"";"";""
"Other";"";"";"UNIQUE_LOOTCHEST_CONQUEROR_SEASON_SMALL_BRONZE_50_S24";"UNIQUE_LOOTCHEST_CONQUEROR_SEASON_SMALL_BRONZE_50_S24";"[T0] UNIQUE_LOOTCHEST_CONQUEROR_SEASON_SMALL_BRONZE_50_S24";"";"";"";"";"";"";""
"Other";"";"";"UNIQUE_LOOTCHEST_CONQUEROR_SEASON_SMALL_BRONZE_50_S25";"UNIQUE_LOOTCHEST_CONQUEROR_SEASON_SMALL_BRONZE_50_S25";"[T0] UNIQUE_LOOTCHEST_CONQUEROR_SEASON_SMALL_BRONZE_50_S25";"";"";"";"";"";"";""
"Other";"";"";"UNIQUE_LOOTCHEST_CONQUEROR_SEASON_SMALL_BRONZE_50_S26";"UNIQUE_LOOTCHEST_CONQUEROR_SEASON_SMALL_BRONZE_50_S26";"[T0] UNIQUE_LOOTCHEST_CONQUEROR_SEASON_SMALL_BRONZE_50_S26";"";"";"";"";"";"";""
"Other";"";"";"UNIQUE_LOOTCHEST_CONQUEROR_SEASON_SMALL_BRONZE_500_PH";"UNIQUE_LOOTCHEST_CONQUEROR_SEASON_SMALL_BRONZE_500_PH";"[T0] UNIQUE_LOOTCHEST_CONQUEROR_SEASON_SMALL_BRONZE_500_PH";"";"";"";"";"";"";""
"Other";"";"";"UNIQUE_LOOTCHEST_CONQUEROR_SEASON_SMALL_BRONZE_500_S22";"UNIQUE_LOOTCHEST_CONQUEROR_SEASON_SMALL_BRONZE_500_S22";"[T0] UNIQUE_LOOTCHEST_CONQUEROR_SEASON_SMALL_BRONZE_500_S22";"";"";"";"";"";"";""
"Other";"";"";"UNIQUE_LOOTCHEST_CONQUEROR_SEASON_SMALL_BRONZE_500_S23";"UNIQUE_LOOTCHEST_CONQUEROR_SEASON_SMALL_BRONZE_500_S23";"[T0] UNIQUE_LOOTCHEST_CONQUEROR_SEASON_SMALL_BRONZE_500_S23";"";"";"";"";"";"";""
"Other";"";"";"UNIQUE_LOOTCHEST_CONQUEROR_SEASON_SMALL_BRONZE_500_S24";"UNIQUE_LOOTCHEST_CONQUEROR_SEASON_SMALL_BRONZE_500_S24";"[T0] UNIQUE_LOOTCHEST_CONQUEROR_SEASON_SMALL_BRONZE_500_S24";"";"";"";"";"";"";""
"Other";"";"";"UNIQUE_LOOTCHEST_CONQUEROR_SEASON_SMALL_BRONZE_500_S25";"UNIQUE_LOOTCHEST_CONQUEROR_SEASON_SMALL_BRONZE_500_S25";"[T0] UNIQUE_LOOTCHEST_CONQUEROR_SEASON_SMALL_BRONZE_500_S25";"";"";"";"";"";"";""
"Other";"";"";"UNIQUE_LOOTCHEST_CONQUEROR_SEASON_SMALL_BRONZE_500_S26";"UNIQUE_LOOTCHEST_CONQUEROR_SEASON_SMALL_BRONZE_500_S26";"[T0] UNIQUE_LOOTCHEST_CONQUEROR_SEASON_SMALL_BRONZE_500_S26";"";"";"";"";"";"";""
"Other";"";"";"UNIQUE_LOOTCHEST_CONQUEROR_SEASON_SMALL_BRONZE_REST_PH";"UNIQUE_LOOTCHEST_CONQUEROR_SEASON_SMALL_BRONZE_REST_PH";"[T0] UNIQUE_LOOTCHEST_CONQUEROR_SEASON_SMALL_BRONZE_REST_PH";"";"";"";"";"";"";""
"Other";"";"";"UNIQUE_LOOTCHEST_CONQUEROR_SEASON_SMALL_BRONZE_REST_S22";"UNIQUE_LOOTCHEST_CONQUEROR_SEASON_SMALL_BRONZE_REST_S22";"[T0] UNIQUE_LOOTCHEST_CONQUEROR_SEASON_SMALL_BRONZE_REST_S22";"";"";"";"";"";"";""
"Other";"";"";"UNIQUE_LOOTCHEST_CONQUEROR_SEASON_SMALL_BRONZE_REST_S23";"UNIQUE_LOOTCHEST_CONQUEROR_SEASON_SMALL_BRONZE_REST_S23";"[T0] UNIQUE_LOOTCHEST_CONQUEROR_SEASON_SMALL_BRONZE_REST_S23";"";"";"";"";"";"";""
"Other";"";"";"UNIQUE_LOOTCHEST_CONQUEROR_SEASON_SMALL_BRONZE_REST_S24";"UNIQUE_LOOTCHEST_CONQUEROR_SEASON_SMALL_BRONZE_REST_S24";"[T0] UNIQUE_LOOTCHEST_CONQUEROR_SEASON_SMALL_BRONZE_REST_S24";"";"";"";"";"";"";""
"Other";"";"";"UNIQUE_LOOTCHEST_CONQUEROR_SEASON_SMALL_BRONZE_REST_S25";"UNIQUE_LOOTCHEST_CONQUEROR_SEASON_SMALL_BRONZE_REST_S25";"[T0] UNIQUE_LOOTCHEST_CONQUEROR_SEASON_SMALL_BRONZE_REST_S25";"";"";"";"";"";"";""
"Other";"";"";"UNIQUE_LOOTCHEST_CONQUEROR_SEASON_SMALL_BRONZE_REST_S26";"UNIQUE_LOOTCHEST_CONQUEROR_SEASON_SMALL_BRONZE_REST_S26";"[T0] UNIQUE_LOOTCHEST_CONQUEROR_SEASON_SMALL_BRONZE_REST_S26";"";"";"";"";"";"";""
"Other";"";"";"UNIQUE_LOOTCHEST_CONQUEROR_SEASON_SMALL_CRYSTAL_1_PH";"UNIQUE_LOOTCHEST_CONQUEROR_SEASON_SMALL_CRYSTAL_1_PH";"[T0] UNIQUE_LOOTCHEST_CONQUEROR_SEASON_SMALL_CRYSTAL_1_PH";"";"";"";"";"";"";""
"Other";"";"";"UNIQUE_LOOTCHEST_CONQUEROR_SEASON_SMALL_CRYSTAL_1_S22";"UNIQUE_LOOTCHEST_CONQUEROR_SEASON_SMALL_CRYSTAL_1_S22";"[T0] UNIQUE_LOOTCHEST_CONQUEROR_SEASON_SMALL_CRYSTAL_1_S22";"";"";"";"";"";"";""
"Other";"";"";"UNIQUE_LOOTCHEST_CONQUEROR_SEASON_SMALL_CRYSTAL_1_S23";"UNIQUE_LOOTCHEST_CONQUEROR_SEASON_SMALL_CRYSTAL_1_S23";"[T0] UNIQUE_LOOTCHEST_CONQUEROR_SEASON_SMALL_CRYSTAL_1_S23";"";"";"";"";"";"";""
"Other";"";"";"UNIQUE_LOOTCHEST_CONQUEROR_SEASON_SMALL_CRYSTAL_1_S24";"UNIQUE_LOOTCHEST_CONQUEROR_SEASON_SMALL_CRYSTAL_1_S24";"[T0] UNIQUE_LOOTCHEST_CONQUEROR_SEASON_SMALL_CRYSTAL_1_S24";"";"";"";"";"";"";""
"Other";"";"";"UNIQUE_LOOTCHEST_CONQUEROR_SEASON_SMALL_CRYSTAL_1_S25";"UNIQUE_LOOTCHEST_CONQUEROR_SEASON_SMALL_CRYSTAL_1_S25";"[T0] UNIQUE_LOOTCHEST_CONQUEROR_SEASON_SMALL_CRYSTAL_1_S25";"";"";"";"";"";"";""
"Other";"";"";"UNIQUE_LOOTCHEST_CONQUEROR_SEASON_SMALL_CRYSTAL_1_S26";"UNIQUE_LOOTCHEST_CONQUEROR_SEASON_SMALL_CRYSTAL_1_S26";"[T0] UNIQUE_LOOTCHEST_CONQUEROR_SEASON_SMALL_CRYSTAL_1_S26";"";"";"";"";"";"";""
"Other";"";"";"UNIQUE_LOOTCHEST_CONQUEROR_SEASON_SMALL_CRYSTAL_10_PH";"UNIQUE_LOOTCHEST_CONQUEROR_SEASON_SMALL_CRYSTAL_10_PH";"[T0] UNIQUE_LOOTCHEST_CONQUEROR_SEASON_SMALL_CRYSTAL_10_PH";"";"";"";"";"";"";""
"Other";"";"";"UNIQUE_LOOTCHEST_CONQUEROR_SEASON_SMALL_CRYSTAL_10_S22";"UNIQUE_LOOTCHEST_CONQUEROR_SEASON_SMALL_CRYSTAL_10_S22";"[T0] UNIQUE_LOOTCHEST_CONQUEROR_SEASON_SMALL_CRYSTAL_10_S22";"";"";"";"";"";"";""
"Other";"";"";"UNIQUE_LOOTCHEST_CONQUEROR_SEASON_SMALL_CRYSTAL_10_S23";"UNIQUE_LOOTCHEST_CONQUEROR_SEASON_SMALL_CRYSTAL_10_S23";"[T0] UNIQUE_LOOTCHEST_CONQUEROR_SEASON_SMALL_CRYSTAL_10_S23";"";"";"";"";"";"";""
"Other";"";"";"UNIQUE_LOOTCHEST_CONQUEROR_SEASON_SMALL_CRYSTAL_10_S24";"UNIQUE_LOOTCHEST_CONQUEROR_SEASON_SMALL_CRYSTAL_10_S24";"[T0] UNIQUE_LOOTCHEST_CONQUEROR_SEASON_SMALL_CRYSTAL_10_S24";"";"";"";"";"";"";""
"Other";"";"";"UNIQUE_LOOTCHEST_CONQUEROR_SEASON_SMALL_CRYSTAL_10_S25";"UNIQUE_LOOTCHEST_CONQUEROR_SEASON_SMALL_CRYSTAL_10_S25";"[T0] UNIQUE_LOOTCHEST_CONQUEROR_SEASON_SMALL_CRYSTAL_10_S25";"";"";"";"";"";"";""
"Other";"";"";"UNIQUE_LOOTCHEST_CONQUEROR_SEASON_SMALL_CRYSTAL_10_S26";"UNIQUE_LOOTCHEST_CONQUEROR_SEASON_SMALL_CRYSTAL_10_S26";"[T0] UNIQUE_LOOTCHEST_CONQUEROR_SEASON_SMALL_CRYSTAL_10_S26";"";"";"";"";"";"";""
"Other";"";"";"UNIQUE_LOOTCHEST_CONQUEROR_SEASON_SMALL_CRYSTAL_2_PH";"UNIQUE_LOOTCHEST_CONQUEROR_SEASON_SMALL_CRYSTAL_2_PH";"[T0] UNIQUE_LOOTCHEST_CONQUEROR_SEASON_SMALL_CRYSTAL_2_PH";"";"";"";"";"";"";""
"Other";"";"";"UNIQUE_LOOTCHEST_CONQUEROR_SEASON_SMALL_CRYSTAL_2_S22";"UNIQUE_LOOTCHEST_CONQUEROR_SEASON_SMALL_CRYSTAL_2_S22";"[T0] UNIQUE_LOOTCHEST_CONQUEROR_SEASON_SMALL_CRYSTAL_2_S22";"";"";"";"";"";"";""
"Other";"";"";"UNIQUE_LOOTCHEST_CONQUEROR_SEASON_SMALL_CRYSTAL_2_S23";"UNIQUE_LOOTCHEST_CONQUEROR_SEASON_SMALL_CRYSTAL_2_S23";"[T0] UNIQUE_LOOTCHEST_CONQUEROR_SEASON_SMALL_CRYSTAL_2_S23";"";"";"";"";"";"";""
"Other";"";"";"UNIQUE_LOOTCHEST_CONQUEROR_SEASON_SMALL_CRYSTAL_2_S24";"UNIQUE_LOOTCHEST_CONQUEROR_SEASON_SMALL_CRYSTAL_2_S24";"[T0] UNIQUE_LOOTCHEST_CONQUEROR_SEASON_SMALL_CRYSTAL_2_S24";"";"";"";"";"";"";""
"Other";"";"";"UNIQUE_LOOTCHEST_CONQUEROR_SEASON_SMALL_CRYSTAL_2_S25";"UNIQUE_LOOTCHEST_CONQUEROR_SEASON_SMALL_CRYSTAL_2_S25";"[T0] UNIQUE_LOOTCHEST_CONQUEROR_SEASON_SMALL_CRYSTAL_2_S25";"";"";"";"";"";"";""
"Other";"";"";"UNIQUE_LOOTCHEST_CONQUEROR_SEASON_SMALL_CRYSTAL_2_S26";"UNIQUE_LOOTCHEST_CONQUEROR_SEASON_SMALL_CRYSTAL_2_S26";"[T0] UNIQUE_LOOTCHEST_CONQUEROR_SEASON_SMALL_CRYSTAL_2_S26";"";"";"";"";"";"";""
"Other";"";"";"UNIQUE_LOOTCHEST_CONQUEROR_SEASON_SMALL_CRYSTAL_3_PH";"UNIQUE_LOOTCHEST_CONQUEROR_SEASON_SMALL_CRYSTAL_3_PH";"[T0] UNIQUE_LOOTCHEST_CONQUEROR_SEASON_SMALL_CRYSTAL_3_PH";"";"";"";"";"";"";""
"Other";"";"";"UNIQUE_LOOTCHEST_CONQUEROR_SEASON_SMALL_CRYSTAL_3_S22";"UNIQUE_LOOTCHEST_CONQUEROR_SEASON_SMALL_CRYSTAL_3_S22";"[T0] UNIQUE_LOOTCHEST_CONQUEROR_SEASON_SMALL_CRYSTAL_3_S22";"";"";"";"";"";"";""
"Other";"";"";"UNIQUE_LOOTCHEST_CONQUEROR_SEASON_SMALL_CRYSTAL_3_S23";"UNIQUE_LOOTCHEST_CONQUEROR_SEASON_SMALL_CRYSTAL_3_S23";"[T0] UNIQUE_LOOTCHEST_CONQUEROR_SEASON_SMALL_CRYSTAL_3_S23";"";"";"";"";"";"";""
"Other";"";"";"UNIQUE_LOOTCHEST_CONQUEROR_SEASON_SMALL_CRYSTAL_3_S24";"UNIQUE_LOOTCHEST_CONQUEROR_SEASON_SMALL_CRYSTAL_3_S24";"[T0] UNIQUE_LOOTCHEST_CONQUEROR_SEASON_SMALL_CRYSTAL_3_S24";"";"";"";"";"";"";""
"Other";"";"";"UNIQUE_LOOTCHEST_CONQUEROR_SEASON_SMALL_CRYSTAL_3_S25";"UNIQUE_LOOTCHEST_CONQUEROR_SEASON_SMALL_CRYSTAL_3_S25";"[T0] UNIQUE_LOOTCHEST_CONQUEROR_SEASON_SMALL_CRYSTAL_3_S25";"";"";"";"";"";"";""
"Other";"";"";"UNIQUE_LOOTCHEST_CONQUEROR_SEASON_SMALL_CRYSTAL_3_S26";"UNIQUE_LOOTCHEST_CONQUEROR_SEASON_SMALL_CRYSTAL_3_S26";"[T0] UNIQUE_LOOTCHEST_CONQUEROR_SEASON_SMALL_CRYSTAL_3_S26";"";"";"";"";"";"";""
"Other";"";"";"UNIQUE_LOOTCHEST_CONQUEROR_SEASON_SMALL_CRYSTAL_5_PH";"UNIQUE_LOOTCHEST_CONQUEROR_SEASON_SMALL_CRYSTAL_5_PH";"[T0] UNIQUE_LOOTCHEST_CONQUEROR_SEASON_SMALL_CRYSTAL_5_PH";"";"";"";"";"";"";""
"Other";"";"";"UNIQUE_LOOTCHEST_CONQUEROR_SEASON_SMALL_CRYSTAL_5_S22";"UNIQUE_LOOTCHEST_CONQUEROR_SEASON_SMALL_CRYSTAL_5_S22";"[T0] UNIQUE_LOOTCHEST_CONQUEROR_SEASON_SMALL_CRYSTAL_5_S22";"";"";"";"";"";"";""
"Other";"";"";"UNIQUE_LOOTCHEST_CONQUEROR_SEASON_SMALL_CRYSTAL_5_S23";"UNIQUE_LOOTCHEST_CONQUEROR_SEASON_SMALL_CRYSTAL_5_S23";"[T0] UNIQUE_LOOTCHEST_CONQUEROR_SEASON_SMALL_CRYSTAL_5_S23";"";"";"";"";"";"";""
"Other";"";"";"UNIQUE_LOOTCHEST_CONQUEROR_SEASON_SMALL_CRYSTAL_5_S24";"UNIQUE_LOOTCHEST_CONQUEROR_SEASON_SMALL_CRYSTAL_5_S24";"[T0] UNIQUE_LOOTCHEST_CONQUEROR_SEASON_SMALL_CRYSTAL_5_S24";"";"";"";"";"";"";""
"Other";"";"";"UNIQUE_LOOTCHEST_CONQUEROR_SEASON_SMALL_CRYSTAL_5_S25";"UNIQUE_LOOTCHEST_CONQUEROR_SEASON_SMALL_CRYSTAL_5_S25";"[T0] UNIQUE_LOOTCHEST_CONQUEROR_SEASON_SMALL_CRYSTAL_5_S25";"";"";"";"";"";"";""
"Other";"";"";"UNIQUE_LOOTCHEST_CONQUEROR_SEASON_SMALL_CRYSTAL_5_S26";"UNIQUE_LOOTCHEST_CONQUEROR_SEASON_SMALL_CRYSTAL_5_S26";"[T0] UNIQUE_LOOTCHEST_CONQUEROR_SEASON_SMALL_CRYSTAL_5_S26";"";"";"";"";"";"";""
"Other";"";"";"UNIQUE_LOOTCHEST_CONQUEROR_SEASON_SMALL_CRYSTAL_REST_PH";"UNIQUE_LOOTCHEST_CONQUEROR_SEASON_SMALL_CRYSTAL_REST_PH";"[T0] UNIQUE_LOOTCHEST_CONQUEROR_SEASON_SMALL_CRYSTAL_REST_PH";"";"";"";"";"";"";""
"Other";"";"";"UNIQUE_LOOTCHEST_CONQUEROR_SEASON_SMALL_CRYSTAL_REST_S22";"UNIQUE_LOOTCHEST_CONQUEROR_SEASON_SMALL_CRYSTAL_REST_S22";"[T0] UNIQUE_LOOTCHEST_CONQUEROR_SEASON_SMALL_CRYSTAL_REST_S22";"";"";"";"";"";"";""
"Other";"";"";"UNIQUE_LOOTCHEST_CONQUEROR_SEASON_SMALL_CRYSTAL_REST_S23";"UNIQUE_LOOTCHEST_CONQUEROR_SEASON_SMALL_CRYSTAL_REST_S23";"[T0] UNIQUE_LOOTCHEST_CONQUEROR_SEASON_SMALL_CRYSTAL_REST_S23";"";"";"";"";"";"";""
"Other";"";"";"UNIQUE_LOOTCHEST_CONQUEROR_SEASON_SMALL_CRYSTAL_REST_S24";"UNIQUE_LOOTCHEST_CONQUEROR_SEASON_SMALL_CRYSTAL_REST_S24";"[T0] UNIQUE_LOOTCHEST_CONQUEROR_SEASON_SMALL_CRYSTAL_REST_S24";"";"";"";"";"";"";""
"Other";"";"";"UNIQUE_LOOTCHEST_CONQUEROR_SEASON_SMALL_CRYSTAL_REST_S25";"UNIQUE_LOOTCHEST_CONQUEROR_SEASON_SMALL_CRYSTAL_REST_S25";"[T0] UNIQUE_LOOTCHEST_CONQUEROR_SEASON_SMALL_CRYSTAL_REST_S25";"";"";"";"";"";"";""
"Other";"";"";"UNIQUE_LOOTCHEST_CONQUEROR_SEASON_SMALL_CRYSTAL_REST_S26";"UNIQUE_LOOTCHEST_CONQUEROR_SEASON_SMALL_CRYSTAL_REST_S26";"[T0] UNIQUE_LOOTCHEST_CONQUEROR_SEASON_SMALL_CRYSTAL_REST_S26";"";"";"";"";"";"";""
"Other";"";"";"UNIQUE_LOOTCHEST_CONQUEROR_SEASON_SMALL_GOLD_10_PH";"UNIQUE_LOOTCHEST_CONQUEROR_SEASON_SMALL_GOLD_10_PH";"[T0] UNIQUE_LOOTCHEST_CONQUEROR_SEASON_SMALL_GOLD_10_PH";"";"";"";"";"";"";""
"Other";"";"";"UNIQUE_LOOTCHEST_CONQUEROR_SEASON_SMALL_GOLD_10_S22";"UNIQUE_LOOTCHEST_CONQUEROR_SEASON_SMALL_GOLD_10_S22";"[T0] UNIQUE_LOOTCHEST_CONQUEROR_SEASON_SMALL_GOLD_10_S22";"";"";"";"";"";"";""
"Other";"";"";"UNIQUE_LOOTCHEST_CONQUEROR_SEASON_SMALL_GOLD_10_S23";"UNIQUE_LOOTCHEST_CONQUEROR_SEASON_SMALL_GOLD_10_S23";"[T0] UNIQUE_LOOTCHEST_CONQUEROR_SEASON_SMALL_GOLD_10_S23";"";"";"";"";"";"";""
"Other";"";"";"UNIQUE_LOOTCHEST_CONQUEROR_SEASON_SMALL_GOLD_10_S24";"UNIQUE_LOOTCHEST_CONQUEROR_SEASON_SMALL_GOLD_10_S24";"[T0] UNIQUE_LOOTCHEST_CONQUEROR_SEASON_SMALL_GOLD_10_S24";"";"";"";"";"";"";""
"Other";"";"";"UNIQUE_LOOTCHEST_CONQUEROR_SEASON_SMALL_GOLD_10_S25";"UNIQUE_LOOTCHEST_CONQUEROR_SEASON_SMALL_GOLD_10_S25";"[T0] UNIQUE_LOOTCHEST_CONQUEROR_SEASON_SMALL_GOLD_10_S25";"";"";"";"";"";"";""
"Other";"";"";"UNIQUE_LOOTCHEST_CONQUEROR_SEASON_SMALL_GOLD_10_S26";"UNIQUE_LOOTCHEST_CONQUEROR_SEASON_SMALL_GOLD_10_S26";"[T0] UNIQUE_LOOTCHEST_CONQUEROR_SEASON_SMALL_GOLD_10_S26";"";"";"";"";"";"";""
"Other";"";"";"UNIQUE_LOOTCHEST_CONQUEROR_SEASON_SMALL_GOLD_25_PH";"UNIQUE_LOOTCHEST_CONQUEROR_SEASON_SMALL_GOLD_25_PH";"[T0] UNIQUE_LOOTCHEST_CONQUEROR_SEASON_SMALL_GOLD_25_PH";"";"";"";"";"";"";""
"Other";"";"";"UNIQUE_LOOTCHEST_CONQUEROR_SEASON_SMALL_GOLD_25_S22";"UNIQUE_LOOTCHEST_CONQUEROR_SEASON_SMALL_GOLD_25_S22";"[T0] UNIQUE_LOOTCHEST_CONQUEROR_SEASON_SMALL_GOLD_25_S22";"";"";"";"";"";"";""
"Other";"";"";"UNIQUE_LOOTCHEST_CONQUEROR_SEASON_SMALL_GOLD_25_S23";"UNIQUE_LOOTCHEST_CONQUEROR_SEASON_SMALL_GOLD_25_S23";"[T0] UNIQUE_LOOTCHEST_CONQUEROR_SEASON_SMALL_GOLD_25_S23";"";"";"";"";"";"";""
"Other";"";"";"UNIQUE_LOOTCHEST_CONQUEROR_SEASON_SMALL_GOLD_25_S24";"UNIQUE_LOOTCHEST_CONQUEROR_SEASON_SMALL_GOLD_25_S24";"[T0] UNIQUE_LOOTCHEST_CONQUEROR_SEASON_SMALL_GOLD_25_S24";"";"";"";"";"";"";""
"Other";"";"";"UNIQUE_LOOTCHEST_CONQUEROR_SEASON_SMALL_GOLD_25_S25";"UNIQUE_LOOTCHEST_CONQUEROR_SEASON_SMALL_GOLD_25_S25";"[T0] UNIQUE_LOOTCHEST_CONQUEROR_SEASON_SMALL_GOLD_25_S25";"";"";"";"";"";"";""
"Other";"";"";"UNIQUE_LOOTCHEST_CONQUEROR_SEASON_SMALL_GOLD_25_S26";"UNIQUE_LOOTCHEST_CONQUEROR_SEASON_SMALL_GOLD_25_S26";"[T0] UNIQUE_LOOTCHEST_CONQUEROR_SEASON_SMALL_GOLD_25_S26";"";"";"";"";"";"";""
"Other";"";"";"UNIQUE_LOOTCHEST_CONQUEROR_SEASON_SMALL_GOLD_50_PH";"UNIQUE_LOOTCHEST_CONQUEROR_SEASON_SMALL_GOLD_50_PH";"[T0] UNIQUE_LOOTCHEST_CONQUEROR_SEASON_SMALL_GOLD_50_PH";"";"";"";"";"";"";""
"Other";"";"";"UNIQUE_LOOTCHEST_CONQUEROR_SEASON_SMALL_GOLD_50_S22";"UNIQUE_LOOTCHEST_CONQUEROR_SEASON_SMALL_GOLD_50_S22";"[T0] UNIQUE_LOOTCHEST_CONQUEROR_SEASON_SMALL_GOLD_50_S22";"";"";"";"";"";"";""
"Other";"";"";"UNIQUE_LOOTCHEST_CONQUEROR_SEASON_SMALL_GOLD_50_S23";"UNIQUE_LOOTCHEST_CONQUEROR_SEASON_SMALL_GOLD_50_S23";"[T0] UNIQUE_LOOTCHEST_CONQUEROR_SEASON_SMALL_GOLD_50_S23";"";"";"";"";"";"";""
"Other";"";"";"UNIQUE_LOOTCHEST_CONQUEROR_SEASON_SMALL_GOLD_50_S24";"UNIQUE_LOOTCHEST_CONQUEROR_SEASON_SMALL_GOLD_50_S24";"[T0] UNIQUE_LOOTCHEST_CONQUEROR_SEASON_SMALL_GOLD_50_S24";"";"";"";"";"";"";""
"Other";"";"";"UNIQUE_LOOTCHEST_CONQUEROR_SEASON_SMALL_GOLD_50_S25";"UNIQUE_LOOTCHEST_CONQUEROR_SEASON_SMALL_GOLD_50_S25";"[T0] UNIQUE_LOOTCHEST_CONQUEROR_SEASON_SMALL_GOLD_50_S25";"";"";"";"";"";"";""
"Other";"";"";"UNIQUE_LOOTCHEST_CONQUEROR_SEASON_SMALL_GOLD_50_S26";"UNIQUE_LOOTCHEST_CONQUEROR_SEASON_SMALL_GOLD_50_S26";"[T0] UNIQUE_LOOTCHEST_CONQUEROR_SEASON_SMALL_GOLD_50_S26";"";"";"";"";"";"";""
"Other";"";"";"UNIQUE_LOOTCHEST_CONQUEROR_SEASON_SMALL_GOLD_REST_PH";"UNIQUE_LOOTCHEST_CONQUEROR_SEASON_SMALL_GOLD_REST_PH";"[T0] UNIQUE_LOOTCHEST_CONQUEROR_SEASON_SMALL_GOLD_REST_PH";"";"";"";"";"";"";""
"Other";"";"";"UNIQUE_LOOTCHEST_CONQUEROR_SEASON_SMALL_GOLD_REST_S22";"UNIQUE_LOOTCHEST_CONQUEROR_SEASON_SMALL_GOLD_REST_S22";"[T0] UNIQUE_LOOTCHEST_CONQUEROR_SEASON_SMALL_GOLD_REST_S22";"";"";"";"";"";"";""
"Other";"";"";"UNIQUE_LOOTCHEST_CONQUEROR_SEASON_SMALL_GOLD_REST_S23";"UNIQUE_LOOTCHEST_CONQUEROR_SEASON_SMALL_GOLD_REST_S23";"[T0] UNIQUE_LOOTCHEST_CONQUEROR_SEASON_SMALL_GOLD_REST_S23";"";"";"";"";"";"";""
"Other";"";"";"UNIQUE_LOOTCHEST_CONQUEROR_SEASON_SMALL_GOLD_REST_S24";"UNIQUE_LOOTCHEST_CONQUEROR_SEASON_SMALL_GOLD_REST_S24";"[T0] UNIQUE_LOOTCHEST_CONQUEROR_SEASON_SMALL_GOLD_REST_S24";"";"";"";"";"";"";""
"Other";"";"";"UNIQUE_LOOTCHEST_CONQUEROR_SEASON_SMALL_GOLD_REST_S25";"UNIQUE_LOOTCHEST_CONQUEROR_SEASON_SMALL_GOLD_REST_S25";"[T0] UNIQUE_LOOTCHEST_CONQUEROR_SEASON_SMALL_GOLD_REST_S25";"";"";"";"";"";"";""
"Other";"";"";"UNIQUE_LOOTCHEST_CONQUEROR_SEASON_SMALL_GOLD_REST_S26";"UNIQUE_LOOTCHEST_CONQUEROR_SEASON_SMALL_GOLD_REST_S26";"[T0] UNIQUE_LOOTCHEST_CONQUEROR_SEASON_SMALL_GOLD_REST_S26";"";"";"";"";"";"";""
"Other";"";"";"UNIQUE_LOOTCHEST_CONQUEROR_SEASON_SMALL_IRON_REST_PH";"UNIQUE_LOOTCHEST_CONQUEROR_SEASON_SMALL_IRON_REST_PH";"[T0] UNIQUE_LOOTCHEST_CONQUEROR_SEASON_SMALL_IRON_REST_PH";"";"";"";"";"";"";""
"Other";"";"";"UNIQUE_LOOTCHEST_CONQUEROR_SEASON_SMALL_IRON_REST_S22";"UNIQUE_LOOTCHEST_CONQUEROR_SEASON_SMALL_IRON_REST_S22";"[T0] UNIQUE_LOOTCHEST_CONQUEROR_SEASON_SMALL_IRON_REST_S22";"";"";"";"";"";"";""
"Other";"";"";"UNIQUE_LOOTCHEST_CONQUEROR_SEASON_SMALL_IRON_REST_S23";"UNIQUE_LOOTCHEST_CONQUEROR_SEASON_SMALL_IRON_REST_S23";"[T0] UNIQUE_LOOTCHEST_CONQUEROR_SEASON_SMALL_IRON_REST_S23";"";"";"";"";"";"";""
"Other";"";"";"UNIQUE_LOOTCHEST_CONQUEROR_SEASON_SMALL_IRON_REST_S24";"UNIQUE_LOOTCHEST_CONQUEROR_SEASON_SMALL_IRON_REST_S24";"[T0] UNIQUE_LOOTCHEST_CONQUEROR_SEASON_SMALL_IRON_REST_S24";"";"";"";"";"";"";""
"Other";"";"";"UNIQUE_LOOTCHEST_CONQUEROR_SEASON_SMALL_IRON_REST_S25";"UNIQUE_LOOTCHEST_CONQUEROR_SEASON_SMALL_IRON_REST_S25";"[T0] UNIQUE_LOOTCHEST_CONQUEROR_SEASON_SMALL_IRON_REST_S25";"";"";"";"";"";"";""
"Other";"";"";"UNIQUE_LOOTCHEST_CONQUEROR_SEASON_SMALL_IRON_REST_S26";"UNIQUE_LOOTCHEST_CONQUEROR_SEASON_SMALL_IRON_REST_S26";"[T0] UNIQUE_LOOTCHEST_CONQUEROR_SEASON_SMALL_IRON_REST_S26";"";"";"";"";"";"";""
"Other";"";"";"UNIQUE_LOOTCHEST_CONQUEROR_SEASON_SMALL_SILVER_150_PH";"UNIQUE_LOOTCHEST_CONQUEROR_SEASON_SMALL_SILVER_150_PH";"[T0] UNIQUE_LOOTCHEST_CONQUEROR_SEASON_SMALL_SILVER_150_PH";"";"";"";"";"";"";""
"Other";"";"";"UNIQUE_LOOTCHEST_CONQUEROR_SEASON_SMALL_SILVER_150_S22";"UNIQUE_LOOTCHEST_CONQUEROR_SEASON_SMALL_SILVER_150_S22";"[T0] UNIQUE_LOOTCHEST_CONQUEROR_SEASON_SMALL_SILVER_150_S22";"";"";"";"";"";"";""
"Other";"";"";"UNIQUE_LOOTCHEST_CONQUEROR_SEASON_SMALL_SILVER_150_S23";"UNIQUE_LOOTCHEST_CONQUEROR_SEASON_SMALL_SILVER_150_S23";"[T0] UNIQUE_LOOTCHEST_CONQUEROR_SEASON_SMALL_SILVER_150_S23";"";"";"";"";"";"";""
"Other";"";"";"UNIQUE_LOOTCHEST_CONQUEROR_SEASON_SMALL_SILVER_150_S24";"UNIQUE_LOOTCHEST_CONQUEROR_SEASON_SMALL_SILVER_150_S24";"[T0] UNIQUE_LOOTCHEST_CONQUEROR_SEASON_SMALL_SILVER_150_S24";"";"";"";"";"";"";""
"Other";"";"";"UNIQUE_LOOTCHEST_CONQUEROR_SEASON_SMALL_SILVER_150_S25";"UNIQUE_LOOTCHEST_CONQUEROR_SEASON_SMALL_SILVER_150_S25";"[T0] UNIQUE_LOOTCHEST_CONQUEROR_SEASON_SMALL_SILVER_150_S25";"";"";"";"";"";"";""
"Other";"";"";"UNIQUE_LOOTCHEST_CONQUEROR_SEASON_SMALL_SILVER_150_S26";"UNIQUE_LOOTCHEST_CONQUEROR_SEASON_SMALL_SILVER_150_S26";"[T0] UNIQUE_LOOTCHEST_CONQUEROR_SEASON_SMALL_SILVER_150_S26";"";"";"";"";"";"";""
"Other";"";"";"UNIQUE_LOOTCHEST_CONQUEROR_SEASON_SMALL_SILVER_25_PH";"UNIQUE_LOOTCHEST_CONQUEROR_SEASON_SMALL_SILVER_25_PH";"[T0] UNIQUE_LOOTCHEST_CONQUEROR_SEASON_SMALL_SILVER_25_PH";"";"";"";"";"";"";""
"Other";"";"";"UNIQUE_LOOTCHEST_CONQUEROR_SEASON_SMALL_SILVER_25_S22";"UNIQUE_LOOTCHEST_CONQUEROR_SEASON_SMALL_SILVER_25_S22";"[T0] UNIQUE_LOOTCHEST_CONQUEROR_SEASON_SMALL_SILVER_25_S22";"";"";"";"";"";"";""
"Other";"";"";"UNIQUE_LOOTCHEST_CONQUEROR_SEASON_SMALL_SILVER_25_S23";"UNIQUE_LOOTCHEST_CONQUEROR_SEASON_SMALL_SILVER_25_S23";"[T0] UNIQUE_LOOTCHEST_CONQUEROR_SEASON_SMALL_SILVER_25_S23";"";"";"";"";"";"";""
"Other";"";"";"UNIQUE_LOOTCHEST_CONQUEROR_SEASON_SMALL_SILVER_25_S24";"UNIQUE_LOOTCHEST_CONQUEROR_SEASON_SMALL_SILVER_25_S24";"[T0] UNIQUE_LOOTCHEST_CONQUEROR_SEASON_SMALL_SILVER_25_S24";"";"";"";"";"";"";""
"Other";"";"";"UNIQUE_LOOTCHEST_CONQUEROR_SEASON_SMALL_SILVER_25_S25";"UNIQUE_LOOTCHEST_CONQUEROR_SEASON_SMALL_SILVER_25_S25";"[T0] UNIQUE_LOOTCHEST_CONQUEROR_SEASON_SMALL_SILVER_25_S25";"";"";"";"";"";"";""
"Other";"";"";"UNIQUE_LOOTCHEST_CONQUEROR_SEASON_SMALL_SILVER_25_S26";"UNIQUE_LOOTCHEST_CONQUEROR_SEASON_SMALL_SILVER_25_S26";"[T0] UNIQUE_LOOTCHEST_CONQUEROR_SEASON_SMALL_SILVER_25_S26";"";"";"";"";"";"";""
"Other";"";"";"UNIQUE_LOOTCHEST_CONQUEROR_SEASON_SMALL_SILVER_75_PH";"UNIQUE_LOOTCHEST_CONQUEROR_SEASON_SMALL_SILVER_75_PH";"[T0] UNIQUE_LOOTCHEST_CONQUEROR_SEASON_SMALL_SILVER_75_PH";"";"";"";"";"";"";""
"Other";"";"";"UNIQUE_LOOTCHEST_CONQUEROR_SEASON_SMALL_SILVER_75_S22";"UNIQUE_LOOTCHEST_CONQUEROR_SEASON_SMALL_SILVER_75_S22";"[T0] UNIQUE_LOOTCHEST_CONQUEROR_SEASON_SMALL_SILVER_75_S22";"";"";"";"";"";"";""
"Other";"";"";"UNIQUE_LOOTCHEST_CONQUEROR_SEASON_SMALL_SILVER_75_S23";"UNIQUE_LOOTCHEST_CONQUEROR_SEASON_SMALL_SILVER_75_S23";"[T0] UNIQUE_LOOTCHEST_CONQUEROR_SEASON_SMALL_SILVER_75_S23";"";"";"";"";"";"";""
"Other";"";"";"UNIQUE_LOOTCHEST_CONQUEROR_SEASON_SMALL_SILVER_75_S24";"UNIQUE_LOOTCHEST_CONQUEROR_SEASON_SMALL_SILVER_75_S24";"[T0] UNIQUE_LOOTCHEST_CONQUEROR_SEASON_SMALL_SILVER_75_S24";"";"";"";"";"";"";""
"Other";"";"";"UNIQUE_LOOTCHEST_CONQUEROR_SEASON_SMALL_SILVER_75_S25";"UNIQUE_LOOTCHEST_CONQUEROR_SEASON_SMALL_SILVER_75_S25";"[T0] UNIQUE_LOOTCHEST_CONQUEROR_SEASON_SMALL_SILVER_75_S25";"";"";"";"";"";"";""
"Other";"";"";"UNIQUE_LOOTCHEST_CONQUEROR_SEASON_SMALL_SILVER_75_S26";"UNIQUE_LOOTCHEST_CONQUEROR_SEASON_SMALL_SILVER_75_S26";"[T0] UNIQUE_LOOTCHEST_CONQUEROR_SEASON_SMALL_SILVER_75_S26";"";"";"";"";"";"";""
"Other";"";"";"UNIQUE_LOOTCHEST_CONQUEROR_SEASON_SMALL_SILVER_REST_PH";"UNIQUE_LOOTCHEST_CONQUEROR_SEASON_SMALL_SILVER_REST_PH";"[T0] UNIQUE_LOOTCHEST_CONQUEROR_SEASON_SMALL_SILVER_REST_PH";"";"";"";"";"";"";""
"Other";"";"";"UNIQUE_LOOTCHEST_CONQUEROR_SEASON_SMALL_SILVER_REST_S22";"UNIQUE_LOOTCHEST_CONQUEROR_SEASON_SMALL_SILVER_REST_S22";"[T0] UNIQUE_LOOTCHEST_CONQUEROR_SEASON_SMALL_SILVER_REST_S22";"";"";"";"";"";"";""
"Other";"";"";"UNIQUE_LOOTCHEST_CONQUEROR_SEASON_SMALL_SILVER_REST_S23";"UNIQUE_LOOTCHEST_CONQUEROR_SEASON_SMALL_SILVER_REST_S23";"[T0] UNIQUE_LOOTCHEST_CONQUEROR_SEASON_SMALL_SILVER_REST_S23";"";"";"";"";"";"";""
"Other";"";"";"UNIQUE_LOOTCHEST_CONQUEROR_SEASON_SMALL_SILVER_REST_S24";"UNIQUE_LOOTCHEST_CONQUEROR_SEASON_SMALL_SILVER_REST_S24";"[T0] UNIQUE_LOOTCHEST_CONQUEROR_SEASON_SMALL_SILVER_REST_S24";"";"";"";"";"";"";""
"Other";"";"";"UNIQUE_LOOTCHEST_CONQUEROR_SEASON_SMALL_SILVER_REST_S25";"UNIQUE_LOOTCHEST_CONQUEROR_SEASON_SMALL_SILVER_REST_S25";"[T0] UNIQUE_LOOTCHEST_CONQUEROR_SEASON_SMALL_SILVER_REST_S25";"";"";"";"";"";"";""
"Other";"";"";"UNIQUE_LOOTCHEST_CONQUEROR_SEASON_SMALL_SILVER_REST_S26";"UNIQUE_LOOTCHEST_CONQUEROR_SEASON_SMALL_SILVER_REST_S26";"[T0] UNIQUE_LOOTCHEST_CONQUEROR_SEASON_SMALL_SILVER_REST_S26";"";"";"";"";"";"";""
"Other";"";"";"UNIQUE_LOOTCHEST_FACTIONCAMPAIGN_REWARD_NEUTRAL";"UNIQUE_LOOTCHEST_FACTIONCAMPAIGN_REWARD_NEUTRAL";"[T0] UNIQUE_LOOTCHEST_FACTIONCAMPAIGN_REWARD_NEUTRAL";"";"";"";"";"";"";""
"Other";"";"";"UNIQUE_MOUNT_ARMORED_HORSE_KNIGHT_01_TEST";"UNIQUE_MOUNT_ARMORED_HORSE_KNIGHT_01_TEST";"[T0] UNIQUE_MOUNT_ARMORED_HORSE_KNIGHT_01_TEST";"";"";"";"";"";"";""
"Other";"";"";"UNIQUE_MOUNT_DRAKE";"UNIQUE_MOUNT_DRAKE";"[T0] UNIQUE_MOUNT_DRAKE";"";"";"";"";"";"";""
"Other";"";"";"UNIQUE_MOUNT_PANDA_TELLAFRIEND";"UNIQUE_MOUNT_PANDA_TELLAFRIEND";"[T0] UNIQUE_MOUNT_PANDA_TELLAFRIEND";"";"";"";"";"";"";""
"Other";"";"";"UNIQUE_MOUNT_RHINO_TELLAFRIEND";"UNIQUE_MOUNT_RHINO_TELLAFRIEND";"[T0] UNIQUE_MOUNT_RHINO_TELLAFRIEND";"";"";"";"";"";"";""
"Other";"";"";"UNIQUE_REPAIRPOWDER_ADC_GENERAL_01_NONTRADEABLE";"UNIQUE_REPAIRPOWDER_ADC_GENERAL_01_NONTRADEABLE";"[T0] UNIQUE_REPAIRPOWDER_ADC_GENERAL_01_NONTRADEABLE";"";"";"";"";"";"";""
"Other";"";"";"UNIQUE_TEST_DUNGEONMAP_PROTOTYPE";"UNIQUE_TEST_DUNGEONMAP_PROTOTYPE";"[T0] UNIQUE_TEST_DUNGEONMAP_PROTOTYPE";"";"";"";"";"";"";""
"Other";"";"";"UNIQUE_UNLOCK_AVATAR_BEAR_01";"UNIQUE_UNLOCK_AVATAR_BEAR_01";"[T0] UNIQUE_UNLOCK_AVATAR_BEAR_01";"";"";"";"";"";"";""
"Other";"";"";"UNIQUE_UNLOCK_AVATAR_FW_SOLDIER";"UNIQUE_UNLOCK_AVATAR_FW_SOLDIER";"[T0] UNIQUE_UNLOCK_AVATAR_FW_SOLDIER";"";"";"";"";"";"";""
"Other";"";"";"UNIQUE_UNLOCK_AVATAR_HARVESTER_01";"UNIQUE_UNLOCK_AVATAR_HARVESTER_01";"[T0] UNIQUE_UNLOCK_AVATAR_HARVESTER_01";"";"";"";"";"";"";""
"Other";"";"";"UNIQUE_UNLOCK_AVATAR_MERCENARY_01";"UNIQUE_UNLOCK_AVATAR_MERCENARY_01";"[T0] UNIQUE_UNLOCK_AVATAR_MERCENARY_01";"";"";"";"";"";"";""
"Other";"";"";"UNIQUE_UNLOCK_AVATAR_MORGANA_01";"UNIQUE_UNLOCK_AVATAR_MORGANA_01";"[T0] UNIQUE_UNLOCK_AVATAR_MORGANA_01";"";"";"";"";"";"";""
"Other";"";"";"UNIQUE_UNLOCK_AVATAR_WOLF_01";"UNIQUE_UNLOCK_AVATAR_WOLF_01";"[T0] UNIQUE_UNLOCK_AVATAR_WOLF_01";"";"";"";"";"";"";""
"Other";"";"";"UNIQUE_UNLOCK_AVATARRING_FW_SOLDIER";"UNIQUE_UNLOCK_AVATARRING_FW_SOLDIER";"[T0] UNIQUE_UNLOCK_AVATARRING_FW_SOLDIER";"";"";"";"";"";"";""
"Other";"";"";"UNIQUE_UNLOCK_LORE_KEEPER_01";"UNIQUE_UNLOCK_LORE_KEEPER_01";"[T0] UNIQUE_UNLOCK_LORE_KEEPER_01";"";"";"";"";"";"";""
"Other";"";"";"UNIQUE_UNLOCK_LORE_KEEPER_02";"UNIQUE_UNLOCK_LORE_KEEPER_02";"[T0] UNIQUE_UNLOCK_LORE_KEEPER_02";"";"";"";"";"";"";""
"Other";"";"";"UNIQUE_UNLOCK_LORE_KEEPER_03";"UNIQUE_UNLOCK_LORE_KEEPER_03";"[T0] UNIQUE_UNLOCK_LORE_KEEPER_03";"";"";"";"";"";"";""
"Other";"";"";"UNIQUE_UNLOCK_LORE_KEEPER_04";"UNIQUE_UNLOCK_LORE_KEEPER_04";"[T0] UNIQUE_UNLOCK_LORE_KEEPER_04";"";"";"";"";"";"";""
"Other";"";"";"UNIQUE_UNLOCK_LORE_KEEPER_05";"UNIQUE_UNLOCK_LORE_KEEPER_05";"[T0] UNIQUE_UNLOCK_LORE_KEEPER_05";"";"";"";"";"";"";""
"Other";"";"";"UNIQUE_UNLOCK_LORE_KEEPER_06";"UNIQUE_UNLOCK_LORE_KEEPER_06";"[T0] UNIQUE_UNLOCK_LORE_KEEPER_06";"";"";"";"";"";"";""
"Other";"";"";"UNIQUE_UNLOCK_LORE_KEEPER_07";"UNIQUE_UNLOCK_LORE_KEEPER_07";"[T0] UNIQUE_UNLOCK_LORE_KEEPER_07";"";"";"";"";"";"";""
"Other";"";"";"UNIQUE_UNLOCK_LORE_KEEPER_13";"UNIQUE_UNLOCK_LORE_KEEPER_13";"[T0] UNIQUE_UNLOCK_LORE_KEEPER_13";"";"";"";"";"";"";""
"Other";"";"";"UNIQUE_UNLOCK_SKIN_ARMORED_HORSE_GREEN_TELLAFRIEND";"UNIQUE_UNLOCK_SKIN_ARMORED_HORSE_GREEN_TELLAFRIEND";"[T0] UNIQUE_UNLOCK_SKIN_ARMORED_HORSE_GREEN_TELLAFRIEND";"";"";"";"";"";"";""
"Other";"";"";"UNIQUE_UNLOCK_SKIN_ARMORED_HORSE_HERETIC_PONY_TELLAFRIEND_UNTRADEABLE";"UNIQUE_UNLOCK_SKIN_ARMORED_HORSE_HERETIC_PONY_TELLAFRIEND_UNTRADEABLE";"[T0] UNIQUE_UNLOCK_SKIN_ARMORED_HORSE_HERETIC_PONY_TELLAFRIEND_UNTRADEABLE";"";"";"";"";"";"";""
"Other";"";"";"UNIQUE_UNLOCK_SKIN_ARMORED_HORSE_HERETIC_PONY_TELLAFRIEND_UNTRADEABLE_2026";"UNIQUE_UNLOCK_SKIN_ARMORED_HORSE_HERETIC_PONY_TELLAFRIEND_UNTRADEABLE_2026";"[T0] UNIQUE_UNLOCK_SKIN_ARMORED_HORSE_HERETIC_PONY_TELLAFRIEND_UNTRADEABLE_2026";"";"";"";"";"";"";""
"Other";"";"";"UNIQUE_UNLOCK_SKIN_ARMORED_HORSE_UNDEAD_UNTRADEABLE";"UNIQUE_UNLOCK_SKIN_ARMORED_HORSE_UNDEAD_UNTRADEABLE";"[T0] UNIQUE_UNLOCK_SKIN_ARMORED_HORSE_UNDEAD_UNTRADEABLE";"";"";"";"";"";"";""
"Other";"";"";"UNIQUE_UNLOCK_SKIN_COUGAR_ARMORED_GREY_UNTRADEABLE";"UNIQUE_UNLOCK_SKIN_COUGAR_ARMORED_GREY_UNTRADEABLE";"[T0] UNIQUE_UNLOCK_SKIN_COUGAR_ARMORED_GREY_UNTRADEABLE";"";"";"";"";"";"";""
"Other";"";"";"UNIQUE_UNLOCK_SKIN_COUGAR_JAGUAR_TELLAFRIEND_UNTRADEABLE";"UNIQUE_UNLOCK_SKIN_COUGAR_JAGUAR_TELLAFRIEND_UNTRADEABLE";"[T0] UNIQUE_UNLOCK_SKIN_COUGAR_JAGUAR_TELLAFRIEND_UNTRADEABLE";"";"";"";"";"";"";""
"Other";"";"";"UNIQUE_UNLOCK_SKIN_COUGAR_JAGUAR_TELLAFRIEND_UNTRADEABLE_2026";"UNIQUE_UNLOCK_SKIN_COUGAR_JAGUAR_TELLAFRIEND_UNTRADEABLE_2026";"[T0] UNIQUE_UNLOCK_SKIN_COUGAR_JAGUAR_TELLAFRIEND_UNTRADEABLE_2026";"";"";"";"";"";"";""
"Other";"";"";"UNIQUE_UNLOCK_SKIN_COUGAR_LYNX_TELLAFRIEND_UNTRADEABLE";"UNIQUE_UNLOCK_SKIN_COUGAR_LYNX_TELLAFRIEND_UNTRADEABLE";"[T0] UNIQUE_UNLOCK_SKIN_COUGAR_LYNX_TELLAFRIEND_UNTRADEABLE";"";"";"";"";"";"";""
"Other";"";"";"UNIQUE_UNLOCK_SKIN_COUGAR_LYNX_TELLAFRIEND_UNTRADEABLE_2025";"UNIQUE_UNLOCK_SKIN_COUGAR_LYNX_TELLAFRIEND_UNTRADEABLE_2025";"[T0] UNIQUE_UNLOCK_SKIN_COUGAR_LYNX_TELLAFRIEND_UNTRADEABLE_2025";"";"";"";"";"";"";""
"Other";"";"";"UNIQUE_UNLOCK_SKIN_COUGAR_MUMMY_TELLAFRIEND_UNTRADEABLE";"UNIQUE_UNLOCK_SKIN_COUGAR_MUMMY_TELLAFRIEND_UNTRADEABLE";"[T0] UNIQUE_UNLOCK_SKIN_COUGAR_MUMMY_TELLAFRIEND_UNTRADEABLE";"";"";"";"";"";"";""
"Other";"";"";"UNIQUE_UNLOCK_SKIN_COUGAR_OCCULT_UNTRADEABLE";"UNIQUE_UNLOCK_SKIN_COUGAR_OCCULT_UNTRADEABLE";"[T0] UNIQUE_UNLOCK_SKIN_COUGAR_OCCULT_UNTRADEABLE";"";"";"";"";"";"";""
"Other";"";"";"UNIQUE_UNLOCK_SKIN_COUGAR_SNOWLEOPARD_TELLAFRIEND_UNTRADEABLE";"UNIQUE_UNLOCK_SKIN_COUGAR_SNOWLEOPARD_TELLAFRIEND_UNTRADEABLE";"[T0] UNIQUE_UNLOCK_SKIN_COUGAR_SNOWLEOPARD_TELLAFRIEND_UNTRADEABLE";"";"";"";"";"";"";""
"Other";"";"";"UNIQUE_UNLOCK_SKIN_COUGAR_SNOWLEOPARD_TELLAFRIEND_UNTRADEABLE_2025";"UNIQUE_UNLOCK_SKIN_COUGAR_SNOWLEOPARD_TELLAFRIEND_UNTRADEABLE_2025";"[T0] UNIQUE_UNLOCK_SKIN_COUGAR_SNOWLEOPARD_TELLAFRIEND_UNTRADEABLE_2025";"";"";"";"";"";"";""
"Other";"";"";"UNIQUE_UNLOCK_SKIN_COUGAR_TIGER_WHITE_TELLAFRIEND_UNTRADEABLE";"UNIQUE_UNLOCK_SKIN_COUGAR_TIGER_WHITE_TELLAFRIEND_UNTRADEABLE";"[T0] UNIQUE_UNLOCK_SKIN_COUGAR_TIGER_WHITE_TELLAFRIEND_UNTRADEABLE";"";"";"";"";"";"";""
"Other";"";"";"UNIQUE_UNLOCK_SKIN_DIREBEAR_PANDA_TELLAFRIEND_UNTRADEABLE";"UNIQUE_UNLOCK_SKIN_DIREBEAR_PANDA_TELLAFRIEND_UNTRADEABLE";"[T0] UNIQUE_UNLOCK_SKIN_DIREBEAR_PANDA_TELLAFRIEND_UNTRADEABLE";"";"";"";"";"";"";""
"Other";"";"";"UNIQUE_UNLOCK_SKIN_DIREBOAR_WHITE_TELLAFRIEND_UNTRADEABLE";"UNIQUE_UNLOCK_SKIN_DIREBOAR_WHITE_TELLAFRIEND_UNTRADEABLE";"[T0] UNIQUE_UNLOCK_SKIN_DIREBOAR_WHITE_TELLAFRIEND_UNTRADEABLE";"";"";"";"";"";"";""
"Other";"";"";"UNIQUE_UNLOCK_SKIN_DIREWOLF_BOBTAIL_UNTRADEABLE";"UNIQUE_UNLOCK_SKIN_DIREWOLF_BOBTAIL_UNTRADEABLE";"[T0] UNIQUE_UNLOCK_SKIN_DIREWOLF_BOBTAIL_UNTRADEABLE";"";"";"";"";"";"";""
"Other";"";"";"UNIQUE_UNLOCK_SKIN_DIREWOLF_HYENA_TELLAFRIEND_UNTRADEABLE";"UNIQUE_UNLOCK_SKIN_DIREWOLF_HYENA_TELLAFRIEND_UNTRADEABLE";"[T0] UNIQUE_UNLOCK_SKIN_DIREWOLF_HYENA_TELLAFRIEND_UNTRADEABLE";"";"";"";"";"";"";""
"Other";"";"";"UNIQUE_UNLOCK_SKIN_DIREWOLF_SHEPHERD_TELLAFRIEND_UNTRADEABLE";"UNIQUE_UNLOCK_SKIN_DIREWOLF_SHEPHERD_TELLAFRIEND_UNTRADEABLE";"[T0] UNIQUE_UNLOCK_SKIN_DIREWOLF_SHEPHERD_TELLAFRIEND_UNTRADEABLE";"";"";"";"";"";"";""
"Other";"";"";"UNIQUE_UNLOCK_SKIN_DIREWOLF_SNOWFOX_TELLAFRIEND_UNTRADEABLE";"UNIQUE_UNLOCK_SKIN_DIREWOLF_SNOWFOX_TELLAFRIEND_UNTRADEABLE";"[T0] UNIQUE_UNLOCK_SKIN_DIREWOLF_SNOWFOX_TELLAFRIEND_UNTRADEABLE";"";"";"";"";"";"";""
"Other";"";"";"UNIQUE_UNLOCK_SKIN_DIREWOLF_XMAS_DIREFOX_TELLAFRIEND";"UNIQUE_UNLOCK_SKIN_DIREWOLF_XMAS_DIREFOX_TELLAFRIEND";"[T0] UNIQUE_UNLOCK_SKIN_DIREWOLF_XMAS_DIREFOX_TELLAFRIEND";"";"";"";"";"";"";""
"Other";"";"";"UNIQUE_UNLOCK_SKIN_DIREWOLF_XMAS_DIREFOX_TELLAFRIEND_UNTRADEABLE";"UNIQUE_UNLOCK_SKIN_DIREWOLF_XMAS_DIREFOX_TELLAFRIEND_UNTRADEABLE";"[T0] UNIQUE_UNLOCK_SKIN_DIREWOLF_XMAS_DIREFOX_TELLAFRIEND_UNTRADEABLE";"";"";"";"";"";"";""
"Other";"";"";"UNIQUE_UNLOCK_SKIN_GIANTSTAG_ALPACA_UNTRADEABLE";"UNIQUE_UNLOCK_SKIN_GIANTSTAG_ALPACA_UNTRADEABLE";"[T0] UNIQUE_UNLOCK_SKIN_GIANTSTAG_ALPACA_UNTRADEABLE";"";"";"";"";"";"";""
"Other";"";"";"UNIQUE_UNLOCK_SKIN_GIANTSTAG_FAWN_TELLAFRIEND_UNTRADEABLE";"UNIQUE_UNLOCK_SKIN_GIANTSTAG_FAWN_TELLAFRIEND_UNTRADEABLE";"[T0] UNIQUE_UNLOCK_SKIN_GIANTSTAG_FAWN_TELLAFRIEND_UNTRADEABLE";"";"";"";"";"";"";""
"Other";"";"";"UNIQUE_UNLOCK_SKIN_GIANTSTAG_FAWN_TELLAFRIEND_UNTRADEABLE_2025";"UNIQUE_UNLOCK_SKIN_GIANTSTAG_FAWN_TELLAFRIEND_UNTRADEABLE_2025";"[T0] UNIQUE_UNLOCK_SKIN_GIANTSTAG_FAWN_TELLAFRIEND_UNTRADEABLE_2025";"";"";"";"";"";"";""
"Other";"";"";"UNIQUE_UNLOCK_SKIN_GIANTSTAG_ICE_MOOSE_TELLAFRIEND_UNTRADEABLE";"UNIQUE_UNLOCK_SKIN_GIANTSTAG_ICE_MOOSE_TELLAFRIEND_UNTRADEABLE";"[T0] UNIQUE_UNLOCK_SKIN_GIANTSTAG_ICE_MOOSE_TELLAFRIEND_UNTRADEABLE";"";"";"";"";"";"";""
"Other";"";"";"UNIQUE_UNLOCK_SKIN_GIANTSTAG_MIST_DEER_TELLAFRIEND_UNTRADEABLE";"UNIQUE_UNLOCK_SKIN_GIANTSTAG_MIST_DEER_TELLAFRIEND_UNTRADEABLE";"[T0] UNIQUE_UNLOCK_SKIN_GIANTSTAG_MIST_DEER_TELLAFRIEND_UNTRADEABLE";"";"";"";"";"";"";""
"Other";"";"";"UNIQUE_UNLOCK_SKIN_GIANTSTAG_MIST_DEER_TELLAFRIEND_UNTRADEABLE_2026";"UNIQUE_UNLOCK_SKIN_GIANTSTAG_MIST_DEER_TELLAFRIEND_UNTRADEABLE_2026";"[T0] UNIQUE_UNLOCK_SKIN_GIANTSTAG_MIST_DEER_TELLAFRIEND_UNTRADEABLE_2026";"";"";"";"";"";"";""
"Other";"";"";"UNIQUE_UNLOCK_SKIN_GIANTSTAG_REINDEER_TELLAFRIEND_UNTRADEABLE";"UNIQUE_UNLOCK_SKIN_GIANTSTAG_REINDEER_TELLAFRIEND_UNTRADEABLE";"[T0] UNIQUE_UNLOCK_SKIN_GIANTSTAG_REINDEER_TELLAFRIEND_UNTRADEABLE";"";"";"";"";"";"";""
"Other";"";"";"UNIQUE_UNLOCK_SKIN_GIANTSTAG_REINDEER_TELLAFRIEND_UNTRADEABLE_2025";"UNIQUE_UNLOCK_SKIN_GIANTSTAG_REINDEER_TELLAFRIEND_UNTRADEABLE_2025";"[T0] UNIQUE_UNLOCK_SKIN_GIANTSTAG_REINDEER_TELLAFRIEND_UNTRADEABLE_2025";"";"";"";"";"";"";""
"Other";"";"";"UNIQUE_UNLOCK_SKIN_HORSE_ANNIVERSARY_2026";"UNIQUE_UNLOCK_SKIN_HORSE_ANNIVERSARY_2026";"[T0] UNIQUE_UNLOCK_SKIN_HORSE_ANNIVERSARY_2026";"";"";"";"";"";"";""
"Other";"";"";"UNIQUE_UNLOCK_SKIN_HORSE_GUILDBANNER_UNTRADEABLE";"UNIQUE_UNLOCK_SKIN_HORSE_GUILDBANNER_UNTRADEABLE";"[T0] UNIQUE_UNLOCK_SKIN_HORSE_GUILDBANNER_UNTRADEABLE";"";"";"";"";"";"";""
"Other";"";"";"UNIQUE_UNLOCK_SKIN_HORSE_GUILDBANNER_UNTRADEABLE_2025";"UNIQUE_UNLOCK_SKIN_HORSE_GUILDBANNER_UNTRADEABLE_2025";"[T0] UNIQUE_UNLOCK_SKIN_HORSE_GUILDBANNER_UNTRADEABLE_2025";"";"";"";"";"";"";""
"Other";"";"";"UNIQUE_UNLOCK_SKIN_HORSE_JESTER_TELLAFRIEND_UNTRADEABLE";"UNIQUE_UNLOCK_SKIN_HORSE_JESTER_TELLAFRIEND_UNTRADEABLE";"[T0] UNIQUE_UNLOCK_SKIN_HORSE_JESTER_TELLAFRIEND_UNTRADEABLE";"";"";"";"";"";"";""
"Other";"";"";"UNIQUE_UNLOCK_SKIN_HORSE_UNICORN_WHITE_TELLAFRIEND_UNTRADEABLE";"UNIQUE_UNLOCK_SKIN_HORSE_UNICORN_WHITE_TELLAFRIEND_UNTRADEABLE";"[T0] UNIQUE_UNLOCK_SKIN_HORSE_UNICORN_WHITE_TELLAFRIEND_UNTRADEABLE";"";"";"";"";"";"";""
"Other";"";"";"UNIQUE_UNLOCK_SKIN_HORSE_UNICORN_WHITE_TELLAFRIEND_UNTRADEABLE_2025";"UNIQUE_UNLOCK_SKIN_HORSE_UNICORN_WHITE_TELLAFRIEND_UNTRADEABLE_2025";"[T0] UNIQUE_UNLOCK_SKIN_HORSE_UNICORN_WHITE_TELLAFRIEND_UNTRADEABLE_2025";"";"";"";"";"";"";""
"Other";"";"";"UNIQUE_UNLOCK_SKIN_HORSE_VAMPIRE_TELLAFRIEND_UNTRADEABLE";"UNIQUE_UNLOCK_SKIN_HORSE_VAMPIRE_TELLAFRIEND_UNTRADEABLE";"[T0] UNIQUE_UNLOCK_SKIN_HORSE_VAMPIRE_TELLAFRIEND_UNTRADEABLE";"";"";"";"";"";"";""
"Other";"";"";"UNIQUE_UNLOCK_SKIN_HORSE_VAMPIRE_TELLAFRIEND_UNTRADEABLE_2025";"UNIQUE_UNLOCK_SKIN_HORSE_VAMPIRE_TELLAFRIEND_UNTRADEABLE_2025";"[T0] UNIQUE_UNLOCK_SKIN_HORSE_VAMPIRE_TELLAFRIEND_UNTRADEABLE_2025";"";"";"";"";"";"";""
"Other";"";"";"UNIQUE_UNLOCK_SKIN_LIZARD_SAND_SALAMANDER_TELLAFRIEND_UNTRADEABLE";"UNIQUE_UNLOCK_SKIN_LIZARD_SAND_SALAMANDER_TELLAFRIEND_UNTRADEABLE";"[T0] UNIQUE_UNLOCK_SKIN_LIZARD_SAND_SALAMANDER_TELLAFRIEND_UNTRADEABLE";"";"";"";"";"";"";""
"Other";"";"";"UNIQUE_UNLOCK_SKIN_OX_BETSY_TELLAFRIEND_UNTRADEABLE";"UNIQUE_UNLOCK_SKIN_OX_BETSY_TELLAFRIEND_UNTRADEABLE";"[T0] UNIQUE_UNLOCK_SKIN_OX_BETSY_TELLAFRIEND_UNTRADEABLE";"";"";"";"";"";"";""
"Other";"";"";"UNIQUE_UNLOCK_SKIN_OX_CART_LUXUS_TELLAFRIEND_UNTRADEABLE";"UNIQUE_UNLOCK_SKIN_OX_CART_LUXUS_TELLAFRIEND_UNTRADEABLE";"[T0] UNIQUE_UNLOCK_SKIN_OX_CART_LUXUS_TELLAFRIEND_UNTRADEABLE";"";"";"";"";"";"";""
"Other";"";"";"UNIQUE_UNLOCK_SKIN_OX_CART_LUXUS_TELLAFRIEND_UNTRADEABLE_2025";"UNIQUE_UNLOCK_SKIN_OX_CART_LUXUS_TELLAFRIEND_UNTRADEABLE_2025";"[T0] UNIQUE_UNLOCK_SKIN_OX_CART_LUXUS_TELLAFRIEND_UNTRADEABLE_2025";"";"";"";"";"";"";""
"Other";"";"";"UNIQUE_UNLOCK_SKIN_OX_FARMER_TELLAFRIEND_UNTRADEABLE";"UNIQUE_UNLOCK_SKIN_OX_FARMER_TELLAFRIEND_UNTRADEABLE";"[T0] UNIQUE_UNLOCK_SKIN_OX_FARMER_TELLAFRIEND_UNTRADEABLE";"";"";"";"";"";"";""
"Other";"";"";"UNIQUE_UNLOCK_SKIN_OX_FARMER_TELLAFRIEND_UNTRADEABLE_2026";"UNIQUE_UNLOCK_SKIN_OX_FARMER_TELLAFRIEND_UNTRADEABLE_2026";"[T0] UNIQUE_UNLOCK_SKIN_OX_FARMER_TELLAFRIEND_UNTRADEABLE_2026";"";"";"";"";"";"";""
"Other";"";"";"UNIQUE_UNLOCK_SKIN_OX_XMAS_YAK_TELLAFRIEND_UNTRADEABLE";"UNIQUE_UNLOCK_SKIN_OX_XMAS_YAK_TELLAFRIEND_UNTRADEABLE";"[T0] UNIQUE_UNLOCK_SKIN_OX_XMAS_YAK_TELLAFRIEND_UNTRADEABLE";"";"";"";"";"";"";""
"Other";"";"";"UNIQUE_WEAPONMASTER_IDLE_PROTOTYPE";"UNIQUE_WEAPONMASTER_IDLE_PROTOTYPE";"[T0] UNIQUE_WEAPONMASTER_IDLE_PROTOTYPE";"";"";"";"";"";"";""
"Other";"";"";"UNIQUE_WEAPONMASTER_POTION_PROTOTYPE";"UNIQUE_WEAPONMASTER_POTION_PROTOTYPE";"[T0] UNIQUE_WEAPONMASTER_POTION_PROTOTYPE";"";"";"";"";"";"";""
"Other";"";"";"Unicorn";"SKIN_HORSE_UNICORN_WHITE_TELLAFRIEND";"[T0] Unicorn";"";"";"";"";"";"";""
"Other";"";"";"Upland Coldeye";"T3_FISH_FRESHWATER_MOUNTAIN_RARE";"[T3] Upland Coldeye";"";"";"";"";"";"";""
"Other";"";"";"Upland Coldeye Pie";"T3_MEAL_PIE_FISH";"[T3] Upland Coldeye Pie";"";"";"";"";"";"";""
"Other";"";"";"Valorous stone sigil";"PLAYERISLAND_FURNITUREITEM_STONE_VALOR_EMBLEM_GROUND_B";"[T0] Valorous stone sigil";"";"";"";"";"";"";""
"Other";"";"";"Veiled Memento";"UNIQUE_FURNITUREITEM_KILLTROPHY_MISTS_MEDIUM";"[T0] Veiled Memento";"";"";"";"";"";"";""
"Other";"";"";"Venom Basilisk";"T7_MOUNT_ARMORED_SWAMPDRAGON_BATTLE";"[T7] Venom Basilisk";"";"";"";"";"";"";""
"Other";"";"";"Vibrant Spring Cottontail Egg";"T8_FARM_RABBIT_EASTER_BABY";"[T8] Vibrant Spring Cottontail Egg";"";"";"";"";"";"";""
"Other";"";"";"Victory Pouch (Arena)";"T2_LOOTBAG_ARENA_WIN_BASIC_0";"[T2] Victory Pouch (Arena)";"";"";"";"";"";"";""
"Other";"";"";"Victory Pouch (Bronze I)";"T2_LOOTBAG_ARENA_WIN_BASIC_3";"[T2] Victory Pouch (Bronze I)";"";"";"";"";"";"";""
"Other";"";"";"Victory Pouch (Bronze II)";"T2_LOOTBAG_ARENA_WIN_BASIC_4";"[T2] Victory Pouch (Bronze II)";"";"";"";"";"";"";""
"Other";"";"";"Victory Pouch (Bronze III)";"T2_LOOTBAG_ARENA_WIN_BASIC_BRONZE3";"[T2] Victory Pouch (Bronze III)";"";"";"";"";"";"";""
"Other";"";"";"Victory Pouch (Bronze IV)";"T2_LOOTBAG_ARENA_WIN_BASIC_BRONZE4";"[T2] Victory Pouch (Bronze IV)";"";"";"";"";"";"";""
"Other";"";"";"Victory Pouch (Crystal)";"T2_LOOTBAG_ARENA_WIN_BASIC_9";"[T2] Victory Pouch (Crystal)";"";"";"";"";"";"";""
"Other";"";"";"Victory Pouch (Gold I)";"T2_LOOTBAG_ARENA_WIN_BASIC_7";"[T2] Victory Pouch (Gold I)";"";"";"";"";"";"";""
"Other";"";"";"Victory Pouch (Gold II)";"T2_LOOTBAG_ARENA_WIN_BASIC_8";"[T2] Victory Pouch (Gold II)";"";"";"";"";"";"";""
"Other";"";"";"Victory Pouch (Gold III)";"T2_LOOTBAG_ARENA_WIN_BASIC_GOLD3";"[T2] Victory Pouch (Gold III)";"";"";"";"";"";"";""
"Other";"";"";"Victory Pouch (Gold IV)";"T2_LOOTBAG_ARENA_WIN_BASIC_GOLD4";"[T2] Victory Pouch (Gold IV)";"";"";"";"";"";"";""
"Other";"";"";"Victory Pouch (Iron I)";"T2_LOOTBAG_ARENA_WIN_BASIC_1";"[T2] Victory Pouch (Iron I)";"";"";"";"";"";"";""
"Other";"";"";"Victory Pouch (Iron II)";"T2_LOOTBAG_ARENA_WIN_BASIC_2";"[T2] Victory Pouch (Iron II)";"";"";"";"";"";"";""
"Other";"";"";"Victory Pouch (Iron III)";"T2_LOOTBAG_ARENA_WIN_BASIC_IRON3";"[T2] Victory Pouch (Iron III)";"";"";"";"";"";"";""
"Other";"";"";"Victory Pouch (Iron IV)";"T2_LOOTBAG_ARENA_WIN_BASIC_IRON4";"[T2] Victory Pouch (Iron IV)";"";"";"";"";"";"";""
"Other";"";"";"Victory Pouch (Silver I)";"T2_LOOTBAG_ARENA_WIN_BASIC_5";"[T2] Victory Pouch (Silver I)";"";"";"";"";"";"";""
"Other";"";"";"Victory Pouch (Silver II)";"T2_LOOTBAG_ARENA_WIN_BASIC_6";"[T2] Victory Pouch (Silver II)";"";"";"";"";"";"";""
"Other";"";"";"Victory Pouch (Silver III)";"T2_LOOTBAG_ARENA_WIN_BASIC_SILVER3";"[T2] Victory Pouch (Silver III)";"";"";"";"";"";"";""
"Other";"";"";"Victory Pouch (Silver IV)";"T2_LOOTBAG_ARENA_WIN_BASIC_SILVER4";"[T2] Victory Pouch (Silver IV)";"";"";"";"";"";"";""
"Other";"";"";"Vineheart";"T1_FACTION_SWAMP_TOKEN_1";"[T1] Vineheart";"";"";"";"";"";"";""
"Other";"";"";"Voyager's Cat";"SKIN_COUGAR_TRAVELING_CAT_AJ";"[T0] Voyager's Cat";"";"";"";"";"";"";""
"Other";"";"";"War Beast";"SKIN_DIREWOLF_BARBARIAN";"[T0] War Beast";"";"";"";"";"";"";""
"Other";"";"";"War Memento";"UNIQUE_FURNITUREITEM_KILLTROPHY_OPENWORLD_LARGE";"[T0] War Memento";"";"";"";"";"";"";""
"Other";"";"";"Warden's Backpack";"UNIQUE_BACKPACK_VANITY_KICKSTART";"[T0] Warden's Backpack";"";"";"";"";"";"";""
"Other";"";"";"Warden's Legendary Steed";"SKIN_HORSE_KICKSTART_2024_UPGRADE";"[T0] Warden's Legendary Steed";"";"";"";"";"";"";""
"Other";"";"";"Warden's Steed";"SKIN_HORSE_KICKSTART_2024";"[T0] Warden's Steed";"";"";"";"";"";"";""
"Other";"";"";"Wardrobe Skin: Bunny Stalker Basket";"UNIQUE_UNLOCK_BACKPACK_VANITY_EASTER";"[T0] Wardrobe Skin: Bunny Stalker Basket";"";"";"";"";"";"";""
"Other";"";"";"Wardrobe Skin: Warden's Backpack";"UNIQUE_UNLOCK_BACKPACK_VANITY_KICKSTART";"[T0] Wardrobe Skin: Warden's Backpack";"";"";"";"";"";"";""
"Other";"";"";"Wardrobe Skin: Yule Backpack";"UNIQUE_UNLOCK_BACKPACK_VANITY_SANTACLAUS";"[T0] Wardrobe Skin: Yule Backpack";"";"";"";"";"";"";""
"Other";"";"";"Warhorse";"T5_MOUNT_ARMORED_HORSE_SKIN_01";"[T5] Expert's Warhorse";"";"";"";"";"";"";""
"Other";"";"";"Warrior statue";"PLAYERISLAND_FURNITUREITEM_STONE_STATUE_WARRIOR_B";"[T0] Warrior statue";"";"";"";"";"";"";""
"Other";"";"";"Weeping Woman Statue";"UNIQUE_FURNITUREITEM_ADC_GRIM_WEEPINGWOMAN";"[T0] Weeping Woman Statue";"";"";"";"";"";"";""
"Other";"";"";"Wheat Seeds";"T3_FARM_WHEAT_SEED";"[T3] Wheat Seeds";"";"";"";"";"";"";""
"Other";"";"";"Wheat Soup";"T3_MEAL_SOUP";"[T3] Wheat Soup";"";"";"";"";"";"";""
"Other";"";"";"Wheelbarrow";"PLAYERISLAND_FURNITUREITEM_FARM_FOODCONTAINER_MEDIUM";"[T0] Wheelbarrow";"";"";"";"";"";"";""
"Other";"";"";"White Direboar";"SKIN_DIREBOAR_WHITE_TELLAFRIEND";"[T0] White Direboar";"";"";"";"";"";"";""
"Other";"";"";"Whitefog Snapper";"T3_FISH_FRESHWATER_AVALON_RARE";"[T3] Whitefog Snapper";"";"";"";"";"";"";""
"Other";"";"";"Whitewood Bonsai";"T8_FURNITUREITEM_TROPHY_WOOD";"[T8] Whitewood Bonsai";"";"";"";"";"";"";""
"Other";"";"";"Whitewood Logs";"T8_WOOD";"[T8] Whitewood Logs";"";"";"";"";"";"";""
"Other";"";"";"Whitewood Planks";"T8_PLANKS";"[T8] Whitewood Planks";"";"";"";"";"";"";""
"Other";"";"";"Wild Boarlet";"T5_FARM_DIREBOAR_FW_LYMHURST_BABY";"[T5] Wild Boarlet";"";"";"";"";"";"";""
"Other";"";"";"Winter Bear Cub";"T5_FARM_DIREBEAR_FW_FORTSTERLING_BABY";"[T5] Winter Bear Cub";"";"";"";"";"";"";""
"Other";"";"";"Wolf Rider Statue (L)";"UNIQUE_FURNITUREITEM_ADC_STATUE_MOUNTED_DIREWOLF_A";"[T0] Wolf Rider Statue (L)";"";"";"";"";"";"";""
"Other";"";"";"Wolf Rider Statue (R)";"UNIQUE_FURNITUREITEM_ADC_STATUE_MOUNTED_DIREWOLF_B";"[T0] Wolf Rider Statue (R)";"";"";"";"";"";"";""
"Other";"";"";"Wolf Rug";"UNIQUE_FURNITUREITEM_ADC_RUG_WOLF";"[T0] Wolf Rug";"";"";"";"";"";"";""
"Other";"";"";"Wooden entrance";"PLAYERISLAND_FURNITUREITEM_WOOD_GATE_A";"[T0] Wooden entrance";"";"";"";"";"";"";""
"Other";"";"";"Wooden gate";"PLAYERISLAND_FURNITUREITEM_WOOD_GATE_BIG_B";"[T0] Wooden gate";"";"";"";"";"";"";""
"Other";"";"";"Wooden sign";"PLAYERISLAND_FURNITUREITEM_WOOD_FLOOR_SIGN_A";"[T0] Wooden sign";"";"";"";"";"";"";""
"Other";"";"";"Wooden watchtower";"PLAYERISLAND_FURNITUREITEM_WOOD_FENCE_WATCHTOWER_A";"[T0] Wooden watchtower";"";"";"";"";"";"";""
"Other";"";"";"Worked Leather";"T4_LEATHER";"[T4] Worked Leather";"";"";"";"";"";"";""
"Other";"";"";"Yule Backpack";"UNIQUE_BACKPACK_VANITY_SANTACLAUS";"[T0] Yule Backpack";"";"";"";"";"";"";""
"Other";"";"";"Yule Ram";"UNIQUE_MOUNT_RAM_XMAS";"[T0] Yule Ram";"";"";"";"";"";"";""
"Other";"";"";"Yule Stag";"SKIN_GIANTSTAG_XMAS";"[T0] Yule Stag";"";"";"";"";"";"";""
"Other";"";"";"Yuletide Candle";"UNIQUE_FURNITUREITEM_XMAS_BRANCH_A";"[T0] Yuletide Candle";"";"";"";"";"";"";""
"Other";"";"";"Yuletide Challenge Chest";"UNIQUE_LOOTCHEST_ADC_DEC2018";"[T0] Yuletide Challenge Chest";"";"";"";"";"";"";""
"Other";"";"";"Yuletide Lantern";"UNIQUE_FURNITUREITEM_XMAS_LANTERN";"[T0] Yuletide Lantern";"";"";"";"";"";"";""
"Other";"";"";"Yuletide Wreath";"UNIQUE_FURNITUREITEM_XMAS_BRANCH_B";"[T0] Yuletide Wreath";"";"";"";"";"";"";""
"Other";"";"";"Yuletide Yak";"SKIN_OX_XMAS_YAK_TELLAFRIEND";"[T0] Yuletide Yak";"";"";"";"";"";"";""
"Other";"";"";"Zander Trophy";"T6_FURNITUREITEM_TROPHY_FISH";"[T6] Zander Trophy";"";"";"";"";"";"";""
"Weapons";"";"";"Alluring Bolts";"T4_ARTEFACT_2H_CROSSBOWLARGE_MORGANA";"[T4] Adept's Alluring Bolts";"";"";"";"";"";"";""
"Weapons";"";"";"Ancient Hammer Head";"T4_ARTEFACT_2H_HAMMER_UNDEAD";"[T4] Adept's Ancient Hammer Head";"";"";"";"";"";"";""
"Weapons";"";"";"Arcane Staff";"T3_MAIN_ARCANESTAFF";"[T3] Journeyman's Arcane Staff";"";"";"";"";"";"";""
"Weapons";"";"";"Arclight Blasters";"T4_2H_DUALCROSSBOW_CRYSTAL";"[T4] Adept's Arclight Blasters";"";"";"";"";"";"";""
"Weapons";"";"";"Arclight Crystal";"T4_ARTEFACT_2H_DUALCROSSBOW_CRYSTAL";"[T4] Adept's Arclight Crystal";"";"";"";"";"";"";""
"Weapons";"";"";"Arctic Staff";"T4_2H_FROSTSTAFF_CRYSTAL";"[T4] Adept's Arctic Staff";"";"";"";"";"";"";""
"Weapons";"";"";"Astral Staff";"T4_2H_ARCANESTAFF_CRYSTAL";"[T4] Adept's Astral Staff";"";"";"";"";"";"";""
"Weapons";"";"";"Avalonian Axe";"T4_2H_TOOL_AXE_AVALON";"[T4] Adept's Avalonian Axe";"";"";"";"";"";"";""
"Weapons";"";"";"Avalonian Battle Memoir";"T4_ARTEFACT_2H_AXE_AVALON";"[T4] Adept's Avalonian Battle Memoir";"";"";"";"";"";"";""
"Weapons";"";"";"Avalonian Fishing Rod";"T4_2H_TOOL_FISHINGROD_AVALON";"[T4] Adept's Avalonian Fishing Rod";"";"";"";"";"";"";""
"Weapons";"";"";"Avalonian Pickaxe";"T4_2H_TOOL_PICK_AVALON";"[T4] Adept's Avalonian Pickaxe";"";"";"";"";"";"";""
"Weapons";"";"";"Avalonian Sickle";"T4_2H_TOOL_SICKLE_AVALON";"[T4] Adept's Avalonian Sickle";"";"";"";"";"";"";""
"Weapons";"";"";"Avalonian Siege Hammer";"T4_2H_TOOL_SIEGEHAMMER_AVALON";"[T4] Adept's Avalonian Siege Hammer";"";"";"";"";"";"";""
"Weapons";"";"";"Avalonian Skinning Knife";"T4_2H_TOOL_KNIFE_AVALON";"[T4] Adept's Avalonian Skinning Knife";"";"";"";"";"";"";""
"Weapons";"";"";"Avalonian Stone Hammer";"T4_2H_TOOL_HAMMER_AVALON";"[T4] Adept's Avalonian Stone Hammer";"";"";"";"";"";"";""
"Weapons";"";"";"Axe";"T2_2H_TOOL_AXE";"[T2] Novice's Axe";"";"";"";"";"";"";""
"Weapons";"";"";"Battle Bracers";"T4_2H_KNUCKLES_SET2";"[T4] Adept's Battle Bracers";"";"";"";"";"";"";""
"Weapons";"";"";"Battleaxe";"T3_MAIN_AXE";"[T3] Journeyman's Battleaxe";"";"";"";"";"";"";""
"Weapons";"";"";"Bear Paws";"T4_2H_DUALAXE_KEEPER";"[T4] Adept's Bear Paws";"";"";"";"";"";"";""
"Weapons";"";"";"Bedrock Mace";"T4_MAIN_ROCKMACE_KEEPER";"[T4] Adept's Bedrock Mace";"";"";"";"";"";"";""
"Weapons";"";"";"Beginner's Axe";"T1_2H_TOOL_AXE";"[T1] Beginner's Axe";"";"";"";"";"";"";""
"Weapons";"";"";"Beginner's Broadsword";"T1_MAIN_SWORD";"[T1] Beginner's Broadsword";"";"";"";"";"";"";""
"Weapons";"";"";"Beginner's Pickaxe";"T1_2H_TOOL_PICK";"[T1] Beginner's Pickaxe";"";"";"";"";"";"";""
"Weapons";"";"";"Beginner's Sickle";"T1_2H_TOOL_SICKLE";"[T1] Beginner's Sickle";"";"";"";"";"";"";""
"Weapons";"";"";"Beginner's Skinning Knife";"T1_2H_TOOL_KNIFE";"[T1] Beginner's Skinning Knife";"";"";"";"";"";"";""
"Weapons";"";"";"Beginner's Stone Hammer";"T1_2H_TOOL_HAMMER";"[T1] Beginner's Stone Hammer";"";"";"";"";"";"";""
"Weapons";"";"";"Black Hands";"T4_2H_IRONGAUNTLETS_HELL";"[T4] Adept's Black Hands";"";"";"";"";"";"";""
"Weapons";"";"";"Black Leather";"T4_ARTEFACT_2H_IRONGAUNTLETS_HELL";"[T4] Adept's Black Leather";"";"";"";"";"";"";""
"Weapons";"";"";"Black Monk Stave";"T4_2H_COMBATSTAFF_MORGANA";"[T4] Adept's Black Monk Stave";"";"";"";"";"";"";""
"Weapons";"";"";"Blazing Staff";"T4_2H_INFERNOSTAFF_MORGANA";"[T4] Adept's Blazing Staff";"";"";"";"";"";"";""
"Weapons";"";"";"Blight Staff";"T4_2H_NATURESTAFF_HELL";"[T4] Adept's Blight Staff";"";"";"";"";"";"";""
"Weapons";"";"";"Bloodforged Blade";"T4_ARTEFACT_MAIN_SCIMITAR_MORGANA";"[T4] Adept's Bloodforged Blade";"";"";"";"";"";"";""
"Weapons";"";"";"Bloodforged Catalyst";"T4_ARTEFACT_2H_CURSEDSTAFF_MORGANA";"[T4] Adept's Bloodforged Catalyst";"";"";"";"";"";"";""
"Weapons";"";"";"Bloodletter";"T4_MAIN_RAPIER_MORGANA";"[T4] Adept's Bloodletter";"";"";"";"";"";"";""
"Weapons";"";"";"Bloodmoon Staff";"T4_2H_SHAPESHIFTER_MORGANA";"[T4] Adept's Bloodmoon Staff";"";"";"";"";"";"";""
"Weapons";"";"";"Bloodstained Antiquities";"T4_ARTEFACT_2H_DAGGER_KATAR_AVALON";"[T4] Adept's Bloodstained Antiquities";"";"";"";"";"";"";""
"Weapons";"";"";"Boltcasters";"T4_2H_DUALCROSSBOW_HELL";"[T4] Adept's Boltcasters";"";"";"";"";"";"";""
"Weapons";"";"";"Bow";"T2_2H_BOW";"[T2] Novice's Bow";"";"";"";"";"";"";""
"Weapons";"";"";"Bow of Badon";"T4_2H_BOW_KEEPER";"[T4] Adept's Bow of Badon";"";"";"";"";"";"";""
"Weapons";"";"";"Brawler Gloves";"T3_2H_KNUCKLES_SET1";"[T3] Journeyman's Brawler Gloves";"";"";"";"";"";"";""
"Weapons";"";"";"Bridgewatch Warbanner";"UNIQUE_UNLOCK_VANITY_2H_FW_BRIDGEWATCH_BANNER";"[T0] Bridgewatch Warbanner";"";"";"";"";"";"";""
"Weapons";"";"";"Bridled Fury";"T4_2H_DAGGER_KATAR_AVALON";"[T4] Adept's Bridled Fury";"";"";"";"";"";"";""
"Weapons";"";"";"Brimstone Staff";"T4_2H_FIRESTAFF_HELL";"[T4] Adept's Brimstone Staff";"";"";"";"";"";"";""
"Weapons";"";"";"Broadsword";"T2_MAIN_SWORD";"[T2] Novice's Broadsword";"";"";"";"";"";"";""
"Weapons";"";"";"Broken Demonic Fang";"T4_ARTEFACT_MAIN_DAGGER_HELL";"[T4] Adept's Broken Demonic Fang";"";"";"";"";"";"";""
"Weapons";"";"";"Broken Oaths";"T4_ARTEFACT_2H_DUALMACE_AVALON";"[T4] Adept's Broken Oaths";"";"";"";"";"";"";""
"Weapons";"";"";"Burning Orb";"T4_ARTEFACT_2H_FIRESTAFF_HELL";"[T4] Adept's Burning Orb";"";"";"";"";"";"";""
"Weapons";"";"";"Caerleon Warbanner";"UNIQUE_UNLOCK_VANITY_2H_FW_CAERLEON_BANNER";"[T0] Caerleon Warbanner";"";"";"";"";"";"";""
"Weapons";"";"";"Camlann Mace";"T4_2H_MACE_MORGANA";"[T4] Adept's Camlann Mace";"";"";"";"";"";"";""
"Weapons";"";"";"Carrioncaller";"T4_2H_HALBERD_MORGANA";"[T4] Adept's Carrioncaller";"";"";"";"";"";"";""
"Weapons";"";"";"Carved Bone";"T4_ARTEFACT_2H_BOW_KEEPER";"[T4] Adept's Carved Bone";"";"";"";"";"";"";""
"Weapons";"";"";"Carving Sword";"T4_2H_CLEAVER_HELL";"[T4] Adept's Carving Sword";"";"";"";"";"";"";""
"Weapons";"";"";"Chilled Crystalline Shard";"T4_ARTEFACT_MAIN_FROSTSTAFF_AVALON";"[T4] Adept's Chilled Crystalline Shard";"";"";"";"";"";"";""
"Weapons";"";"";"Chillhowl";"T4_MAIN_FROSTSTAFF_AVALON";"[T4] Adept's Chillhowl";"";"";"";"";"";"";""
"Weapons";"";"";"Chromacannon";"UNIQUE_VANITY_2H_GUN_ANNIVERSARY";"[T0] Chromacannon";"";"";"";"";"";"";""
"Weapons";"";"";"Clarent Blade";"T4_MAIN_SCIMITAR_MORGANA";"[T4] Adept's Clarent Blade";"";"";"";"";"";"";""
"Weapons";"";"";"Claws";"T4_2H_CLAWPAIR";"[T4] Adept's Claws";"";"";"";"";"";"";""
"Weapons";"";"";"Claymore";"T4_2H_CLAYMORE";"[T4] Adept's Claymore";"";"";"";"";"";"";""
"Weapons";"";"";"Crackling Crystal";"T4_ARTEFACT_2H_HAMMER_CRYSTAL";"[T4] Adept's Crackling Crystal";"";"";"";"";"";"";""
"Weapons";"";"";"Crossbow";"T3_2H_CROSSBOW";"[T3] Journeyman's Crossbow";"";"";"";"";"";"";""
"Weapons";"";"";"Crystal Reaper";"T4_2H_SCYTHE_CRYSTAL";"[T4] Adept's Crystal Reaper";"";"";"";"";"";"";""
"Weapons";"";"";"Cube of Fate";"UNIQUE_VANITY_MAIN_DICE_SIXSIDED_AJ";"[T0] Cube of Fate";"";"";"";"";"";"";""
"Weapons";"";"";"Cursed Barbs";"T4_ARTEFACT_2H_TRIDENT_UNDEAD";"[T4] Adept's Cursed Barbs";"";"";"";"";"";"";""
"Weapons";"";"";"Cursed Blades";"T4_ARTEFACT_2H_DUALSCIMITAR_UNDEAD";"[T4] Adept's Cursed Blades";"";"";"";"";"";"";""
"Weapons";"";"";"Cursed Frozen Crystal";"T4_ARTEFACT_2H_ICECRYSTAL_UNDEAD";"[T4] Adept's Cursed Frozen Crystal";"";"";"";"";"";"";""
"Weapons";"";"";"Cursed Jawbone";"T4_ARTEFACT_2H_SKULLORB_HELL";"[T4] Adept's Cursed Jawbone";"";"";"";"";"";"";""
"Weapons";"";"";"Cursed Skull";"T4_2H_SKULLORB_HELL";"[T4] Adept's Cursed Skull";"";"";"";"";"";"";""
"Weapons";"";"";"Cursed Staff";"T3_MAIN_CURSEDSTAFF";"[T3] Journeyman's Cursed Staff";"";"";"";"";"";"";""
"Weapons";"";"";"Dagger";"T3_MAIN_DAGGER";"[T3] Journeyman's Dagger";"";"";"";"";"";"";""
"Weapons";"";"";"Dagger Pair";"T4_2H_DAGGERPAIR";"[T4] Adept's Dagger Pair";"";"";"";"";"";"";""
"Weapons";"";"";"Damaged Avalonian Gauntlet";"T4_ARTEFACT_2H_KNUCKLES_AVALON";"[T4] Adept's Damaged Avalonian Gauntlet";"";"";"";"";"";"";""
"Weapons";"";"";"Damnation Staff";"T4_2H_CURSEDSTAFF_MORGANA";"[T4] Adept's Damnation Staff";"";"";"";"";"";"";""
"Weapons";"";"";"Dawnbird Remnant";"T4_ARTEFACT_2H_SHAPESHIFTER_AVALON";"[T4] Adept's Dawnbird Remnant";"";"";"";"";"";"";""
"Weapons";"";"";"Dawnsong";"T4_2H_FIRE_RINGPAIR_AVALON";"[T4] Adept's Dawnsong";"";"";"";"";"";"";""
"Weapons";"";"";"Daybreaker";"T4_MAIN_SPEAR_LANCE_AVALON";"[T4] Adept's Daybreaker";"";"";"";"";"";"";""
"Weapons";"";"";"Deathgivers";"T4_2H_DUALSICKLE_UNDEAD";"[T4] Adept's Deathgivers";"";"";"";"";"";"";""
"Weapons";"";"";"Death-Touched Crystal";"T4_ARTEFACT_2H_DAGGERPAIR_CRYSTAL";"[T4] Adept's Death-Touched Crystal";"";"";"";"";"";"";""
"Weapons";"";"";"Demon Skull";"UNIQUE_VANITY_2H_SKULL_DEMON_GOLDEN_AJ";"[T0] Demon Skull";"";"";"";"";"";"";""
"Weapons";"";"";"Demonfang";"T4_MAIN_DAGGER_HELL";"[T4] Adept's Demonfang";"";"";"";"";"";"";""
"Weapons";"";"";"Demonic Arrowheads";"T4_ARTEFACT_2H_BOW_HELL";"[T4] Adept's Demonic Arrowheads";"";"";"";"";"";"";""
"Weapons";"";"";"Demonic Blade";"T4_ARTEFACT_2H_CLEAVER_HELL";"[T4] Adept's Demonic Blade";"";"";"";"";"";"";""
"Weapons";"";"";"Demonic Staff";"T4_2H_DEMONICSTAFF";"[T4] Adept's Demonic Staff";"";"";"";"";"";"";""
"Weapons";"";"";"Divine Staff";"T4_2H_DIVINESTAFF";"[T4] Adept's Divine Staff";"";"";"";"";"";"";""
"Weapons";"";"";"Double Bladed Staff";"T4_2H_DOUBLEBLADEDSTAFF";"[T4] Adept's Double Bladed Staff";"";"";"";"";"";"";""
"Weapons";"";"";"Dreadstorm Crystal";"T4_ARTEFACT_MAIN_MACE_CRYSTAL";"[T4] Adept's Dreadstorm Crystal";"";"";"";"";"";"";""
"Weapons";"";"";"Dreadstorm Monarch";"T4_MAIN_MACE_CRYSTAL";"[T4] Adept's Dreadstorm Monarch";"";"";"";"";"";"";""
"Weapons";"";"";"Druidic Inscriptions";"T4_ARTEFACT_MAIN_NATURESTAFF_KEEPER";"[T4] Adept's Druidic Inscriptions";"";"";"";"";"";"";""
"Weapons";"";"";"Druidic Staff";"T4_MAIN_NATURESTAFF_KEEPER";"[T4] Adept's Druidic Staff";"";"";"";"";"";"";""
"Weapons";"";"";"Dual Swords";"T4_2H_DUALSWORD";"[T4] Adept's Dual Swords";"";"";"";"";"";"";""
"Weapons";"";"";"Earthrune Staff";"T4_2H_SHAPESHIFTER_KEEPER";"[T4] Adept's Earthrune Staff";"";"";"";"";"";"";""
"Weapons";"";"";"Edged Crystal";"T4_ARTEFACT_2H_SCYTHE_CRYSTAL";"[T4] Adept's Edged Crystal";"";"";"";"";"";"";""
"Weapons";"";"";"Energy Shaper";"T4_2H_CROSSBOW_CANNON_AVALON";"[T4] Adept's Energy Shaper";"";"";"";"";"";"";""
"Weapons";"";"";"Engraved Log";"T4_ARTEFACT_2H_RAM_KEEPER";"[T4] Adept's Engraved Log";"";"";"";"";"";"";""
"Weapons";"";"";"Enigmatic Staff";"T4_2H_ENIGMATICSTAFF";"[T4] Adept's Enigmatic Staff";"";"";"";"";"";"";""
"Weapons";"";"";"Evensong";"T4_2H_ARCANE_RINGPAIR_AVALON";"[T4] Adept's Evensong";"";"";"";"";"";"";""
"Weapons";"";"";"Exalted Crystal";"T4_ARTEFACT_2H_HOLYSTAFF_CRYSTAL";"[T4] Adept's Exalted Crystal";"";"";"";"";"";"";""
"Weapons";"";"";"Exalted Staff";"T4_2H_HOLYSTAFF_CRYSTAL";"[T4] Adept's Exalted Staff";"";"";"";"";"";"";""
"Weapons";"";"";"Fallen Staff";"T4_2H_HOLYSTAFF_HELL";"[T4] Adept's Fallen Staff";"";"";"";"";"";"";""
"Weapons";"";"";"Fire Staff";"T2_MAIN_FIRESTAFF";"[T2] Novice's Fire Staff";"";"";"";"";"";"";""
"Weapons";"";"";"Firework Launcher: Chromacannon";"UNIQUE_UNLOCK_VANITY_2H_GUN_ANNIVERSARY";"[T0] Firework Launcher: Chromacannon";"";"";"";"";"";"";""
"Weapons";"";"";"Fishing Rod";"T3_2H_TOOL_FISHINGROD";"[T3] Journeyman's Fishing Rod";"";"";"";"";"";"";""
"Weapons";"";"";"Fists of Avalon";"T4_2H_KNUCKLES_AVALON";"[T4] Adept's Fists of Avalon";"";"";"";"";"";"";""
"Weapons";"";"";"Flamewalker Staff";"T4_MAIN_FIRESTAFF_CRYSTAL";"[T4] Adept's Flamewalker Staff";"";"";"";"";"";"";""
"Weapons";"";"";"Forcepulse Bracers";"T4_2H_KNUCKLES_CRYSTAL";"[T4] Adept's Forcepulse Bracers";"";"";"";"";"";"";""
"Weapons";"";"";"Forge Hammers";"T4_2H_DUALHAMMER_HELL";"[T4] Adept's Forge Hammers";"";"";"";"";"";"";""
"Weapons";"";"";"Forgebark Staff";"T4_MAIN_NATURESTAFF_CRYSTAL";"[T4] Adept's Forgebark Staff";"";"";"";"";"";"";""
"Weapons";"";"";"Forged Crystal";"T4_ARTEFACT_MAIN_NATURESTAFF_CRYSTAL";"[T4] Adept's Forged Crystal";"";"";"";"";"";"";""
"Weapons";"";"";"Fort Sterling Warbanner";"UNIQUE_UNLOCK_VANITY_2H_FW_FORTSTERLING_BANNER";"[T0] Fort Sterling Warbanner";"";"";"";"";"";"";""
"Weapons";"";"";"Fractured Opaque Orb";"T4_ARTEFACT_MAIN_CURSEDSTAFF_AVALON";"[T4] Adept's Fractured Opaque Orb";"";"";"";"";"";"";""
"Weapons";"";"";"Frost Staff";"T3_MAIN_FROSTSTAFF";"[T3] Journeyman's Frost Staff";"";"";"";"";"";"";""
"Weapons";"";"";"Galatine Pair";"T4_2H_DUALSCIMITAR_UNDEAD";"[T4] Adept's Galatine Pair";"";"";"";"";"";"";""
"Weapons";"";"";"Ghastly Arrows";"T4_ARTEFACT_2H_LONGBOW_UNDEAD";"[T4] Adept's Ghastly Arrows";"";"";"";"";"";"";""
"Weapons";"";"";"Ghastly Blades";"T4_ARTEFACT_2H_DUALSICKLE_UNDEAD";"[T4] Adept's Ghastly Blades";"";"";"";"";"";"";""
"Weapons";"";"";"Ghastly Scroll";"T4_ARTEFACT_2H_HOLYSTAFF_UNDEAD";"[T4] Adept's Ghastly Scroll";"";"";"";"";"";"";""
"Weapons";"";"";"Glacial Staff";"T4_2H_GLACIALSTAFF";"[T4] Adept's Glacial Staff";"";"";"";"";"";"";""
"Weapons";"";"";"Glaive";"T4_2H_GLAIVE";"[T4] Adept's Glaive";"";"";"";"";"";"";""
"Weapons";"";"";"Glorious Heraldic Guidon";"UNIQUE_VANITY_2H_BANNER_GUIDON_GOLDEN_AJ";"[T0] Glorious Heraldic Guidon";"";"";"";"";"";"";""
"Weapons";"";"";"Glowing Harmonic Ring";"T4_ARTEFACT_2H_FIRE_RINGPAIR_AVALON";"[T4] Adept's Glowing Harmonic Ring";"";"";"";"";"";"";""
"Weapons";"";"";"Grailseeker";"T4_2H_QUARTERSTAFF_AVALON";"[T4] Adept's Grailseeker";"";"";"";"";"";"";""
"Weapons";"";"";"Great Arcane Staff";"T4_2H_ARCANESTAFF";"[T4] Adept's Great Arcane Staff";"";"";"";"";"";"";""
"Weapons";"";"";"Great Cursed Staff";"T4_2H_CURSEDSTAFF";"[T4] Adept's Great Cursed Staff";"";"";"";"";"";"";""
"Weapons";"";"";"Great Fire Staff";"T4_2H_FIRESTAFF";"[T4] Adept's Great Fire Staff";"";"";"";"";"";"";""
"Weapons";"";"";"Great Frost Staff";"T4_2H_FROSTSTAFF";"[T4] Adept's Great Frost Staff";"";"";"";"";"";"";""
"Weapons";"";"";"Great Hammer";"T4_2H_HAMMER";"[T4] Adept's Great Hammer";"";"";"";"";"";"";""
"Weapons";"";"";"Great Holy Staff";"T4_2H_HOLYSTAFF";"[T4] Adept's Great Holy Staff";"";"";"";"";"";"";""
"Weapons";"";"";"Great Nature Staff";"T4_2H_NATURESTAFF";"[T4] Adept's Great Nature Staff";"";"";"";"";"";"";""
"Weapons";"";"";"Greataxe";"T4_2H_AXE";"[T4] Adept's Greataxe";"";"";"";"";"";"";""
"Weapons";"";"";"Grovekeeper";"T4_2H_RAM_KEEPER";"[T4] Adept's Grovekeeper";"";"";"";"";"";"";""
"Weapons";"";"";"Halberd";"T4_2H_HALBERD";"[T4] Adept's Halberd";"";"";"";"";"";"";""
"Weapons";"";"";"Hallowfall";"T4_MAIN_HOLYSTAFF_AVALON";"[T4] Adept's Hallowfall";"";"";"";"";"";"";""
"Weapons";"";"";"Hammer";"T3_MAIN_HAMMER";"[T3] Journeyman's Hammer";"";"";"";"";"";"";""
"Weapons";"";"";"Hand of Justice";"T4_2H_HAMMER_AVALON";"[T4] Adept's Hand of Justice";"";"";"";"";"";"";""
"Weapons";"";"";"Hardened Debole";"T4_ARTEFACT_MAIN_RAPIER_MORGANA";"[T4] Adept's Hardened Debole";"";"";"";"";"";"";""
"Weapons";"";"";"Heavy Crossbow";"T4_2H_CROSSBOWLARGE";"[T4] Adept's Heavy Crossbow";"";"";"";"";"";"";""
"Weapons";"";"";"Heavy Mace";"T4_2H_MACE";"[T4] Adept's Heavy Mace";"";"";"";"";"";"";""
"Weapons";"";"";"Hellfire Hands";"T4_2H_KNUCKLES_HELL";"[T4] Adept's Hellfire Hands";"";"";"";"";"";"";""
"Weapons";"";"";"Hellfire Imp Remnant";"T4_ARTEFACT_2H_SHAPESHIFTER_HELL";"[T4] Adept's Hellfire Imp Remnant";"";"";"";"";"";"";""
"Weapons";"";"";"Hellish Bolts";"T4_ARTEFACT_2H_DUALCROSSBOW_HELL";"[T4] Adept's Hellish Bolts";"";"";"";"";"";"";""
"Weapons";"";"";"Hellish Hammer Heads";"T4_ARTEFACT_2H_DUALHAMMER_HELL";"[T4] Adept's Hellish Hammer Heads";"";"";"";"";"";"";""
"Weapons";"";"";"Hellish Sicklehead";"T4_ARTEFACT_2H_SCYTHE_HELL";"[T4] Adept's Hellish Sicklehead";"";"";"";"";"";"";""
"Weapons";"";"";"Hellish Sicklehead Pair";"T4_ARTEFACT_2H_TWINSCYTHE_HELL";"[T4] Adept's Hellish Sicklehead Pair";"";"";"";"";"";"";""
"Weapons";"";"";"Hellspawn Staff";"T4_2H_SHAPESHIFTER_HELL";"[T4] Adept's Hellspawn Staff";"";"";"";"";"";"";""
"Weapons";"";"";"Heraldic Guidon";"UNIQUE_VANITY_2H_BANNER_GUIDON_AJ";"[T0] Heraldic Guidon";"";"";"";"";"";"";""
"Weapons";"";"";"Heron Spear";"T4_MAIN_SPEAR_KEEPER";"[T4] Adept's Heron Spear";"";"";"";"";"";"";""
"Weapons";"";"";"Hide Main Hand";"UNIQUE_HEAD_VANITY_NO_MAIN_HAND";"[T0] Hide Main Hand";"";"";"";"";"";"";""
"Weapons";"";"";"Hoarfrost Orb";"T4_ARTEFACT_MAIN_FROSTSTAFF_KEEPER";"[T4] Adept's Hoarfrost Orb";"";"";"";"";"";"";""
"Weapons";"";"";"Hoarfrost Staff";"T4_MAIN_FROSTSTAFF_KEEPER";"[T4] Adept's Hoarfrost Staff";"";"";"";"";"";"";""
"Weapons";"";"";"Holy Staff";"T3_MAIN_HOLYSTAFF";"[T3] Journeyman's Holy Staff";"";"";"";"";"";"";""
"Weapons";"";"";"Humming Avalonian Whirligig";"T4_ARTEFACT_2H_CROSSBOW_CANNON_AVALON";"[T4] Adept's Humming Avalonian Whirligig";"";"";"";"";"";"";""
"Weapons";"";"";"Hypnotic Harmonic Ring";"T4_ARTEFACT_2H_ARCANE_RINGPAIR_AVALON";"[T4] Adept's Hypnotic Harmonic Ring";"";"";"";"";"";"";""
"Weapons";"";"";"Icicle Orb";"T4_ARTEFACT_2H_ICEGAUNTLETS_HELL";"[T4] Adept's Icicle Orb";"";"";"";"";"";"";""
"Weapons";"";"";"Icicle Staff";"T4_2H_ICEGAUNTLETS_HELL";"[T4] Adept's Icicle Staff";"";"";"";"";"";"";""
"Weapons";"";"";"Icosahedron of Fate";"UNIQUE_VANITY_MAIN_DICE_TWENTYSIDED_AJ";"[T0] Icosahedron of Fate";"";"";"";"";"";"";""
"Weapons";"";"";"Icy Crystal";"T4_ARTEFACT_2H_FROSTSTAFF_CRYSTAL";"[T4] Adept's Icy Crystal";"";"";"";"";"";"";""
"Weapons";"";"";"Imbued Mace Head";"T4_ARTEFACT_2H_MACE_MORGANA";"[T4] Adept's Imbued Mace Head";"";"";"";"";"";"";""
"Weapons";"";"";"Immaculately Crafted Riser";"T4_ARTEFACT_2H_BOW_AVALON";"[T4] Adept's Immaculately Crafted Riser";"";"";"";"";"";"";""
"Weapons";"";"";"Incubus Mace";"T4_MAIN_MACE_HELL";"[T4] Adept's Incubus Mace";"";"";"";"";"";"";""
"Weapons";"";"";"Infernal Harpoon Tip";"T4_ARTEFACT_2H_HARPOON_HELL";"[T4] Adept's Infernal Harpoon Tip";"";"";"";"";"";"";""
"Weapons";"";"";"Infernal Mace Head";"T4_ARTEFACT_MAIN_MACE_HELL";"[T4] Adept's Infernal Mace Head";"";"";"";"";"";"";""
"Weapons";"";"";"Infernal Scroll";"T4_ARTEFACT_2H_HOLYSTAFF_HELL";"[T4] Adept's Infernal Scroll";"";"";"";"";"";"";""
"Weapons";"";"";"Infernal Scythe";"T4_2H_SCYTHE_HELL";"[T4] Adept's Infernal Scythe";"";"";"";"";"";"";""
"Weapons";"";"";"Infernal Staff";"T4_2H_INFERNOSTAFF";"[T4] Adept's Infernal Staff";"";"";"";"";"";"";""
"Weapons";"";"";"Infinite Crystal";"T4_ARTEFACT_MAIN_SWORD_CRYSTAL";"[T4] Adept's Infinite Crystal";"";"";"";"";"";"";""
"Weapons";"";"";"Infinity Blade";"T4_MAIN_SWORD_CRYSTAL";"[T4] Adept's Infinity Blade";"";"";"";"";"";"";""
"Weapons";"";"";"Iron-clad Staff";"T4_2H_IRONCLADEDSTAFF";"[T4] Adept's Iron-clad Staff";"";"";"";"";"";"";""
"Weapons";"";"";"Ironroot Staff";"T4_MAIN_NATURESTAFF_AVALON";"[T4] Adept's Ironroot Staff";"";"";"";"";"";"";""
"Weapons";"";"";"Keeper Axeheads";"T4_ARTEFACT_2H_DUALAXE_KEEPER";"[T4] Adept's Keeper Axeheads";"";"";"";"";"";"";""
"Weapons";"";"";"Keeper Spearhead";"T4_ARTEFACT_MAIN_SPEAR_KEEPER";"[T4] Adept's Keeper Spearhead";"";"";"";"";"";"";""
"Weapons";"";"";"Kingmaker";"T4_2H_CLAYMORE_AVALON";"[T4] Adept's Kingmaker";"";"";"";"";"";"";""
"Weapons";"";"";"Knight Adventurer's Warbanner";"UNIQUE_VANITY_2H_BANNER_KNIGHT_GUILD_COLORED";"[T0] Knight Adventurer's Warbanner";"";"";"";"";"";"";""
"Weapons";"";"";"Lifecurse Staff";"T4_MAIN_CURSEDSTAFF_UNDEAD";"[T4] Adept's Lifecurse Staff";"";"";"";"";"";"";""
"Weapons";"";"";"Lifetouch Staff";"T4_MAIN_HOLYSTAFF_MORGANA";"[T4] Adept's Lifetouch Staff";"";"";"";"";"";"";""
"Weapons";"";"";"Light Crossbow";"T4_MAIN_1HCROSSBOW";"[T4] Adept's Light Crossbow";"";"";"";"";"";"";""
"Weapons";"";"";"Lightcaller";"T4_2H_SHAPESHIFTER_AVALON";"[T4] Adept's Lightcaller";"";"";"";"";"";"";""
"Weapons";"";"";"Longbow";"T4_2H_LONGBOW";"[T4] Adept's Longbow";"";"";"";"";"";"";""
"Weapons";"";"";"Lost Arcane Crystal";"T4_ARTEFACT_MAIN_ARCANESTAFF_UNDEAD";"[T4] Adept's Lost Arcane Crystal";"";"";"";"";"";"";""
"Weapons";"";"";"Lost Crossbow Mechanism";"T4_ARTEFACT_2H_REPEATINGCROSSBOW_UNDEAD";"[T4] Adept's Lost Crossbow Mechanism";"";"";"";"";"";"";""
"Weapons";"";"";"Lost Cursed Crystal";"T4_ARTEFACT_MAIN_CURSEDSTAFF_UNDEAD";"[T4] Adept's Lost Cursed Crystal";"";"";"";"";"";"";""
"Weapons";"";"";"Lymhurst Warbanner";"UNIQUE_UNLOCK_VANITY_2H_FW_LYMHURST_BANNER";"[T0] Lymhurst Warbanner";"";"";"";"";"";"";""
"Weapons";"";"";"Mace";"T3_MAIN_MACE";"[T3] Journeyman's Mace";"";"";"";"";"";"";""
"Weapons";"";"";"Mage Adventurer's Spellbook";"UNIQUE_VANITY_2H_SPELLBOOK_MAGE";"[T0] Mage Adventurer's Spellbook";"";"";"";"";"";"";""
"Weapons";"";"";"Malevolent Locus";"T4_2H_ENIGMATICORB_MORGANA";"[T4] Adept's Malevolent Locus";"";"";"";"";"";"";""
"Weapons";"";"";"Martlock Warbanner";"UNIQUE_UNLOCK_VANITY_2H_FW_MARTLOCK_BANNER";"[T0] Martlock Warbanner";"";"";"";"";"";"";""
"Weapons";"";"";"Massive Metallic Hand";"T4_ARTEFACT_2H_HAMMER_AVALON";"[T4] Adept's Massive Metallic Hand";"";"";"";"";"";"";""
"Weapons";"";"";"Messianic Curio";"T4_ARTEFACT_MAIN_HOLYSTAFF_AVALON";"[T4] Adept's Messianic Curio";"";"";"";"";"";"";""
"Weapons";"";"";"Mirage Crystal";"T4_ARTEFACT_2H_DOUBLEBLADEDSTAFF_CRYSTAL";"[T4] Adept's Mirage Crystal";"";"";"";"";"";"";""
"Weapons";"";"";"Mistpiercer";"T4_2H_BOW_AVALON";"[T4] Adept's Mistpiercer";"";"";"";"";"";"";""
"Weapons";"";"";"Morgana Halberd Head";"T4_ARTEFACT_2H_HALBERD_MORGANA";"[T4] Adept's Morgana Halberd Head";"";"";"";"";"";"";""
"Weapons";"";"";"Morning Star";"T4_2H_FLAIL";"[T4] Adept's Morning Star";"";"";"";"";"";"";""
"Weapons";"";"";"Nature Staff";"T3_MAIN_NATURESTAFF";"[T3] Journeyman's Nature Staff";"";"";"";"";"";"";""
"Weapons";"";"";"Oathkeepers";"T4_2H_DUALMACE_AVALON";"[T4] Adept's Oathkeepers";"";"";"";"";"";"";""
"Weapons";"";"";"Occult Orb";"T4_ARTEFACT_2H_ARCANESTAFF_HELL";"[T4] Adept's Occult Orb";"";"";"";"";"";"";""
"Weapons";"";"";"Occult Staff";"T4_2H_ARCANESTAFF_HELL";"[T4] Adept's Occult Staff";"";"";"";"";"";"";""
"Weapons";"";"";"Permafrost Prism";"T4_2H_ICECRYSTAL_UNDEAD";"[T4] Adept's Permafrost Prism";"";"";"";"";"";"";""
"Weapons";"";"";"Phantom Twinblade";"T4_2H_DOUBLEBLADEDSTAFF_CRYSTAL";"[T4] Adept's Phantom Twinblade";"";"";"";"";"";"";""
"Weapons";"";"";"Phylactery of Souls";"UNIQUE_VANITY_2H_PHYLACTERY_SOULKEEPER";"[T0] Phylactery of Souls";"";"";"";"";"";"";""
"Weapons";"";"";"Pickaxe";"T2_2H_TOOL_PICK";"[T2] Novice's Pickaxe";"";"";"";"";"";"";""
"Weapons";"";"";"Pike";"T4_2H_SPEAR";"[T4] Adept's Pike";"";"";"";"";"";"";""
"Weapons";"";"";"Polehammer";"T4_2H_POLEHAMMER";"[T4] Adept's Polehammer";"";"";"";"";"";"";""
"Weapons";"";"";"Possessed Catalyst";"T4_ARTEFACT_2H_ENIGMATICORB_MORGANA";"[T4] Adept's Possessed Catalyst";"";"";"";"";"";"";""
"Weapons";"";"";"Possessed Scroll";"T4_ARTEFACT_MAIN_HOLYSTAFF_MORGANA";"[T4] Adept's Possessed Scroll";"";"";"";"";"";"";""
"Weapons";"";"";"Preserved Log";"T4_ARTEFACT_2H_NATURESTAFF_KEEPER";"[T4] Adept's Preserved Log";"";"";"";"";"";"";""
"Weapons";"";"";"Preserved Rocks";"T4_ARTEFACT_2H_ROCKSTAFF_KEEPER";"[T4] Adept's Preserved Rocks";"";"";"";"";"";"";""
"Weapons";"";"";"Primal Staff";"T4_2H_SHAPESHIFTER_SET3";"[T4] Adept's Primal Staff";"";"";"";"";"";"";""
"Weapons";"";"";"Prowling Staff";"T3_2H_SHAPESHIFTER_SET1";"[T3] Journeyman's Prowling Staff";"";"";"";"";"";"";""
"Weapons";"";"";"Pulsating Crystal";"T4_ARTEFACT_2H_KNUCKLES_CRYSTAL";"[T4] Adept's Pulsating Crystal";"";"";"";"";"";"";""
"Weapons";"";"";"Pyreheart Crystal";"T4_ARTEFACT_MAIN_FIRESTAFF_CRYSTAL";"[T4] Adept's Pyreheart Crystal";"";"";"";"";"";"";""
"Weapons";"";"";"Quarterstaff";"T3_2H_QUARTERSTAFF";"[T3] Journeyman's Quarterstaff";"";"";"";"";"";"";""
"Weapons";"";"";"Rampant Staff";"T4_2H_NATURESTAFF_KEEPER";"[T4] Adept's Rampant Staff";"";"";"";"";"";"";""
"Weapons";"";"";"Ravenstrike Cestus";"T4_2H_KNUCKLES_MORGANA";"[T4] Adept's Ravenstrike Cestus";"";"";"";"";"";"";""
"Weapons";"";"";"Razor-Sharp Axe";"UNIQUE_VANITY_2H_MULTITOOL_OVERCHARGED_AJ";"[T0] Razor-Sharp Axe";"";"";"";"";"";"";""
"Weapons";"";"";"Realmbreaker";"T4_2H_AXE_AVALON";"[T4] Adept's Realmbreaker";"";"";"";"";"";"";""
"Weapons";"";"";"Recruiter's Ale Mug";"UNIQUE_VANITY_MAIN_BEERMUG_02_TELLAFRIEND";"[T0] Recruiter's Ale Mug";"";"";"";"";"";"";""
"Weapons";"";"";"Recruiter's Beer Mug";"UNIQUE_VANITY_MAIN_BEERMUG_TELLAFRIEND";"[T0] Recruiter's Beer Mug";"";"";"";"";"";"";""
"Weapons";"";"";"Recruiter's Fox Crop";"UNIQUE_VANITY_MAIN_FOXCROP_TELLAFRIEND";"[T0] Recruiter's Fox Crop";"";"";"";"";"";"";""
"Weapons";"";"";"Recruiter's Hunter Horn";"UNIQUE_VANITY_MAIN_HORN_TELLAFRIEND";"[T0] Recruiter's Hunter Horn";"";"";"";"";"";"";""
"Weapons";"";"";"Recruiter's Portal Cannon";"UNIQUE_VANITY_2H_PORTALGUN_TELLAFRIEND";"[T0] Recruiter's Portal Cannon";"";"";"";"";"";"";""
"Weapons";"";"";"Recruiter's Trumpet";"UNIQUE_VANITY_MAIN_TRUMPET_TELLAFRIEND";"[T0] Recruiter's Trumpet";"";"";"";"";"";"";""
"Weapons";"";"";"Redemption Staff";"T4_2H_HOLYSTAFF_UNDEAD";"[T4] Adept's Redemption Staff";"";"";"";"";"";"";""
"Weapons";"";"";"Reinforced Morgana Pole";"T4_ARTEFACT_2H_COMBATSTAFF_MORGANA";"[T4] Adept's Reinforced Morgana Pole";"";"";"";"";"";"";""
"Weapons";"";"";"Remnants of the Old King";"T4_ARTEFACT_2H_CLAYMORE_AVALON";"[T4] Adept's Remnants of the Old King";"";"";"";"";"";"";""
"Weapons";"";"";"Rift Crystal";"T4_ARTEFACT_2H_GLAIVE_CRYSTAL";"[T4] Adept's Rift Crystal";"";"";"";"";"";"";""
"Weapons";"";"";"Rift Glaive";"T4_2H_GLAIVE_CRYSTAL";"[T4] Adept's Rift Glaive";"";"";"";"";"";"";""
"Weapons";"";"";"Rogue Adventurer's Poison Bottle";"UNIQUE_VANITY_MAIN_POISONBOTTLE_ROGUE";"[T0] Rogue Adventurer's Poison Bottle";"";"";"";"";"";"";""
"Weapons";"";"";"Rootbound Staff";"T4_2H_SHAPESHIFTER_SET2";"[T4] Adept's Rootbound Staff";"";"";"";"";"";"";""
"Weapons";"";"";"Rotcaller Staff";"T4_MAIN_CURSEDSTAFF_CRYSTAL";"[T4] Adept's Rotcaller Staff";"";"";"";"";"";"";""
"Weapons";"";"";"Rotten Crystal";"T4_ARTEFACT_MAIN_CURSEDSTAFF_CRYSTAL";"[T4] Adept's Rotten Crystal";"";"";"";"";"";"";""
"Weapons";"";"";"Ruined Ancestral Vamplate";"T4_ARTEFACT_MAIN_SPEAR_LANCE_AVALON";"[T4] Adept's Ruined Ancestral Vamplate";"";"";"";"";"";"";""
"Weapons";"";"";"Runed Rock";"T4_ARTEFACT_MAIN_ROCKMACE_KEEPER";"[T4] Adept's Runed Rock";"";"";"";"";"";"";""
"Weapons";"";"";"Runestone Golem Remnant";"T4_ARTEFACT_2H_SHAPESHIFTER_KEEPER";"[T4] Adept's Runestone Golem Remnant";"";"";"";"";"";"";""
"Weapons";"";"";"Serpent Crystal";"T4_ARTEFACT_2H_SHAPESHIFTER_CRYSTAL";"[T4] Adept's Serpent Crystal";"";"";"";"";"";"";""
"Weapons";"";"";"Severed Demonic Horns";"T4_ARTEFACT_2H_KNUCKLES_HELL";"[T4] Adept's Severed Demonic Horns";"";"";"";"";"";"";""
"Weapons";"";"";"Shadowcaller";"T4_MAIN_CURSEDSTAFF_AVALON";"[T4] Adept's Shadowcaller";"";"";"";"";"";"";""
"Weapons";"";"";"Sharpened Axe";"UNIQUE_VANITY_2H_MULTITOOL_AJ";"[T0] Sharpened Axe";"";"";"";"";"";"";""
"Weapons";"";"";"Sickle";"T2_2H_TOOL_SICKLE";"[T2] Novice's Sickle";"";"";"";"";"";"";""
"Weapons";"";"";"Siege Hammer";"T2_2H_TOOL_SIEGEHAMMER";"[T2] Novice's Siege Hammer";"";"";"";"";"";"";""
"Weapons";"";"";"Siegebow";"T4_2H_CROSSBOWLARGE_MORGANA";"[T4] Adept's Siegebow";"";"";"";"";"";"";""
"Weapons";"";"";"Skinning Knife";"T2_2H_TOOL_KNIFE";"[T2] Novice's Skinning Knife";"";"";"";"";"";"";""
"Weapons";"";"";"Skystrider Bow";"T4_2H_BOW_CRYSTAL";"[T4] Adept's Skystrider Bow";"";"";"";"";"";"";""
"Weapons";"";"";"Soulscythe";"T4_2H_TWINSCYTHE_HELL";"[T4] Adept's Soulscythe";"";"";"";"";"";"";""
"Weapons";"";"";"Spear";"T3_MAIN_SPEAR";"[T3] Journeyman's Spear";"";"";"";"";"";"";""
"Weapons";"";"";"Spiked Gauntlets";"T4_2H_KNUCKLES_SET3";"[T4] Adept's Spiked Gauntlets";"";"";"";"";"";"";""
"Weapons";"";"";"Spirithunter";"T4_2H_HARPOON_HELL";"[T4] Adept's Spirithunter";"";"";"";"";"";"";""
"Weapons";"";"";"Staff of Balance";"T4_2H_ROCKSTAFF_KEEPER";"[T4] Adept's Staff of Balance";"";"";"";"";"";"";""
"Weapons";"";"";"Startouched Crystal";"T4_ARTEFACT_2H_ARCANESTAFF_CRYSTAL";"[T4] Adept's Startouched Crystal";"";"";"";"";"";"";""
"Weapons";"";"";"Stillgaze Staff";"T4_2H_SHAPESHIFTER_CRYSTAL";"[T4] Adept's Stillgaze Staff";"";"";"";"";"";"";""
"Weapons";"";"";"Stone Hammer";"T2_2H_TOOL_HAMMER";"[T2] Novice's Stone Hammer";"";"";"";"";"";"";""
"Weapons";"";"";"Symbol of Blight";"T4_ARTEFACT_2H_NATURESTAFF_HELL";"[T4] Adept's Symbol of Blight";"";"";"";"";"";"";""
"Weapons";"";"";"T4_ARTEFACT_2H_BOW_CRYSTAL_DECAY";"T4_ARTEFACT_2H_BOW_CRYSTAL_DECAY";"[T4] T4_ARTEFACT_2H_BOW_CRYSTAL_DECAY";"";"";"";"";"";"";""
"Weapons";"";"";"T4_ARTEFACT_2H_KNUCKLES_CRYSTAL_DECAY";"T4_ARTEFACT_2H_KNUCKLES_CRYSTAL_DECAY";"[T4] T4_ARTEFACT_2H_KNUCKLES_CRYSTAL_DECAY";"";"";"";"";"";"";""
"Weapons";"";"";"T4_ARTEFACT_MAIN_CURSEDSTAFF_CRYSTAL_DECAY";"T4_ARTEFACT_MAIN_CURSEDSTAFF_CRYSTAL_DECAY";"[T4] T4_ARTEFACT_MAIN_CURSEDSTAFF_CRYSTAL_DECAY";"";"";"";"";"";"";""
"Weapons";"";"";"T5_ARTEFACT_2H_BOW_CRYSTAL_DECAY";"T5_ARTEFACT_2H_BOW_CRYSTAL_DECAY";"[T5] T5_ARTEFACT_2H_BOW_CRYSTAL_DECAY";"";"";"";"";"";"";""
"Weapons";"";"";"T5_ARTEFACT_2H_KNUCKLES_CRYSTAL_DECAY";"T5_ARTEFACT_2H_KNUCKLES_CRYSTAL_DECAY";"[T5] T5_ARTEFACT_2H_KNUCKLES_CRYSTAL_DECAY";"";"";"";"";"";"";""
"Weapons";"";"";"T5_ARTEFACT_MAIN_CURSEDSTAFF_CRYSTAL_DECAY";"T5_ARTEFACT_MAIN_CURSEDSTAFF_CRYSTAL_DECAY";"[T5] T5_ARTEFACT_MAIN_CURSEDSTAFF_CRYSTAL_DECAY";"";"";"";"";"";"";""
"Weapons";"";"";"T6_ARTEFACT_2H_BOW_CRYSTAL_DECAY";"T6_ARTEFACT_2H_BOW_CRYSTAL_DECAY";"[T6] T6_ARTEFACT_2H_BOW_CRYSTAL_DECAY";"";"";"";"";"";"";""
"Weapons";"";"";"T6_ARTEFACT_2H_KNUCKLES_CRYSTAL_DECAY";"T6_ARTEFACT_2H_KNUCKLES_CRYSTAL_DECAY";"[T6] T6_ARTEFACT_2H_KNUCKLES_CRYSTAL_DECAY";"";"";"";"";"";"";""
"Weapons";"";"";"T6_ARTEFACT_MAIN_CURSEDSTAFF_CRYSTAL_DECAY";"T6_ARTEFACT_MAIN_CURSEDSTAFF_CRYSTAL_DECAY";"[T6] T6_ARTEFACT_MAIN_CURSEDSTAFF_CRYSTAL_DECAY";"";"";"";"";"";"";""
"Weapons";"";"";"T7_ARTEFACT_2H_BOW_CRYSTAL_DECAY";"T7_ARTEFACT_2H_BOW_CRYSTAL_DECAY";"[T7] T7_ARTEFACT_2H_BOW_CRYSTAL_DECAY";"";"";"";"";"";"";""
"Weapons";"";"";"T7_ARTEFACT_2H_KNUCKLES_CRYSTAL_DECAY";"T7_ARTEFACT_2H_KNUCKLES_CRYSTAL_DECAY";"[T7] T7_ARTEFACT_2H_KNUCKLES_CRYSTAL_DECAY";"";"";"";"";"";"";""
"Weapons";"";"";"T7_ARTEFACT_MAIN_CURSEDSTAFF_CRYSTAL_DECAY";"T7_ARTEFACT_MAIN_CURSEDSTAFF_CRYSTAL_DECAY";"[T7] T7_ARTEFACT_MAIN_CURSEDSTAFF_CRYSTAL_DECAY";"";"";"";"";"";"";""
"Weapons";"";"";"T8_ARTEFACT_2H_BOW_CRYSTAL_DECAY";"T8_ARTEFACT_2H_BOW_CRYSTAL_DECAY";"[T8] T8_ARTEFACT_2H_BOW_CRYSTAL_DECAY";"";"";"";"";"";"";""
"Weapons";"";"";"T8_ARTEFACT_2H_KNUCKLES_CRYSTAL_DECAY";"T8_ARTEFACT_2H_KNUCKLES_CRYSTAL_DECAY";"[T8] T8_ARTEFACT_2H_KNUCKLES_CRYSTAL_DECAY";"";"";"";"";"";"";""
"Weapons";"";"";"T8_ARTEFACT_MAIN_CURSEDSTAFF_CRYSTAL_DECAY";"T8_ARTEFACT_MAIN_CURSEDSTAFF_CRYSTAL_DECAY";"[T8] T8_ARTEFACT_MAIN_CURSEDSTAFF_CRYSTAL_DECAY";"";"";"";"";"";"";""
"Weapons";"";"";"The Eggsecutioner";"UNIQUE_VANITY_2H_CHICKENGUN_EASTER";"[T0] The Eggsecutioner";"";"";"";"";"";"";""
"Weapons";"";"";"The Hand of Khor";"T8_2H_AXE";"[T8] The Hand of Khor";"";"";"";"";"";"";""
"Weapons";"";"";"Thetford Warbanner";"UNIQUE_UNLOCK_VANITY_2H_FW_THETFORD_BANNER";"[T0] Thetford Warbanner";"";"";"";"";"";"";""
"Weapons";"";"";"Timeworn Walking Staff";"T4_ARTEFACT_2H_QUARTERSTAFF_AVALON";"[T4] Adept's Timeworn Walking Staff";"";"";"";"";"";"";""
"Weapons";"";"";"Tombhammer";"T4_2H_HAMMER_UNDEAD";"[T4] Adept's Tombhammer";"";"";"";"";"";"";""
"Weapons";"";"";"Tracking Toolkit";"T3_2H_TOOL_TRACKING";"[T3] Journeyman's Tracking Toolkit";"";"";"";"";"";"";""
"Weapons";"";"";"Trinity Spear";"T4_2H_TRIDENT_UNDEAD";"[T4] Adept's Trinity Spear";"";"";"";"";"";"";""
"Weapons";"";"";"Troubadour's Lute";"UNIQUE_VANITY_2H_LUTE_MAGNIFICENT_AJ";"[T0] Troubadour's Lute";"";"";"";"";"";"";""
"Weapons";"";"";"Truebolt Hammer";"T4_2H_HAMMER_CRYSTAL";"[T4] Adept's Truebolt Hammer";"";"";"";"";"";"";""
"Weapons";"";"";"Twin Slayers";"T4_2H_DAGGERPAIR_CRYSTAL";"[T4] Adept's Twin Slayers";"";"";"";"";"";"";""
"Weapons";"";"";"Undead Skull";"UNIQUE_VANITY_2H_SKULL_UNDEAD_AJ";"[T0] Undead Skull";"";"";"";"";"";"";""
"Weapons";"";"";"Unholy Scroll";"T4_ARTEFACT_2H_INFERNOSTAFF_MORGANA";"[T4] Adept's Unholy Scroll";"";"";"";"";"";"";""
"Weapons";"";"";"UNIQUE_VANITY_2H_FW_BRIDGEWATCH_BANNER";"UNIQUE_VANITY_2H_FW_BRIDGEWATCH_BANNER";"[T0] UNIQUE_VANITY_2H_FW_BRIDGEWATCH_BANNER";"";"";"";"";"";"";""
"Weapons";"";"";"UNIQUE_VANITY_2H_FW_CAERLEON_BANNER";"UNIQUE_VANITY_2H_FW_CAERLEON_BANNER";"[T0] UNIQUE_VANITY_2H_FW_CAERLEON_BANNER";"";"";"";"";"";"";""
"Weapons";"";"";"UNIQUE_VANITY_2H_FW_FORTSTERLING_BANNER";"UNIQUE_VANITY_2H_FW_FORTSTERLING_BANNER";"[T0] UNIQUE_VANITY_2H_FW_FORTSTERLING_BANNER";"";"";"";"";"";"";""
"Weapons";"";"";"UNIQUE_VANITY_2H_FW_LYMHURST_BANNER";"UNIQUE_VANITY_2H_FW_LYMHURST_BANNER";"[T0] UNIQUE_VANITY_2H_FW_LYMHURST_BANNER";"";"";"";"";"";"";""
"Weapons";"";"";"UNIQUE_VANITY_2H_FW_MARTLOCK_BANNER";"UNIQUE_VANITY_2H_FW_MARTLOCK_BANNER";"[T0] UNIQUE_VANITY_2H_FW_MARTLOCK_BANNER";"";"";"";"";"";"";""
"Weapons";"";"";"UNIQUE_VANITY_2H_FW_THETFORD_BANNER";"UNIQUE_VANITY_2H_FW_THETFORD_BANNER";"[T0] UNIQUE_VANITY_2H_FW_THETFORD_BANNER";"";"";"";"";"";"";""
"Weapons";"";"";"Uprooted Perennial Sapling";"T4_ARTEFACT_MAIN_NATURESTAFF_AVALON";"[T4] Adept's Uprooted Perennial Sapling";"";"";"";"";"";"";""
"Weapons";"";"";"Ursine Guardian Remains";"T4_ARTEFACT_2H_KNUCKLES_KEEPER";"[T4] Adept's Ursine Guardian Remains";"";"";"";"";"";"";""
"Weapons";"";"";"Ursine Maulers";"T4_2H_KNUCKLES_KEEPER";"[T4] Adept's Ursine Maulers";"";"";"";"";"";"";""
"Weapons";"";"";"Vendetta's Wrath";"T8_2H_FIRESTAFF";"[T8] Vendetta's Wrath";"";"";"";"";"";"";""
"Weapons";"";"";"Wailing Bow";"T4_2H_BOW_HELL";"[T4] Adept's Wailing Bow";"";"";"";"";"";"";""
"Weapons";"";"";"Wanderer's Lute";"UNIQUE_VANITY_2H_LUTE_AJ";"[T0] Wanderer's Lute";"";"";"";"";"";"";""
"Weapons";"";"";"Warbow";"T4_2H_WARBOW";"[T4] Adept's Warbow";"";"";"";"";"";"";""
"Weapons";"";"";"Wardrobe Skin: Cube of Fate";"UNIQUE_UNLOCK_VANITY_MAIN_DICE_SIXSIDED_AJ";"[T0] Wardrobe Skin: Cube of Fate";"";"";"";"";"";"";""
"Weapons";"";"";"Wardrobe Skin: Demon Skull";"UNIQUE_UNLOCK_VANITY_2H_SKULL_DEMON_AJ";"[T0] Wardrobe Skin: Demon Skull";"";"";"";"";"";"";""
"Weapons";"";"";"Wardrobe Skin: Glorious Heraldic Guidon";"UNIQUE_UNLOCK_VANITY_2H_BANNER_GUIDON_GOLDEN_AJ";"[T0] Wardrobe Skin: Glorious Heraldic Guidon";"";"";"";"";"";"";""
"Weapons";"";"";"Wardrobe Skin: Heraldic Guidon";"UNIQUE_UNLOCK_VANITY_2H_BANNER_GUIDON_AJ";"[T0] Wardrobe Skin: Heraldic Guidon";"";"";"";"";"";"";""
"Weapons";"";"";"Wardrobe Skin: Icosahedron of Fate";"UNIQUE_UNLOCK_VANITY_MAIN_DICE_TWENTYSIDED_AJ";"[T0] Wardrobe Skin: Icosahedron of Fate";"";"";"";"";"";"";""
"Weapons";"";"";"Wardrobe Skin: Razor-Sharp Axe";"UNIQUE_UNLOCK_VANITY_2H_MULTITOOL_OVERCHARGED_AJ";"[T0] Wardrobe Skin: Razor-Sharp Axe";"";"";"";"";"";"";""
"Weapons";"";"";"Wardrobe Skin: Recruiter's Ale Mug";"UNIQUE_UNLOCK_VANITY_MAIN_BEERMUG_02_TELLAFRIEND";"[T0] Wardrobe Skin: Recruiter's Ale Mug";"";"";"";"";"";"";""
"Weapons";"";"";"Wardrobe Skin: Recruiter's Beer Mug";"UNIQUE_UNLOCK_VANITY_MAIN_BEERMUG_TELLAFRIEND";"[T0] Wardrobe Skin: Recruiter's Beer Mug";"";"";"";"";"";"";""
"Weapons";"";"";"Wardrobe Skin: Recruiter's Fox Crop";"UNIQUE_UNLOCK_VANITY_MAIN_FOXCROP_TELLAFRIEND";"[T0] Wardrobe Skin: Recruiter's Fox Crop";"";"";"";"";"";"";""
"Weapons";"";"";"Wardrobe Skin: Recruiter's Hunter Horn";"UNIQUE_UNLOCK_VANITY_MAIN_HORN_TELLAFRIEND";"[T0] Wardrobe Skin: Recruiter's Hunter Horn";"";"";"";"";"";"";""
"Weapons";"";"";"Wardrobe Skin: Recruiter's Portal Cannon";"UNIQUE_UNLOCK_VANITY_2H_PORTALGUN_TELLAFRIEND";"[T0] Wardrobe Skin: Recruiter's Portal Cannon";"";"";"";"";"";"";""
"Weapons";"";"";"Wardrobe Skin: Recruiter's Trumpet";"UNIQUE_UNLOCK_VANITY_MAIN_TRUMPET_TELLAFRIEND";"[T0] Wardrobe Skin: Recruiter's Trumpet";"";"";"";"";"";"";""
"Weapons";"";"";"Wardrobe Skin: Sharpened Axe";"UNIQUE_UNLOCK_VANITY_2H_MULTITOOL_AJ";"[T0] Wardrobe Skin: Sharpened Axe";"";"";"";"";"";"";""
"Weapons";"";"";"Wardrobe Skin: The Eggsecutioner";"UNIQUE_UNLOCK_UNIQUE_VANITY_2H_CHICKENGUN_EASTER";"[T0] Wardrobe Skin: The Eggsecutioner";"";"";"";"";"";"";""
"Weapons";"";"";"Wardrobe Skin: Troubadour's Lute";"UNIQUE_UNLOCK_VANITY_2H_LUTE_MAGNIFICENT_AJ";"[T0] Wardrobe Skin: Troubadour's Lute";"";"";"";"";"";"";""
"Weapons";"";"";"Wardrobe Skin: Undead Skull";"UNIQUE_UNLOCK_VANITY_2H_SKULL_UNDEAD_AJ";"[T0] Wardrobe Skin: Undead Skull";"";"";"";"";"";"";""
"Weapons";"";"";"Wardrobe Skin: Wanderer's Lute";"UNIQUE_UNLOCK_VANITY_2H_LUTE_AJ";"[T0] Wardrobe Skin: Wanderer's Lute";"";"";"";"";"";"";""
"Weapons";"";"";"Warped Raven Plate";"T4_ARTEFACT_2H_KNUCKLES_MORGANA";"[T4] Adept's Warped Raven Plate";"";"";"";"";"";"";""
"Weapons";"";"";"Weeping Repeater";"T4_2H_REPEATINGCROSSBOW_UNDEAD";"[T4] Adept's Weeping Repeater";"";"";"";"";"";"";""
"Weapons";"";"";"Werewolf Remnant";"T4_ARTEFACT_2H_SHAPESHIFTER_MORGANA";"[T4] Adept's Werewolf Remnant";"";"";"";"";"";"";""
"Weapons";"";"";"Whispering Bow";"T4_2H_LONGBOW_UNDEAD";"[T4] Adept's Whispering Bow";"";"";"";"";"";"";""
"Weapons";"";"";"Wild Staff";"T4_2H_WILDSTAFF";"[T4] Adept's Wild Staff";"";"";"";"";"";"";""
"Weapons";"";"";"Wildfire Orb";"T4_ARTEFACT_MAIN_FIRESTAFF_KEEPER";"[T4] Adept's Wildfire Orb";"";"";"";"";"";"";""
"Weapons";"";"";"Wildfire Staff";"T4_MAIN_FIRESTAFF_KEEPER";"[T4] Adept's Wildfire Staff";"";"";"";"";"";"";""
"Weapons";"";"";"Windborne Crystal";"T4_ARTEFACT_2H_BOW_CRYSTAL";"[T4] Adept's Windborne Crystal";"";"";"";"";"";"";""
"Weapons";"";"";"Witchwork Staff";"T4_MAIN_ARCANESTAFF_UNDEAD";"[T4] Adept's Witchwork Staff";"";"";"";"";"";"";""
